"Car","Class","Driver","Lap","Lap Time","Session Time","Flag","Location","S01","S02","S03","S04","S05","S06","S07","S08","SPO"
"60","P","Oswaldo Negri","1","1:35.116","1:45.355","Green","Track","2.645","0.000","0.000","27.314","20.352","14.778","8.391","10.289","0.000"
"70","P","Tom Long","1","1:44.013","1:52.269","Green","Track","3.234","4.161","7.714","30.363","22.140","16.371","9.211","10.819","15.949"
"4","GTLM","Oliver Gavin","1","1:40.468","1:59.984","Green","Track","2.405","0.000","0.000","29.655","22.023","15.695","9.038","11.030","0.000"
"90","P","Marc Goossens","1","1:48.699","2:00.599","Green","Track","5.456","1.002","8.546","31.700","23.292","16.965","10.468","11.270","66.231"
"3","GTLM","Jan Magnussen","1","1:40.842","2:03.215","Green","Track","2.402","0.000","0.000","29.915","21.745","15.447","9.040","11.036","0.000"
"68","GTLM","Daniel Serra","1","1:40.717","2:04.183","Green","Track","2.457","0.000","0.000","29.645","21.608","15.652","9.096","11.022","0.000"
"25","GTLM","Bill Auberlen","1","1:40.337","2:04.777","Green","Track","5.329","0.000","0.000","29.320","21.471","15.831","8.995","11.067","0.000"
"100","GTLM","John Edwards","1","1:40.834","2:06.319","Green","Track","5.286","0.928","7.227","28.749","21.464","15.998","10.081","11.101","71.513"
"912","GTLM","Frederic Makowiecki","1","1:40.490","2:07.435","Green","Track","2.465","0.000","0.000","28.725","21.457","15.665","9.419","11.105","0.000"
"911","GTLM","Patrick Pilet","1","1:39.915","2:07.968","Green","Track","2.453","3.475","7.779","28.713","21.399","15.684","9.338","11.074","19.097"
"62","GTLM","Giancarlo Fisichella","1","1:38.576","2:09.950","Green","Track","4.949","0.908","7.285","28.841","21.989","15.305","8.597","10.702","73.088"
"0","P","Katherine Legge","1","1:44.454","2:14.405","Green","Track","2.494","0.000","0.000","29.190","22.358","18.505","9.720","10.884","0.000"
"66","GTLM","Dirk Muller","1","1:40.819","2:15.133","Green","Track","2.421","0.000","0.000","29.264","21.807","15.564","9.355","11.143","0.000"
"67","GTLM","Ryan Briscoe","1","1:43.078","2:16.345","Green","Track","2.398","0.000","0.000","29.743","22.597","16.424","9.442","11.101","0.000"
"60","P","Oswaldo Negri","2","1:22.573","3:07.928","Green","Track","1.624","0.466","3.889","24.629","19.210","14.414","8.224","10.117","142.411"
"5","P","Christian Fittipaldi","1","1:27.251","3:09.960","Green","Track","1.648","0.478","4.352","26.295","20.618","15.032","8.497","10.331","138.836"
"31","P","Eric Curran","1","1:26.005","3:16.125","Green","Track","1.631","0.467","4.148","26.199","19.562","15.040","8.552","10.406","142.106"
"10","P","Jordan Taylor","1","1:27.360","3:18.436","Green","Track","1.783","0.511","4.528","26.845","19.938","14.603","8.471","10.681","129.870"
"70","P","Tom Long","2","1:28.007","3:20.276","Green","Track","1.624","0.466","4.376","27.064","20.366","15.136","8.264","10.711","142.411"
"4","GTLM","Oliver Gavin","2","1:27.034","3:27.018","Green","Track","1.766","0.507","4.279","26.431","20.089","14.662","8.550","10.750","130.895"
"3","GTLM","Jan Magnussen","2","1:27.383","3:30.598","Green","Track","1.772","0.505","4.164","26.494","20.384","14.664","8.517","10.883","131.413"
"68","GTLM","Daniel Serra","2","1:27.642","3:31.825","Green","Track","1.750","0.495","4.147","26.212","20.176","14.617","8.947","11.298","134.068"
"25","GTLM","Bill Auberlen","2","1:27.824","3:32.601","Green","Track","1.739","0.492","4.188","26.418","20.142","15.089","8.733","11.023","134.885"
"100","GTLM","John Edwards","2","1:26.701","3:33.020","Green","Track","1.751","0.496","4.227","26.098","19.946","14.774","8.607","10.802","133.798"
"912","GTLM","Frederic Makowiecki","2","1:27.267","3:34.702","Green","Track","1.761","0.498","4.125","26.080","20.356","14.977","8.770","10.700","133.260"
"62","GTLM","Giancarlo Fisichella","2","1:25.990","3:35.940","Green","Track","1.743","0.499","3.998","25.524","19.867","14.837","8.622","10.900","132.993"
"911","GTLM","Patrick Pilet","2","1:28.081","3:36.049","Green","Track","1.756","0.499","4.214","26.444","20.328","14.972","8.946","10.922","132.993"
"90","P","Marc Goossens","2","1:37.390","3:37.989","Green","Track","1.656","0.495","5.149","28.819","24.966","16.538","9.054","10.713","134.068"
"66","GTLM","Dirk Muller","2","1:27.282","3:42.415","Green","Track","1.750","0.500","4.261","26.067","20.077","14.479","8.656","11.492","132.727"
"67","GTLM","Ryan Briscoe","2","1:29.091","3:45.436","Green","Track","1.753","0.498","4.303","27.051","20.669","15.235","8.808","10.774","133.260"
"60","P","Oswaldo Negri","3","1:20.736","4:28.664","Green","Track","1.621","0.465","3.871","24.106","18.370","14.029","8.131","10.143","142.717"
"55","P","Tristan Nunez","1","1:39.003","4:29.421","Green","Track","2.459","0.000","0.000","28.813","21.050","15.589","9.267","10.573","0.000"
"5","P","Christian Fittipaldi","2","1:22.280","4:32.240","Green","Track","1.636","0.467","3.999","24.812","18.801","14.207","7.974","10.384","142.106"
"31","P","Eric Curran","2","1:22.041","4:38.166","Green","Track","1.625","0.462","3.836","24.493","18.775","14.492","8.050","10.308","143.644"
"10","P","Jordan Taylor","2","1:23.349","4:41.785","Green","Track","1.694","0.484","4.028","25.250","19.037","14.185","8.234","10.437","137.115"
"70","P","Tom Long","3","1:24.173","4:44.449","Green","Track","1.611","0.466","3.977","25.198","19.220","14.229","8.219","11.253","142.411"
"4","GTLM","Oliver Gavin","3","1:25.845","4:52.863","Green","Track","1.753","0.508","4.144","25.843","19.875","14.519","8.487","10.716","130.637"
"3","GTLM","Jan Magnussen","3","1:26.174","4:56.772","Green","Track","1.760","0.501","4.011","26.026","19.975","14.510","8.492","10.899","132.462"
"100","GTLM","John Edwards","3","1:26.382","4:59.402","Green","Track","1.731","0.490","4.067","26.071","19.876","14.754","8.458","10.935","135.436"
"25","GTLM","Bill Auberlen","3","1:27.758","5:00.359","Green","Track","1.728","0.489","4.009","27.138","20.046","14.850","8.591","10.907","135.713"
"62","GTLM","Giancarlo Fisichella","3","1:25.096","5:01.036","Green","Track","1.730","0.493","3.922","25.640","19.643","14.326","8.401","10.941","134.612"
"912","GTLM","Frederic Makowiecki","3","1:26.366","5:01.068","Green","Track","1.759","0.497","4.052","25.716","19.875","14.755","8.560","11.152","133.528"
"911","GTLM","Patrick Pilet","3","1:26.897","5:02.946","Green","Track","1.729","0.493","4.296","26.207","20.023","14.876","8.724","10.549","134.612"
"90","P","Marc Goossens","3","1:26.673","5:04.662","Green","Track","1.641","0.466","5.034","26.188","19.738","14.680","8.434","10.492","142.411"
"66","GTLM","Dirk Muller","3","1:24.825","5:07.240","Green","Track","1.738","0.496","4.022","25.509","19.591","14.381","8.450","10.638","133.798"
"67","GTLM","Ryan Briscoe","3","1:26.449","5:11.885","Green","Track","1.748","0.498","4.127","25.943","20.038","14.673","8.612","10.810","133.260"
"60","P","Oswaldo Negri","4","1:19.514","5:48.178","Green","Track","1.620","0.463","3.828","24.108","18.064","13.581","7.736","10.114","143.334"
"55","P","Tristan Nunez","2","1:24.235","5:53.656","Green","Track","1.611","0.462","4.215","25.874","19.402","14.306","8.208","10.157","143.644"
"5","P","Christian Fittipaldi","3","1:22.140","5:54.380","Green","Track","1.633","0.468","3.848","24.363","18.912","14.638","7.994","10.284","141.803"
"31","P","Eric Curran","3","1:21.343","5:59.509","Green","Track","1.627","0.467","3.826","24.392","18.609","14.162","8.092","10.168","142.106"
"10","P","Jordan Taylor","3","1:20.453","6:02.238","Green","Track","1.637","0.466","3.767","24.391","18.448","13.634","7.924","10.186","142.411"
"70","P","Tom Long","4","1:20.921","6:05.370","Green","Track","1.603","0.460","3.892","24.267","18.733","14.061","7.853","10.052","144.269"
"4","GTLM","Oliver Gavin","4","1:24.718","6:17.581","Green","Track","1.759","0.501","4.103","25.605","19.450","14.277","8.313","10.710","132.462"
"3","GTLM","Jan Magnussen","4","1:25.640","6:22.412","Green","Track","1.752","0.498","4.010","25.828","19.867","14.419","8.476","10.790","133.260"
"100","GTLM","John Edwards","4","1:25.563","6:24.965","Green","Track","1.739","0.493","4.053","25.696","19.709","14.616","8.426","10.831","134.612"
"62","GTLM","Giancarlo Fisichella","4","1:25.245","6:26.281","Green","Track","1.748","0.500","3.979","25.980","19.577","14.397","8.277","10.787","132.727"
"25","GTLM","Bill Auberlen","4","1:27.678","6:28.037","Green","Track","1.732","0.491","3.973","26.865","20.036","14.909","8.635","11.037","135.160"
"911","GTLM","Patrick Pilet","4","1:25.800","6:28.746","Green","Track","1.749","0.496","4.096","25.814","19.705","14.581","8.727","10.632","133.798"
"90","P","Marc Goossens","4","1:24.161","6:28.823","Green","Track","1.630","0.461","4.030","25.280","19.282","14.368","8.667","10.443","143.956"
"912","GTLM","Frederic Makowiecki","4","1:30.317","6:31.385","Green","Track","1.800","0.575","5.249","28.790","20.139","14.510","8.646","10.608","115.415"
"66","GTLM","Dirk Muller","4","1:24.598","6:31.838","Green","Track","1.734","0.494","3.986","25.405","19.445","14.119","8.706","10.709","134.339"
"68","GTLM","Daniel Serra","3","3:02.713","6:34.538","Green","Pit","1.756","0.496","4.111","25.868","19.846","14.340","10.026","106.270","133.798"
"67","GTLM","Ryan Briscoe","4","1:25.071","6:36.956","Green","Track","1.752","0.497","4.037","25.605","19.698","14.255","8.457","10.770","133.528"
"60","P","Oswaldo Negri","5","1:19.065","7:07.243","Green","Track","1.610","0.462","3.767","23.824","17.893","13.657","7.752","10.100","143.644"
"5","P","Christian Fittipaldi","4","1:20.620","7:15.000","Green","Track","1.623","0.469","3.831","24.360","18.420","13.860","7.870","10.187","141.500"
"31","P","Eric Curran","4","1:20.585","7:20.094","Green","Track","1.607","0.466","3.752","24.170","18.310","14.096","8.008","10.176","142.411"
"10","P","Jordan Taylor","4","1:19.444","7:21.682","Green","Track","1.617","0.463","3.713","23.969","18.201","13.499","7.847","10.135","143.334"
"70","P","Tom Long","5","1:19.567","7:24.937","Green","Track","1.594","0.459","3.775","23.903","18.139","13.901","7.819","9.977","144.583"
"4","GTLM","Oliver Gavin","5","1:24.195","7:41.776","Green","Track","1.748","0.505","4.005","25.420","19.395","14.065","8.324","10.733","131.413"
"3","GTLM","Jan Magnussen","5","1:25.561","7:47.973","Green","Track","1.749","0.498","3.968","25.784","19.753","14.549","8.450","10.810","133.260"
"100","GTLM","John Edwards","5","1:25.929","7:50.894","Green","Track","1.734","0.492","4.020","25.745","19.561","14.572","8.355","11.450","134.885"
"62","GTLM","Giancarlo Fisichella","5","1:24.644","7:50.925","Green","Track","1.742","0.497","3.991","25.439","19.531","14.387","8.359","10.698","133.528"
"90","P","Marc Goossens","5","1:23.349","7:52.172","Green","Track","1.612","0.458","3.882","25.742","19.114","14.064","8.132","10.345","144.899"
"911","GTLM","Patrick Pilet","5","1:26.263","7:55.009","Green","Track","1.765","0.500","4.108","26.059","20.233","14.426","8.572","10.600","132.727"
"912","GTLM","Frederic Makowiecki","5","1:26.303","7:57.688","Green","Track","1.744","0.496","3.982","25.366","20.823","14.666","8.576","10.650","133.798"
"55","P","Tristan Nunez","3","2:05.794","7:59.450","Green","Pit","1.596","0.458","3.945","24.173","18.364","13.914","9.008","54.336","144.899"
"66","GTLM","Dirk Muller","5","1:28.849","8:00.687","Green","Track","1.726","0.492","3.979","27.175","21.596","14.615","8.514","10.752","134.885"
"67","GTLM","Ryan Briscoe","5","1:25.163","8:02.119","Green","Track","1.751","0.498","4.018","25.584","19.756","14.467","8.364","10.725","133.260"
"68","GTLM","Daniel Serra","4","1:39.841","8:14.379","Green","Track","2.447","0.000","0.000","29.459","21.534","15.645","8.924","10.887","0.000"
"0","P","Katherine Legge","2","6:00.083","8:14.488","Green","Pit","1.744","0.545","5.010","28.676","21.438","16.969","12.445","273.256","121.768"
"5","P","Christian Fittipaldi","5","1:19.705","8:34.705","Green","Track","1.625","0.468","3.760","24.029","18.231","13.518","7.823","10.251","141.803"
"31","P","Eric Curran","5","1:20.863","8:40.957","Green","Track","1.607","0.461","3.777","24.422","18.364","14.029","8.027","10.176","143.956"
"70","P","Tom Long","6","1:19.112","8:44.049","Green","Track","1.593","0.457","3.747","23.916","18.131","13.450","7.759","10.059","145.216"
"10","P","Jordan Taylor","5","1:28.223","8:49.905","Green","Track","1.619","0.463","3.819","24.102","18.279","14.649","14.777","10.515","143.334"
"4","GTLM","Oliver Gavin","6","1:24.548","9:06.324","Green","Track","1.746","0.503","4.006","25.494","19.494","14.127","8.217","10.961","131.936"
"3","GTLM","Jan Magnussen","6","1:25.241","9:13.214","Green","Track","1.739","0.496","3.972","25.682","19.663","14.421","8.483","10.785","133.798"
"90","P","Marc Goossens","6","1:23.123","9:15.295","Green","Track","1.609","0.454","3.853","25.194","18.909","14.401","8.348","10.355","146.175"
"62","GTLM","Giancarlo Fisichella","6","1:24.394","9:15.319","Green","Track","1.734","0.497","3.943","25.401","19.419","14.365","8.323","10.712","133.528"
"911","GTLM","Patrick Pilet","6","1:25.328","9:20.337","Green","Track","1.745","0.497","3.985","25.619","19.550","14.501","8.578","10.853","133.528"
"912","GTLM","Frederic Makowiecki","6","1:24.830","9:22.518","Green","Track","1.746","0.496","4.012","25.291","19.575","14.436","8.492","10.782","133.798"
"66","GTLM","Dirk Muller","6","1:24.053","9:24.740","Green","Track","1.734","0.494","4.025","25.357","19.355","14.250","8.332","10.506","134.339"
"55","P","Tristan Nunez","4","1:38.919","9:38.369","Green","Track","2.495","0.000","0.000","28.809","20.342","15.529","8.765","10.530","0.000"
"68","GTLM","Daniel Serra","5","1:25.946","9:40.325","Green","Track","1.753","0.495","4.161","25.951","19.827","14.601","8.474","10.684","134.068"
"0","P","Katherine Legge","3","1:36.352","9:50.840","Green","Track","2.490","0.000","0.000","27.395","20.343","15.829","8.863","10.447","0.000"
"25","GTLM","Bill Auberlen","5","3:28.840","9:56.877","Green","Pit","1.740","0.493","4.010","26.516","21.017","15.165","10.319","129.580","134.612"
"5","P","Christian Fittipaldi","6","1:23.366","9:58.071","Green","Track","1.626","0.468","3.761","24.833","19.811","14.685","7.946","10.236","141.803"
"31","P","Eric Curran","6","1:20.232","10:01.189","Green","Track","1.613","0.462","3.769","24.066","18.336","13.894","7.885","10.207","143.644"
"70","P","Tom Long","7","1:19.251","10:03.300","Green","Track","1.600","0.461","3.741","23.808","18.220","13.499","7.741","10.181","143.956"
"10","P","Jordan Taylor","6","1:20.024","10:09.929","Green","Track","1.626","0.465","3.741","24.338","18.284","13.629","7.756","10.185","142.717"
"90","P","Marc Goossens","7","1:22.046","10:37.341","Green","Track","1.619","0.469","3.780","24.748","18.950","13.949","8.122","10.409","141.500"
"62","GTLM","Giancarlo Fisichella","7","1:24.495","10:39.814","Green","Track","1.757","0.499","3.978","25.527","19.498","14.265","8.337","10.634","132.993"
"911","GTLM","Patrick Pilet","7","1:24.977","10:45.314","Green","Track","1.758","0.500","4.001","25.581","19.635","14.484","8.526","10.492","132.727"
"912","GTLM","Frederic Makowiecki","7","1:24.508","10:47.026","Green","Track","1.758","0.498","3.970","25.143","19.561","14.541","8.500","10.537","133.260"
"55","P","Tristan Nunez","5","1:24.206","11:02.575","Green","Track","1.604","0.459","4.043","25.272","19.805","14.717","8.246","10.060","144.583"
"68","GTLM","Daniel Serra","6","1:24.286","11:04.611","Green","Track","1.750","0.494","4.039","25.395","19.397","14.427","8.270","10.514","134.339"
"0","P","Katherine Legge","4","1:25.874","11:16.714","Green","Track","1.580","0.452","3.901","25.649","20.196","15.360","8.434","10.302","146.822"
"5","P","Christian Fittipaldi","7","1:19.776","11:17.847","Green","Track","1.626","0.467","3.766","24.134","18.257","13.615","7.722","10.189","142.106"
"31","P","Eric Curran","7","1:20.613","11:21.802","Green","Track","1.618","0.462","3.773","24.110","18.446","14.036","7.948","10.220","143.644"
"70","P","Tom Long","8","1:19.121","11:22.421","Green","Track","1.600","0.461","3.738","23.856","18.200","13.575","7.698","9.993","143.956"
"10","P","Jordan Taylor","7","1:20.513","11:30.442","Green","Track","1.623","0.465","3.727","24.074","19.002","13.597","7.851","10.174","142.717"
"25","GTLM","Bill Auberlen","6","1:39.096","11:35.973","Green","Track","5.127","0.000","0.000","29.357","21.763","15.631","8.887","11.031","0.000"
"60","P","Oswaldo Negri","6","4:42.169","11:49.412","Green","Pit","1.609","0.464","3.747","24.805","18.959","14.395","9.941","208.249","143.025"
"100","GTLM","John Edwards","6","3:58.973","11:49.867","Green","Pit","1.776","0.501","4.179","25.924","19.951","14.710","9.823","162.109","132.462"
"90","P","Marc Goossens","8","1:22.098","11:59.439","Green","Track","1.630","0.464","3.799","24.835","19.032","13.900","8.092","10.346","143.025"
"62","GTLM","Giancarlo Fisichella","8","1:26.439","12:06.253","Green","Track","1.741","0.497","3.991","25.487","19.433","14.713","9.639","10.938","133.528"
"911","GTLM","Patrick Pilet","8","1:25.082","12:10.396","Green","Track","1.740","0.498","4.001","25.434","19.472","14.668","8.556","10.713","133.260"
"912","GTLM","Frederic Makowiecki","8","1:24.797","12:11.823","Green","Track","1.741","0.496","3.990","25.508","19.505","14.467","8.480","10.610","133.798"
"55","P","Tristan Nunez","6","1:20.245","12:22.820","Green","Track","1.596","0.458","3.831","24.221","18.517","13.609","7.857","10.156","144.899"
"3","GTLM","Jan Magnussen","7","3:13.951","12:27.165","Green","Pit","1.745","0.498","3.998","25.762","19.804","14.716","9.741","117.687","133.260"
"68","GTLM","Daniel Serra","7","1:23.504","12:28.115","Green","Track","1.747","0.495","3.966","25.268","19.256","13.970","8.243","10.559","134.068"
"0","P","Katherine Legge","5","1:23.822","12:40.536","Green","Track","1.567","0.454","3.721","24.883","19.617","15.097","8.322","10.161","146.175"
"10","P","Jordan Taylor","8","1:19.833","12:50.275","Green","Track","1.618","0.463","3.728","24.085","18.329","13.572","7.839","10.199","143.334"
"25","GTLM","Bill Auberlen","7","1:26.486","13:02.459","Green","Track","1.750","0.496","4.044","26.238","19.951","14.700","8.490","10.817","133.798"
"60","P","Oswaldo Negri","7","1:27.415","13:16.827","Green","Track","2.468","0.000","0.000","24.909","18.678","14.224","7.997","10.179","0.000"
"90","P","Marc Goossens","9","1:21.302","13:20.741","Green","Track","1.623","0.464","3.781","24.532","18.754","13.728","8.055","10.365","143.025"
"100","GTLM","John Edwards","7","1:38.492","13:28.359","Green","Track","5.308","0.000","0.000","29.677","21.150","15.279","8.760","10.877","0.000"
"62","GTLM","Giancarlo Fisichella","9","1:24.580","13:30.833","Green","Track","1.743","0.497","3.949","25.517","19.541","14.344","8.355","10.634","133.528"
"911","GTLM","Patrick Pilet","9","1:25.135","13:35.531","Green","Track","1.752","0.500","4.055","25.620","19.505","14.544","8.547","10.612","132.727"
"912","GTLM","Frederic Makowiecki","9","1:24.985","13:36.808","Green","Track","1.745","0.494","3.969","25.468","19.554","14.603","8.505","10.647","134.339"
"55","P","Jonathan Bomarito","7","1:19.010","13:41.830","Green","Track","1.600","0.459","3.786","23.874","18.118","13.500","7.590","10.083","144.583"
"68","GTLM","Daniel Serra","8","1:23.449","13:51.564","Green","Track","1.744","0.493","3.978","25.061","19.301","14.162","8.191","10.519","134.612"
"3","GTLM","Jan Magnussen","8","1:32.709","13:59.874","Green","Track","2.407","0.000","0.000","26.512","20.111","14.774","8.568","10.889","0.000"
"0","P","Katherine Legge","6","1:21.921","14:02.457","Green","Track","1.574","0.451","3.819","24.918","18.795","14.105","8.184","10.075","147.148"
"10","P","Jordan Taylor","9","1:19.710","14:09.985","Green","Track","1.619","0.464","3.703","24.027","18.095","13.616","7.999","10.187","143.025"
"25","GTLM","Bill Auberlen","8","1:25.549","14:28.008","Green","Track","1.746","0.494","3.969","25.631","19.867","14.522","8.417","10.903","134.339"
"60","P","Oswaldo Negri","8","1:19.955","14:36.782","Green","Track","1.613","0.463","3.830","24.156","18.158","13.740","7.828","10.167","143.334"
"90","P","Marc Goossens","10","1:21.113","14:41.854","Green","Track","1.621","0.467","3.777","24.451","18.676","13.811","8.022","10.288","142.106"
"100","GTLM","John Edwards","8","1:25.082","14:53.441","Green","Track","1.748","0.495","4.092","25.562","19.598","14.537","8.353","10.697","134.068"
"911","GTLM","Patrick Pilet","10","1:25.036","15:00.567","Green","Track","1.747","0.497","4.020","25.522","19.540","14.498","8.558","10.654","133.528"
"912","GTLM","Frederic Makowiecki","10","1:25.610","15:02.418","Green","Track","1.741","0.497","3.947","25.566","19.944","14.606","8.550","10.759","133.528"
"4","GTLM","Oliver Gavin","7","6:06.448","15:12.772","Green","Pit","1.753","0.498","4.010","25.441","19.422","14.252","10.149","290.923","133.260"
"68","GTLM","Daniel Serra","9","1:23.121","15:14.685","Green","Track","1.749","0.494","3.971","24.963","19.077","14.130","8.196","10.541","134.339"
"0","P","Katherine Legge","7","1:22.662","15:25.119","Green","Track","1.568","0.447","3.733","24.631","19.147","14.438","8.502","10.196","148.465"
"3","GTLM","Jan Magnussen","9","1:26.915","15:26.789","Green","Track","1.748","0.497","3.995","25.972","20.094","15.019","8.656","10.934","133.528"
"67","GTLM","Ryan Briscoe","6","7:52.400","15:54.519","Green","Pit","1.746","0.498","4.042","25.526","20.045","16.044","10.595","393.904","133.260"
"60","P","Oswaldo Negri","9","1:20.082","15:56.864","Green","Track","1.612","0.462","3.822","24.070","17.976","13.903","8.032","10.205","143.644"
"25","GTLM","Bill Auberlen","9","1:30.294","15:58.302","Green","Track","1.756","0.496","3.935","29.107","20.098","15.103","9.009","10.790","133.798"
"100","GTLM","John Edwards","9","1:24.472","16:17.913","Green","Track","1.743","0.493","4.024","25.516","19.380","14.305","8.304","10.707","134.612"
"911","GTLM","Patrick Pilet","11","1:25.179","16:25.746","Green","Track","1.748","0.498","4.046","25.680","19.618","14.422","8.517","10.650","133.260"
"912","GTLM","Frederic Makowiecki","11","1:25.000","16:27.418","Green","Track","1.747","0.495","4.010","25.382","19.543","14.563","8.524","10.736","134.068"
"70","P","Tom Long","9","5:08.082","16:30.503","Green","Pit","1.590","0.458","3.710","24.106","18.551","14.597","10.404","234.666","144.899"
"68","GTLM","Daniel Serra","10","1:23.853","16:38.538","Green","Track","1.749","0.493","3.969","25.068","19.362","14.336","8.249","10.627","134.612"
"4","GTLM","Oliver Gavin","8","1:31.609","16:44.381","Green","Track","2.407","0.000","0.000","26.557","19.865","14.460","8.395","10.730","0.000"
"0","P","Katherine Legge","8","1:21.108","16:46.227","Green","Track","1.562","0.449","3.723","24.634","18.424","14.072","8.203","10.041","147.803"
"3","GTLM","Jan Magnussen","10","1:26.216","16:53.005","Green","Track","1.741","0.496","3.971","25.822","19.903","14.706","8.518","11.059","133.798"
"60","P","Oswaldo Negri","10","1:19.398","17:16.262","Green","Track","1.614","0.464","3.826","23.972","18.015","13.622","7.771","10.114","143.025"
"25","GTLM","Bill Auberlen","10","1:24.398","17:22.700","Green","Track","1.734","0.491","3.979","25.443","19.436","14.301","8.405","10.609","135.160"
"67","GTLM","Ryan Briscoe","7","1:33.217","17:27.736","Green","Track","2.390","0.000","0.000","26.864","20.229","14.556","8.534","10.694","0.000"
"100","GTLM","John Edwards","10","1:23.990","17:41.903","Green","Track","1.734","0.492","3.947","25.147","19.323","14.286","8.359","10.702","134.885"
"911","GTLM","Patrick Pilet","12","1:24.767","17:50.513","Green","Track","1.748","0.498","4.032","25.437","19.583","14.281","8.586","10.602","133.260"
"912","GTLM","Frederic Makowiecki","12","1:24.743","17:52.161","Green","Track","1.747","0.495","3.994","25.306","19.538","14.451","8.543","10.669","134.068"
"70","P","Tom Long","10","1:27.767","17:58.270","Green","Track","2.446","3.392","5.772","25.561","18.731","13.976","7.943","9.946","19.565"
"4","GTLM","Oliver Gavin","9","1:24.713","18:09.094","Green","Track","1.755","0.503","4.025","25.608","19.543","14.174","8.429","10.676","131.936"
"3","GTLM","Jan Magnussen","11","1:25.978","18:18.983","Green","Track","1.747","0.497","3.962","25.856","19.851","14.619","8.478","10.968","133.528"
"55","P","Jonathan Bomarito","8","4:47.772","18:29.602","Green","Pit","1.595","0.460","3.748","23.580","18.002","14.278","9.145","216.964","144.269"
"25","GTLM","Bill Auberlen","11","1:24.393","18:47.093","Green","Track","1.731","0.491","3.948","25.356","19.397","14.463","8.308","10.699","135.160"
"62","GTLM","Giancarlo Fisichella","10","5:23.286","18:54.119","Green","Pit","1.736","0.496","3.968","25.515","19.582","14.736","9.712","247.541","133.798"
"67","GTLM","Ryan Briscoe","8","1:27.632","18:55.368","Green","Track","1.749","0.496","3.968","26.717","20.625","14.851","8.464","10.762","133.798"
"100","GTLM","John Edwards","11","1:24.314","19:06.217","Green","Track","1.733","0.492","3.950","25.266","19.328","14.447","8.346","10.752","134.885"
"5","P","Christian Fittipaldi","8","7:55.264","19:13.111","Green","Pit","1.606","0.466","3.723","24.101","19.065","14.070","9.642","402.591","142.411"
"911","GTLM","Patrick Pilet","13","1:25.136","19:15.649","Green","Track","1.749","0.499","4.008","25.516","19.560","14.570","8.615","10.619","132.993"
"912","GTLM","Frederic Makowiecki","13","1:24.969","19:17.130","Green","Track","1.742","0.494","3.962","25.317","19.717","14.550","8.517","10.670","134.339"
"70","P","Tom Long","11","1:19.873","19:18.143","Green","Track","1.588","0.458","3.792","23.707","18.311","14.073","7.853","10.091","144.899"
"4","GTLM","Oliver Gavin","10","1:25.417","19:34.511","Green","Track","1.748","0.505","3.955","25.783","19.601","14.652","8.466","10.707","131.413"
"31","P","Eric Curran","8","8:16.648","19:38.450","Green","Pit","1.619","0.459","3.728","24.058","18.445","14.957","10.183","423.199","144.583"
"3","GTLM","Jan Magnussen","12","1:25.865","19:44.848","Green","Track","1.740","0.497","3.958","25.847","19.911","14.567","8.468","10.877","133.528"
"68","GTLM","Daniel Serra","11","3:14.023","19:52.561","Green","Pit","1.750","0.494","4.028","25.556","19.664","14.468","10.549","117.514","134.339"
"55","P","Jonathan Bomarito","9","1:29.646","19:59.248","Green","Track","2.406","0.000","0.000","26.187","19.000","14.040","7.857","9.995","0.000"
"90","P","Marc Goossens","11","5:21.407","20:03.261","Green","Pit","1.618","0.467","3.746","24.744","18.693","13.828","9.005","249.306","142.106"
"25","GTLM","Bill Auberlen","12","1:24.531","20:11.624","Green","Track","1.735","0.492","3.958","25.405","19.409","14.376","8.426","10.730","134.885"
"67","GTLM","Ryan Briscoe","9","1:25.121","20:20.489","Green","Track","1.754","0.500","4.088","25.704","19.678","14.242","8.452","10.703","132.727"
"62","GTLM","Giancarlo Fisichella","11","1:32.840","20:26.959","Green","Track","5.153","0.817","6.205","26.645","20.341","14.459","8.557","10.663","81.228"
"100","GTLM","John Edwards","12","1:24.451","20:30.668","Green","Track","1.730","0.491","3.928","25.459","19.350","14.360","8.352","10.781","135.160"
"10","P","Jordan Taylor","10","6:23.775","20:33.760","Green","Pit","1.616","0.463","3.769","24.244","18.257","13.690","9.159","312.577","143.334"
"70","P","Tom Long","12","1:20.711","20:38.854","Green","Track","1.593","0.459","3.763","24.696","18.887","13.596","7.711","10.006","144.583"
"66","GTLM","Dirk Muller","7","11:15.856","20:40.596","Green","Pit","1.727","0.492","4.005","25.596","19.788","14.831","10.597","598.820","134.885"
"911","GTLM","Patrick Pilet","14","1:26.184","20:41.833","Green","Track","1.744","0.495","4.047","25.963","19.890","14.708","8.699","10.638","134.068"
"912","GTLM","Frederic Makowiecki","14","1:26.138","20:43.268","Green","Track","1.741","0.495","3.984","25.493","20.594","14.574","8.554","10.703","134.068"
"5","P","Christian Fittipaldi","9","1:31.829","20:44.940","Green","Track","2.606","0.000","0.000","27.988","19.275","14.164","7.963","10.260","0.000"
"0","P","Katherine Legge","9","4:08.736","20:54.963","Green","Pit","1.558","0.450","3.782","25.578","19.487","14.710","11.137","172.034","147.475"
"4","GTLM","Oliver Gavin","11","1:24.738","20:59.249","Green","Track","1.750","0.505","3.970","25.622","19.549","14.278","8.418","10.646","131.413"
"31","P","Eric Curran","9","1:31.855","21:10.305","Green","Track","2.490","0.000","0.000","26.701","19.514","14.667","8.386","10.244","0.000"
"60","P","Oswaldo Negri","11","3:55.141","21:11.403","Green","Pit","1.613","0.464","3.780","24.708","18.635","13.755","9.510","162.676","143.025"
"55","P","Jonathan Bomarito","10","1:18.990","21:18.238","Green","Track","1.588","0.456","3.749","23.844","18.216","13.458","7.710","9.969","145.534"
"68","GTLM","Daniel Serra","12","1:36.164","21:28.725","Green","Track","2.441","0.000","0.000","28.313","20.516","15.216","8.804","10.703","0.000"
"90","P","Marc Goossens","12","1:29.816","21:33.077","Green","Track","5.146","0.870","6.322","25.652","19.328","14.124","8.053","10.321","76.280"
"25","GTLM","Bill Auberlen","13","1:24.521","21:36.145","Green","Track","1.731","0.490","3.939","25.442","19.412","14.384","8.367","10.756","135.436"
"62","GTLM","Giancarlo Fisichella","12","1:23.471","21:50.430","Green","Track","1.748","0.499","3.982","25.061","19.297","14.056","8.224","10.604","132.993"
"70","P","Tom Long","13","1:18.832","21:57.686","Green","Track","1.594","0.460","3.722","23.713","18.179","13.403","7.709","10.052","144.269"
"10","P","Jordan Taylor","11","1:27.503","22:01.263","Green","Track","5.117","0.833","5.645","25.179","18.846","13.730","7.924","10.229","79.668"
"5","P","Christian Fittipaldi","10","1:21.840","22:06.780","Green","Track","1.614","0.465","3.791","24.503","19.103","13.955","8.063","10.346","142.717"
"911","GTLM","Patrick Pilet","15","1:25.523","22:07.356","Green","Track","1.746","0.496","4.031","25.575","19.732","14.443","8.646","10.854","133.798"
"912","GTLM","Frederic Makowiecki","15","1:25.482","22:08.750","Green","Track","1.741","0.494","4.005","25.413","20.002","14.627","8.523","10.677","134.339"
"66","GTLM","Dirk Muller","8","1:35.129","22:15.725","Green","Track","2.402","0.000","0.000","29.065","20.439","14.674","8.609","10.683","0.000"
"0","P","Katherine Legge","10","1:35.598","22:30.561","Green","Track","2.492","0.000","0.000","26.972","20.022","15.157","8.589","10.199","0.000"
"31","P","Eric Curran","10","1:21.860","22:32.165","Green","Track","1.620","0.465","3.967","24.155","18.827","14.390","8.207","10.229","142.717"
"55","P","Jonathan Bomarito","11","1:19.024","22:37.262","Green","Track","1.593","0.457","3.731","23.752","18.455","13.440","7.576","10.020","145.216"
"60","P","Oswaldo Negri","12","1:38.298","22:49.701","Green","Track","2.486","0.000","0.000","29.504","20.770","15.556","9.095","10.507","0.000"
"90","P","Marc Goossens","13","1:21.220","22:54.297","Green","Track","1.622","0.466","3.836","24.524","18.655","13.828","7.957","10.332","142.411"
"68","GTLM","Daniel Serra","13","1:27.598","22:56.323","Green","Track","1.748","0.498","4.068","25.350","20.905","15.497","8.649","10.883","133.260"
"70","P","Tom Long","14","1:18.890","23:16.576","Green","Track","1.596","0.460","3.738","23.770","18.188","13.482","7.608","10.048","144.269"
"62","GTLM","Giancarlo Fisichella","13","1:27.957","23:18.387","Green","Track","1.749","0.500","3.902","27.547","19.522","14.210","9.764","10.763","132.727"
"10","P","Jordan Taylor","12","1:21.886","23:23.149","Green","Track","1.618","0.463","3.703","24.172","18.343","15.246","8.085","10.256","143.334"
"5","P","Christian Fittipaldi","11","1:21.564","23:28.344","Green","Track","1.623","0.468","3.783","24.176","19.182","14.140","7.916","10.276","141.803"
"911","GTLM","Patrick Pilet","16","1:25.317","23:32.673","Green","Track","1.744","0.495","4.005","25.593","19.790","14.506","8.589","10.595","134.068"
"912","GTLM","Frederic Makowiecki","16","1:25.696","23:34.446","Green","Track","1.738","0.494","4.001","25.386","19.701","15.112","8.550","10.714","134.339"
"3","GTLM","Jan Magnussen","13","3:53.102","23:37.950","Green","Pit","1.740","0.496","3.990","25.935","20.192","15.083","9.822","155.844","133.798"
"66","GTLM","Dirk Muller","9","1:24.071","23:39.796","Green","Track","1.740","0.497","4.051","25.350","19.376","14.142","8.445","10.470","133.528"
"31","P","Eric Curran","11","1:21.179","23:53.344","Green","Track","1.606","0.460","3.759","24.290","18.661","14.175","8.070","10.158","144.269"
"55","P","Jonathan Bomarito","12","1:18.139","23:55.401","Green","Track","1.599","0.459","3.715","23.602","17.938","13.244","7.547","10.035","144.583"
"60","P","Oswaldo Negri","13","1:23.907","24:13.608","Green","Track","1.617","0.466","4.155","25.696","19.157","14.517","8.054","10.245","142.411"
"90","P","Marc Goossens","14","1:20.783","24:15.080","Green","Track","1.628","0.468","3.762","24.446","18.475","13.765","7.921","10.318","141.803"
"68","GTLM","Daniel Serra","14","1:23.375","24:19.698","Green","Track","1.739","0.494","3.936","25.064","19.346","13.961","8.394","10.441","134.339"
"70","P","Tom Long","15","1:20.780","24:37.356","Green","Track","1.597","0.460","3.688","24.640","18.595","13.866","7.796","10.138","144.269"
"62","GTLM","Giancarlo Fisichella","14","1:23.734","24:42.121","Green","Track","1.744","0.499","3.917","25.150","19.635","14.041","8.182","10.566","132.993"
"10","P","Jordan Taylor","13","1:20.547","24:43.696","Green","Track","1.623","0.464","3.753","24.353","18.481","13.824","7.770","10.279","143.025"
"5","P","Christian Fittipaldi","12","1:20.361","24:48.705","Green","Track","1.624","0.467","3.778","24.243","18.422","13.701","7.842","10.284","142.106"
"0","P","Katherine Legge","11","2:23.408","24:53.969","Green","Pit","1.560","0.448","3.708","24.668","18.821","14.212","10.790","69.201","148.133"
"912","GTLM","Frederic Makowiecki","17","1:25.314","24:59.760","Green","Track","1.744","0.495","3.991","25.543","19.696","14.659","8.450","10.736","134.068"
"66","GTLM","Dirk Muller","10","1:23.928","25:03.724","Green","Track","1.743","0.498","3.981","25.265","19.360","14.163","8.374","10.544","133.260"
"31","P","Eric Curran","12","1:20.753","25:14.097","Green","Track","1.604","0.462","3.797","24.126","18.576","14.056","7.885","10.247","143.644"
"3","GTLM","Jan Magnussen","14","1:41.113","25:19.063","Green","Track","2.441","0.000","0.000","28.664","22.345","16.796","9.046","10.977","0.000"
"4","GTLM","Oliver Gavin","12","4:19.842","25:19.091","Green","Pit","1.749","0.504","4.023","26.327","19.785","14.615","10.279","182.560","131.674"
"25","GTLM","Bill Auberlen","14","3:49.775","25:25.920","Green","Pit","1.736","0.492","3.980","25.761","20.168","15.118","10.152","152.368","134.885"
"60","P","Oswaldo Negri","14","1:19.923","25:33.531","Green","Track","1.624","0.463","3.836","24.316","18.198","13.707","7.759","10.020","143.334"
"90","P","Marc Goossens","15","1:20.775","25:35.855","Green","Track","1.625","0.463","3.715","24.357","18.557","13.727","7.972","10.359","143.334"
"68","GTLM","Daniel Serra","15","1:22.981","25:42.679","Green","Track","1.739","0.493","3.992","25.000","19.241","13.949","8.128","10.439","134.612"
"70","P","Tom Long","16","1:19.385","25:56.741","Green","Track","1.593","0.461","3.734","24.029","18.248","13.585","7.607","10.128","143.956"
"62","GTLM","Giancarlo Fisichella","15","1:23.464","26:05.585","Green","Track","1.739","0.497","3.925","25.120","19.340","14.065","8.216","10.562","133.528"
"10","P","Jordan Taylor","14","1:21.919","26:05.615","Green","Track","1.625","0.465","3.746","24.460","18.940","14.142","8.330","10.211","142.717"
"5","P","Christian Fittipaldi","13","1:20.388","26:09.093","Green","Track","1.624","0.467","3.775","24.195","18.513","13.711","7.866","10.237","142.106"
"911","GTLM","Patrick Pilet","17","2:42.744","26:15.417","Green","Pit","1.748","0.497","3.993","25.490","19.589","14.424","9.661","87.342","133.528"
"912","GTLM","Frederic Makowiecki","18","1:25.339","26:25.099","Green","Track","1.747","0.494","3.973","25.371","19.736","14.707","8.512","10.799","134.339"
"0","P","Katherine Legge","12","1:38.343","26:32.312","Green","Track","2.444","0.000","0.000","29.466","21.312","15.788","8.667","10.131","0.000"
"31","P","Eric Curran","13","1:20.509","26:34.606","Green","Track","1.607","0.461","3.747","24.026","18.515","14.023","7.960","10.170","143.956"
"3","GTLM","Jan Magnussen","15","1:27.546","26:46.609","Green","Track","1.751","0.499","4.222","26.314","20.201","15.002","8.714","10.843","132.993"
"67","GTLM","Ryan Briscoe","10","6:26.735","26:47.224","Green","Pit","1.745","0.497","4.060","25.691","19.809","14.315","10.844","309.774","133.528"
"4","GTLM","Oliver Gavin","13","1:31.600","26:50.691","Green","Track","2.402","0.000","0.000","26.316","20.100","14.509","8.397","10.794","0.000"
"60","P","Oswaldo Negri","15","1:19.393","26:52.924","Green","Track","1.607","0.464","3.867","23.930","18.165","13.503","7.690","10.167","143.025"
"25","GTLM","Bill Auberlen","15","1:38.297","27:04.217","Green","Track","5.146","0.855","6.045","30.821","20.857","15.162","8.642","10.769","77.618"
"68","GTLM","Daniel Serra","16","1:22.993","27:05.672","Green","Track","1.736","0.492","3.958","24.840","19.193","14.029","8.186","10.559","134.885"
"10","P","Jordan Taylor","15","1:20.763","27:26.378","Green","Track","1.606","0.460","3.761","24.448","18.622","13.776","7.825","10.265","144.269"
"62","GTLM","Giancarlo Fisichella","16","1:23.641","27:29.226","Green","Track","1.752","0.497","4.002","25.247","19.391","13.952","8.227","10.573","133.528"
"5","P","Christian Fittipaldi","14","1:24.339","27:33.432","Green","Track","1.615","0.463","3.735","24.363","18.533","13.726","11.451","10.453","143.334"
"911","GTLM","Patrick Pilet","18","1:34.787","27:50.204","Green","Track","2.425","3.500","6.251","26.987","20.993","15.038","8.860","10.733","18.961"
"912","GTLM","Frederic Makowiecki","19","1:25.866","27:50.965","Green","Track","1.748","0.495","3.991","25.627","19.826","14.772","8.633","10.774","134.068"
"0","P","Katherine Legge","13","1:21.885","27:54.197","Green","Track","1.563","0.453","3.814","25.075","18.735","14.092","8.099","10.054","146.498"
"31","P","Eric Curran","14","1:20.821","27:55.427","Green","Track","1.600","0.458","3.746","24.071","18.519","14.093","7.988","10.346","144.899"
"55","P","Jonathan Bomarito","13","4:07.431","28:02.832","Green","Pit","1.595","0.458","3.723","24.254","18.497","13.893","8.569","176.442","144.899"
"3","GTLM","Jan Magnussen","16","1:25.252","28:11.861","Green","Track","1.752","0.500","4.019","25.621","19.730","14.505","8.439","10.686","132.727"
"4","GTLM","Oliver Gavin","14","1:25.289","28:15.980","Green","Track","1.749","0.504","4.034","25.652","19.723","14.396","8.404","10.827","131.674"
"67","GTLM","Ryan Briscoe","11","1:34.244","28:21.468","Green","Track","2.397","0.000","0.000","27.788","20.425","14.590","8.522","10.716","0.000"
"66","GTLM","Dirk Muller","11","3:23.101","28:26.825","Green","Pit","1.731","0.495","4.006","26.035","19.866","14.357","10.364","126.247","134.068"
"60","P","Oswaldo Negri","16","1:34.156","28:27.080","Green","Track","1.610","0.462","4.151","30.084","25.297","13.950","8.358","10.244","143.644"
"25","GTLM","Bill Auberlen","16","1:25.287","28:29.504","Green","Track","1.743","0.494","4.002","25.545","19.721","14.610","8.470","10.702","134.339"
"68","GTLM","Daniel Serra","17","1:26.918","28:32.590","Green","Track","1.812","0.509","4.376","25.800","20.560","15.112","8.215","10.534","130.380"
"10","P","Jordan Taylor","16","1:20.491","28:46.869","Green","Track","1.625","0.465","3.758","24.359","18.614","13.634","7.793","10.243","142.717"
"5","P","Christian Fittipaldi","15","1:20.145","28:53.577","Green","Track","1.618","0.464","3.748","24.185","18.369","13.582","7.854","10.325","143.025"
"0","P","Katherine Legge","14","1:21.242","29:15.439","Green","Track","1.558","0.451","3.687","24.160","18.501","14.193","8.619","10.073","147.148"
"911","GTLM","Patrick Pilet","19","1:26.335","29:16.539","Green","Track","1.769","0.504","4.114","25.663","19.813","14.440","9.042","10.990","131.674"
"912","GTLM","Frederic Makowiecki","20","1:26.277","29:17.242","Green","Track","1.748","0.495","4.023","25.678","19.775","14.895","8.835","10.828","134.068"
"3","GTLM","Jan Magnussen","17","1:24.146","29:36.007","Green","Track","1.749","0.498","3.956","25.367","19.555","14.108","8.245","10.668","133.260"
"4","GTLM","Oliver Gavin","15","1:24.613","29:40.593","Green","Track","1.748","0.506","3.971","25.536","19.609","14.153","8.267","10.823","131.153"
"67","GTLM","Ryan Briscoe","12","1:24.562","29:46.030","Green","Track","1.744","0.497","4.031","25.659","19.555","14.147","8.341","10.588","133.528"
"60","P","Oswaldo Negri","17","1:19.453","29:46.533","Green","Track","1.604","0.460","3.810","24.126","18.127","13.495","7.653","10.178","144.269"
"25","GTLM","Bill Auberlen","17","1:24.581","29:54.085","Green","Track","1.727","0.490","3.932","25.472","19.729","14.342","8.256","10.633","135.436"
"68","GTLM","Daniel Serra","18","1:23.037","29:55.627","Green","Track","1.736","0.491","3.976","24.993","19.121","14.100","8.138","10.482","135.160"
"66","GTLM","Dirk Muller","12","1:38.051","30:04.876","Green","Track","2.412","0.000","0.000","28.644","21.119","15.428","8.767","10.722","0.000"
"10","P","Jordan Taylor","17","1:20.213","30:07.082","Green","Track","1.622","0.464","3.745","24.282","18.396","13.671","7.848","10.185","143.025"
"62","GTLM","Giancarlo Fisichella","17","2:41.493","30:10.719","Green","Pit","1.743","0.496","3.972","25.101","19.372","14.121","9.527","87.161","133.798"
"5","P","Christian Fittipaldi","16","1:19.797","30:13.374","Green","Track","1.624","0.467","3.742","24.137","18.295","13.517","7.726","10.289","142.106"
"0","P","Katherine Legge","15","1:19.811","30:35.250","Green","Track","1.566","0.453","3.657","24.152","18.281","13.749","8.006","9.947","146.498"
"911","GTLM","Patrick Pilet","20","1:25.273","30:41.812","Green","Track","1.748","0.496","4.010","25.514","19.842","14.512","8.639","10.512","133.798"
"912","GTLM","Frederic Makowiecki","21","1:27.653","30:44.895","Green","Track","1.738","0.495","4.039","25.742","21.072","15.211","8.541","10.815","134.068"
"70","P","Tom Long","17","5:01.222","30:57.963","Green","Pit","1.590","0.460","3.709","24.233","18.567","13.844","8.811","230.008","144.269"
"3","GTLM","Jan Magnussen","18","1:23.759","30:59.766","Green","Track","1.741","0.498","3.959","25.045","19.436","14.209","8.223","10.648","133.260"
"4","GTLM","Oliver Gavin","16","1:25.056","31:05.649","Green","Track","1.749","0.503","3.994","25.390","19.721","14.459","8.549","10.691","131.936"
"100","GTLM","John Edwards","13","10:36.383","31:07.051","Green","Pit","1.727","0.490","3.955","25.441","19.412","14.416","9.741","561.201","135.436"
"67","GTLM","Ryan Briscoe","13","1:24.501","31:10.531","Green","Track","1.752","0.500","4.111","25.488","19.502","14.137","8.369","10.642","132.727"
"90","P","Marc Goossens","16","5:37.684","31:13.539","Green","Pit","1.614","0.462","3.744","26.413","18.899","14.010","9.289","263.253","143.644"
"66","GTLM","Dirk Muller","13","1:27.333","31:32.209","Green","Track","1.739","0.497","4.172","25.844","21.138","14.715","8.597","10.631","133.528"
"25","GTLM","Bill Auberlen","18","1:46.462","31:40.547","Green","Track","1.729","0.490","3.933","25.209","19.373","14.363","8.259","33.106","135.436"
"62","GTLM","Toni Vilander","18","1:31.804","31:42.523","Green","Track","5.399","0.933","5.813","26.039","20.011","14.448","8.582","10.579","71.129"
"0","P","Katherine Legge","16","1:19.572","31:54.822","Green","Track","1.562","0.446","3.692","23.722","18.319","13.841","7.965","10.025","148.797"
"911","GTLM","Patrick Pilet","21","1:24.410","32:06.222","Green","Track","1.748","0.499","3.990","25.290","19.411","14.283","8.597","10.592","132.993"
"3","GTLM","Jan Magnussen","19","1:23.914","32:23.680","Green","Track","1.744","0.498","3.972","25.255","19.473","14.116","8.262","10.594","133.260"
"70","P","Tom Long","18","1:27.393","32:25.356","Green","Track","2.453","3.184","5.739","25.374","19.184","13.698","7.788","9.973","20.843"
"67","GTLM","Ryan Briscoe","14","1:24.459","32:34.990","Green","Track","1.750","0.498","3.993","25.503","19.559","14.143","8.341","10.672","133.260"
"100","GTLM","John Edwards","14","1:30.858","32:37.909","Green","Track","5.065","0.000","0.000","25.781","19.698","14.621","8.375","10.699","0.000"
"90","P","Marc Goossens","17","1:27.842","32:41.381","Green","Track","5.036","0.821","5.817","25.128","18.954","13.944","7.904","10.238","80.833"
"66","GTLM","Dirk Muller","14","1:24.041","32:56.250","Green","Track","1.733","0.495","4.113","25.390","19.364","14.123","8.392","10.431","134.068"
"68","GTLM","Daniel Serra","19","3:00.698","32:56.325","Green","Pit","1.731","0.493","3.966","24.995","19.248","13.930","9.500","106.835","134.612"
"62","GTLM","Toni Vilander","19","1:24.903","33:07.426","Green","Track","1.739","0.498","4.050","25.506","19.592","14.391","8.442","10.685","133.260"
"25","GTLM","Bill Auberlen","19","1:29.165","33:09.712","Green","Track","2.184","0.586","4.621","26.801","19.713","14.865","9.694","10.701","113.249"
"31","P","Eric Curran","15","5:19.577","33:15.004","Green","Pit","1.605","0.458","3.718","24.059","18.484","14.192","10.106","246.955","144.899"
"911","GTLM","Patrick Pilet","22","1:24.241","33:30.463","Green","Track","1.754","0.500","3.984","25.333","19.390","14.212","8.485","10.583","132.727"
"70","P","Tom Long","19","1:19.879","33:45.235","Green","Track","1.587","0.458","3.741","24.048","18.538","13.748","7.788","9.971","144.899"
"90","P","Marc Goossens","18","1:21.382","34:02.763","Green","Track","1.622","0.465","3.749","24.386","18.604","14.250","8.001","10.305","142.717"
"100","GTLM","John Edwards","15","1:26.191","34:04.100","Green","Track","1.742","0.494","3.985","25.864","19.707","14.988","8.518","10.893","134.339"
"66","GTLM","Dirk Muller","15","1:23.706","34:19.956","Green","Track","1.734","0.494","3.992","25.310","19.255","14.040","8.407","10.474","134.339"
"5","P","Christian Fittipaldi","17","4:07.394","34:20.768","Green","Pit","1.624","0.468","3.742","23.950","18.353","14.158","9.186","175.913","141.803"
"68","GTLM","Alessandro Pier Guidi","20","1:31.700","34:28.025","Green","Track","2.427","0.000","0.000","26.787","19.661","14.297","8.353","10.567","0.000"
"62","GTLM","Toni Vilander","20","1:24.058","34:31.484","Green","Track","1.747","0.500","3.952","25.380","19.498","14.081","8.250","10.650","132.727"
"25","GTLM","Bill Auberlen","20","1:24.505","34:34.217","Green","Track","1.726","0.489","3.943","25.570","19.472","14.290","8.341","10.674","135.713"
"31","P","Eric Curran","16","1:28.951","34:43.955","Green","Track","2.507","0.000","0.000","25.363","19.168","14.441","8.161","10.184","0.000"
"10","P","Jordan Taylor","18","4:44.182","34:51.264","Green","Pit","1.617","0.463","3.768","24.528","19.263","13.700","9.409","211.434","143.334"
"911","GTLM","Patrick Pilet","23","1:24.460","34:54.923","Green","Track","1.759","0.501","3.982","25.302","19.462","14.283","8.550","10.621","132.462"
"70","P","Tom Long","20","1:19.110","35:04.345","Green","Track","1.593","0.461","3.718","24.049","18.157","13.319","7.606","10.207","143.956"
"4","GTLM","Oliver Gavin","17","4:01.615","35:07.264","Green","Pit","1.743","0.498","4.047","25.884","20.109","14.959","9.995","164.380","133.260"
"60","P","Oswaldo Negri","18","5:31.884","35:18.417","Green","Pit","1.614","0.480","4.659","25.621","19.202","15.068","10.096","255.144","138.258"
"90","P","Marc Goossens","19","1:20.712","35:23.475","Green","Track","1.622","0.465","3.737","24.397","18.625","13.702","7.934","10.230","142.717"
"100","GTLM","John Edwards","16","1:24.558","35:28.658","Green","Track","1.743","0.493","3.959","25.469","19.427","14.436","8.342","10.689","134.612"
"66","GTLM","Dirk Muller","16","1:23.385","35:43.341","Green","Track","1.739","0.496","3.984","25.112","19.216","14.061","8.320","10.457","133.798"
"68","GTLM","Alessandro Pier Guidi","21","1:24.006","35:52.031","Green","Track","1.757","0.498","4.052","25.194","19.468","14.163","8.322","10.552","133.260"
"3","GTLM","Jan Magnussen","20","3:28.641","35:52.321","Green","Pit","1.744","0.496","3.972","25.121","20.132","14.220","9.435","133.521","133.798"
"5","P","Joao Barbosa","18","1:32.934","35:53.702","Green","Track","2.950","0.000","0.000","25.718","19.544","14.470","8.392","10.371","0.000"
"62","GTLM","Toni Vilander","21","1:24.077","35:55.561","Green","Track","1.747","0.498","4.011","25.374","19.421","14.044","8.310","10.672","133.260"
"25","GTLM","Bill Auberlen","21","1:24.335","35:58.552","Green","Track","1.723","0.489","3.913","25.460","19.417","14.243","8.226","10.864","135.713"
"31","P","Eric Curran","17","1:20.250","36:04.205","Green","Track","1.605","0.460","3.779","24.064","18.392","13.827","7.921","10.202","144.269"
"55","P","Jonathan Bomarito","14","8:11.209","36:14.041","Green","Pit","2.384","2.984","5.139","24.475","19.295","15.003","9.071","412.858","22.240"
"911","GTLM","Patrick Pilet","24","1:24.665","36:19.588","Green","Track","1.757","0.500","3.977","25.237","19.695","14.282","8.557","10.660","132.727"
"10","P","Jordan Taylor","19","1:28.337","36:19.601","Green","Track","5.058","0.819","5.428","24.653","19.160","14.263","8.666","10.290","81.030"
"70","P","Tom Long","21","1:20.079","36:24.424","Green","Track","1.598","0.459","3.682","24.249","18.283","13.834","7.834","10.140","144.583"
"0","P","Katherine Legge","17","4:33.883","36:28.705","Green","Pit","1.563","0.447","3.706","24.150","18.667","14.839","10.783","199.728","148.465"
"4","GTLM","Oliver Gavin","18","1:33.023","36:40.287","Green","Track","2.437","0.000","0.000","26.868","20.220","14.734","8.535","10.816","0.000"
"100","GTLM","John Edwards","17","1:24.444","36:53.102","Green","Track","1.733","0.492","3.957","25.306","19.404","14.453","8.338","10.761","134.885"
"60","P","John Pew","19","1:38.523","36:56.940","Green","Track","2.468","0.000","0.000","28.450","20.174","15.111","8.608","10.415","0.000"
"66","GTLM","Dirk Muller","17","1:23.338","37:06.679","Green","Track","1.734","0.496","4.020","25.222","19.167","13.930","8.245","10.524","133.798"
"68","GTLM","Alessandro Pier Guidi","22","1:23.588","37:15.619","Green","Track","1.761","0.499","3.953","25.073","19.298","14.019","8.238","10.747","132.993"
"5","P","Joao Barbosa","19","1:22.075","37:15.777","Green","Track","1.627","0.467","3.868","24.277","18.938","14.233","8.223","10.442","142.106"
"62","GTLM","Toni Vilander","22","1:23.736","37:19.297","Green","Track","1.750","0.499","3.947","25.266","19.507","13.933","8.200","10.634","132.993"
"67","GTLM","Ryan Briscoe","15","4:44.825","37:19.815","Green","Pit","1.745","0.496","3.997","25.417","19.416","14.611","9.959","209.184","133.798"
"31","P","Eric Curran","18","1:21.008","37:25.213","Green","Track","1.605","0.462","3.775","24.184","18.585","14.145","8.038","10.214","143.644"
"3","GTLM","Jan Magnussen","21","1:34.610","37:26.931","Green","Track","2.403","0.000","0.000","28.483","20.310","14.829","8.424","10.620","0.000"
"10","P","Jordan Taylor","20","1:21.221","37:40.822","Green","Track","1.620","0.465","3.803","24.353","18.377","14.360","7.862","10.381","142.717"
"911","GTLM","Patrick Pilet","25","1:24.926","37:44.514","Green","Track","1.765","0.499","4.066","25.417","19.544","14.358","8.613","10.664","132.993"
"55","P","Jonathan Bomarito","15","1:30.479","37:44.520","Green","Track","2.406","0.000","0.000","26.632","19.194","14.206","8.785","10.315","0.000"
"70","P","Tom Long","22","1:20.521","37:44.945","Green","Track","1.590","0.458","3.697","24.250","18.280","13.677","8.172","10.397","144.899"
"0","P","Katherine Legge","18","1:28.492","37:57.197","Green","Track","2.457","0.000","0.000","25.016","18.644","13.839","8.164","9.989","0.000"
"4","GTLM","Oliver Gavin","19","1:25.746","38:06.033","Green","Track","1.757","0.508","4.009","25.758","19.807","14.555","8.492","10.860","130.637"
"60","P","John Pew","20","1:24.191","38:21.131","Green","Track","1.616","0.465","3.981","25.334","19.132","14.629","8.495","10.539","142.717"
"5","P","Joao Barbosa","20","1:20.931","38:36.708","Green","Track","1.625","0.466","3.833","24.262","18.423","14.065","7.945","10.312","142.411"
"68","GTLM","Alessandro Pier Guidi","23","1:23.543","38:39.162","Green","Track","1.777","0.499","4.115","25.297","19.072","13.956","8.226","10.601","132.993"
"62","GTLM","Toni Vilander","23","1:23.877","38:43.174","Green","Track","1.747","0.498","4.010","25.314","19.407","14.014","8.282","10.605","133.260"
"3","GTLM","Jan Magnussen","22","1:23.799","38:50.730","Green","Track","1.741","0.497","3.982","25.200","19.316","14.164","8.195","10.704","133.528"
"67","GTLM","Richard Westbrook","16","1:38.065","38:57.880","Green","Track","2.412","0.000","0.000","29.145","21.581","15.252","8.765","10.693","0.000"
"10","P","Jordan Taylor","21","1:20.842","39:01.664","Green","Track","1.627","0.466","3.771","24.474","18.466","13.815","7.935","10.288","142.411"
"55","P","Jonathan Bomarito","16","1:19.031","39:03.551","Green","Track","1.586","0.458","3.832","23.951","18.304","13.195","7.603","10.102","144.899"
"70","P","Tom Long","23","1:20.595","39:05.540","Green","Track","1.578","0.456","3.771","24.613","18.587","13.631","7.832","10.127","145.534"
"911","GTLM","Patrick Pilet","26","1:25.124","39:09.638","Green","Track","1.761","0.499","4.108","25.680","19.706","14.303","8.459","10.608","132.993"
"0","P","Katherine Legge","19","1:19.955","39:17.152","Green","Track","1.561","0.447","3.646","24.126","18.289","13.822","7.894","10.170","148.465"
"25","GTLM","Bill Auberlen","22","3:23.789","39:22.341","Green","Pit","1.724","0.489","3.941","25.500","19.721","14.515","10.347","127.552","135.713"
"4","GTLM","Oliver Gavin","20","1:25.976","39:32.009","Green","Track","1.753","0.503","3.996","26.168","19.945","14.415","8.394","10.802","131.936"
"60","P","John Pew","21","1:22.199","39:43.330","Green","Track","1.628","0.466","3.963","24.633","18.666","14.164","8.313","10.366","142.411"
"5","P","Joao Barbosa","21","1:20.652","39:57.360","Green","Track","1.628","0.468","3.815","24.055","18.503","13.973","7.811","10.399","141.803"
"68","GTLM","Alessandro Pier Guidi","24","1:24.004","40:03.166","Green","Track","1.763","0.498","3.966","25.545","19.253","14.012","8.302","10.665","133.260"
"62","GTLM","Toni Vilander","24","1:23.884","40:07.058","Green","Track","1.748","0.499","4.002","25.317","19.503","13.897","8.325","10.593","132.993"
"100","GTLM","John Edwards","18","3:18.511","40:11.613","Green","Pit","1.739","0.494","4.008","25.554","19.454","14.622","10.742","121.898","134.339"
"3","GTLM","Jan Magnussen","23","1:23.627","40:14.357","Green","Track","1.747","0.498","3.944","25.065","19.422","14.088","8.214","10.649","133.260"
"66","GTLM","Dirk Muller","18","3:08.033","40:14.712","Green","Pit","1.740","0.496","4.022","25.754","19.469","14.261","10.259","112.032","133.798"
"67","GTLM","Richard Westbrook","17","1:24.675","40:22.555","Green","Track","1.761","0.501","4.171","25.517","19.630","14.148","8.431","10.516","132.462"
"55","P","Jonathan Bomarito","17","1:19.131","40:22.682","Green","Track","1.600","0.457","3.731","23.836","18.121","13.385","7.914","10.087","145.216"
"911","GTLM","Patrick Pilet","27","1:24.572","40:34.210","Green","Track","1.752","0.498","3.968","25.349","19.562","14.301","8.560","10.582","133.260"
"25","GTLM","Dirk Werner","23","1:32.292","40:54.633","Green","Track","5.090","0.000","0.000","26.238","20.231","14.924","8.572","10.743","0.000"
"4","GTLM","Oliver Gavin","21","1:25.487","40:57.496","Green","Track","1.753","0.500","3.991","25.805","19.845","14.454","8.379","10.760","132.727"
"31","P","Eric Curran","19","3:38.578","41:03.791","Green","Pit","1.610","0.462","3.779","24.278","18.515","13.912","9.604","146.418","143.644"
"60","P","John Pew","22","1:22.634","41:05.964","Green","Track","1.630","0.467","3.981","24.358","18.648","14.304","8.806","10.440","142.106"
"5","P","Joao Barbosa","22","1:20.824","41:18.184","Green","Track","1.620","0.465","3.759","24.400","18.495","13.872","7.836","10.377","142.717"
"68","GTLM","Alessandro Pier Guidi","25","1:23.535","41:26.701","Green","Track","1.749","0.495","4.012","25.287","19.219","13.933","8.238","10.602","134.068"
"62","GTLM","Toni Vilander","25","1:23.807","41:30.865","Green","Track","1.741","0.497","3.987","25.365","19.419","13.927","8.275","10.596","133.528"
"3","GTLM","Jan Magnussen","24","1:23.493","41:37.850","Green","Track","1.740","0.497","3.951","25.086","19.358","14.024","8.253","10.584","133.528"
"55","P","Jonathan Bomarito","18","1:20.021","41:42.703","Green","Track","1.591","0.457","3.756","24.164","18.293","13.988","7.605","10.167","145.216"
"100","GTLM","Lucas Luhr","19","1:33.707","41:45.320","Green","Track","5.121","0.000","0.000","26.761","20.101","15.457","8.670","10.792","0.000"
"67","GTLM","Richard Westbrook","18","1:23.785","41:46.340","Green","Track","1.758","0.501","4.071","25.248","19.430","13.950","8.316","10.511","132.462"
"66","GTLM","Joey Hand","19","1:34.265","41:48.977","Green","Track","2.400","0.000","0.000","26.039","21.052","15.798","8.756","10.680","0.000"
"911","GTLM","Patrick Pilet","28","1:24.769","41:58.979","Green","Track","1.745","0.499","4.008","25.397","19.632","14.350","8.472","10.666","132.993"
"912","GTLM","Frederic Makowiecki","22","11:28.182","42:13.077","Green","Pit","1.740","0.494","4.046","25.601","19.809","16.661","11.811","608.020","134.339"
"25","GTLM","Dirk Werner","24","1:24.602","42:19.235","Green","Track","1.734","0.492","4.015","25.385","19.544","14.393","8.415","10.624","134.885"
"60","P","John Pew","23","1:21.430","42:27.394","Green","Track","1.615","0.465","3.915","24.359","18.425","14.061","8.276","10.314","142.717"
"70","P","Tom Long","24","3:23.399","42:28.939","Green","Pit","1.589","0.459","3.703","24.144","18.394","13.633","8.703","132.774","144.583"
"10","P","Jordan Taylor","22","3:30.284","42:31.948","Green","Pit","1.628","0.464","3.770","24.256","18.467","13.893","9.776","138.030","143.025"
"31","P","Dane Cameron","20","1:41.180","42:44.971","Green","Track","2.530","0.000","0.000","29.566","23.391","16.104","8.707","10.605","0.000"
"68","GTLM","Alessandro Pier Guidi","26","1:23.487","42:50.188","Green","Track","1.761","0.498","3.936","25.212","19.416","13.832","8.204","10.628","133.260"
"90","P","Marc Goossens","20","7:30.084","42:53.559","Green","Pit","1.627","0.462","3.753","24.565","18.643","13.710","9.382","377.942","143.644"
"62","GTLM","Toni Vilander","26","1:23.596","42:54.461","Green","Track","1.741","0.497","3.956","25.337","19.422","13.849","8.185","10.609","133.528"
"3","GTLM","Jan Magnussen","25","1:23.533","43:01.383","Green","Track","1.737","0.495","3.934","25.036","19.351","14.098","8.299","10.583","134.068"
"55","P","Jonathan Bomarito","19","1:18.763","43:01.466","Green","Track","1.597","0.458","3.758","23.653","18.100","13.174","7.696","10.327","144.899"
"67","GTLM","Richard Westbrook","19","1:24.308","43:10.648","Green","Track","1.754","0.499","3.979","24.991","19.621","14.526","8.366","10.572","132.993"
"100","GTLM","Lucas Luhr","20","1:26.377","43:11.697","Green","Track","1.737","0.492","4.015","25.675","19.758","15.376","8.454","10.870","134.885"
"66","GTLM","Joey Hand","20","1:24.901","43:13.878","Green","Track","1.745","0.497","4.204","25.395","19.840","14.223","8.458","10.539","133.528"
"911","GTLM","Patrick Pilet","29","1:24.498","43:23.477","Green","Track","1.754","0.498","3.993","25.356","19.601","14.213","8.521","10.562","133.260"
"25","GTLM","Dirk Werner","25","1:25.130","43:44.365","Green","Track","1.733","0.489","3.945","25.840","19.502","14.465","8.456","10.700","135.713"
"912","GTLM","Frederic Makowiecki","23","1:33.544","43:46.621","Green","Track","2.407","0.000","0.000","27.225","20.402","14.858","8.624","10.698","0.000"
"60","P","John Pew","24","1:22.079","43:49.473","Green","Track","1.618","0.464","3.925","24.683","18.654","14.105","8.326","10.304","143.025"
"70","P","Tom Long","25","1:25.467","43:54.406","Green","Track","2.449","3.179","5.392","24.804","18.354","13.643","7.684","9.962","20.876"
"10","P","Ricky Taylor","23","1:27.690","43:59.638","Green","Track","4.929","0.837","6.052","25.206","18.808","13.678","7.997","10.183","79.287"
"31","P","Dane Cameron","21","1:22.554","44:07.525","Green","Track","1.620","0.468","4.058","25.112","18.987","14.060","8.019","10.230","141.803"
"68","GTLM","Alessandro Pier Guidi","27","1:23.610","44:13.798","Green","Track","1.757","0.496","3.967","25.415","19.230","13.953","8.229","10.563","133.798"
"4","GTLM","Oliver Gavin","22","3:21.915","44:19.411","Green","Pit","1.747","0.499","4.050","26.288","19.933","14.632","10.539","124.227","132.993"
"90","P","Marc Goossens","21","1:27.606","44:21.165","Green","Track","4.973","0.821","5.618","25.215","19.045","13.759","7.941","10.234","80.833"
"67","GTLM","Richard Westbrook","20","1:23.318","44:33.966","Green","Track","1.758","0.500","4.011","25.065","19.230","14.030","8.204","10.520","132.727"
"100","GTLM","Lucas Luhr","21","1:25.409","44:37.106","Green","Track","1.734","0.490","3.967","25.548","19.877","14.513","8.483","10.797","135.436"
"66","GTLM","Joey Hand","21","1:24.194","44:38.072","Green","Track","1.732","0.494","4.067","25.149","19.589","14.254","8.351","10.558","134.339"
"911","GTLM","Patrick Pilet","30","1:24.689","44:48.166","Green","Track","1.751","0.497","3.992","25.337","19.710","14.247","8.547","10.608","133.528"
"0","P","Katherine Legge","20","5:36.332","44:53.484","Green","Pit","1.566","0.447","3.584","26.167","20.127","15.128","10.993","258.320","148.465"
"25","GTLM","Dirk Werner","26","1:24.223","45:08.588","Green","Track","1.721","0.486","3.956","25.329","19.379","14.341","8.310","10.701","136.551"
"60","P","John Pew","25","1:23.181","45:12.654","Green","Track","1.620","0.463","3.903","24.764","18.621","15.164","8.349","10.297","143.334"
"70","P","Tom Long","26","1:19.549","45:13.955","Green","Track","1.583","0.459","3.730","24.040","18.152","13.713","7.709","10.163","144.583"
"912","GTLM","Frederic Makowiecki","24","1:29.241","45:15.862","Green","Track","1.749","0.495","4.001","25.491","20.319","15.761","10.544","10.881","134.068"
"10","P","Ricky Taylor","24","1:21.041","45:20.679","Green","Track","1.612","0.462","3.844","24.523","18.654","13.803","7.934","10.209","143.644"
"31","P","Dane Cameron","22","1:20.638","45:28.163","Green","Track","1.611","0.463","3.818","24.129","18.538","13.906","7.876","10.297","143.334"
"68","GTLM","Alessandro Pier Guidi","28","1:23.732","45:37.530","Green","Track","1.752","0.496","3.976","25.479","19.348","13.901","8.222","10.558","133.798"
"90","P","Marc Goossens","22","1:21.078","45:42.243","Green","Track","1.622","0.465","3.782","24.691","18.595","13.760","7.919","10.244","142.717"
"3","GTLM","Jan Magnussen","26","2:54.047","45:55.430","Green","Pit","1.748","0.494","3.995","25.243","19.489","14.224","9.564","99.290","134.339"
"67","GTLM","Richard Westbrook","21","1:23.307","45:57.273","Green","Track","1.753","0.499","3.982","25.035","19.312","13.902","8.204","10.620","132.993"
"66","GTLM","Joey Hand","22","1:25.550","46:03.622","Green","Track","1.735","0.494","4.095","25.395","19.606","14.447","9.215","10.563","134.339"
"4","GTLM","Oliver Gavin","23","1:46.445","46:05.856","Green","Track","2.449","0.000","0.000","30.306","23.542","15.803","11.814","11.565","0.000"
"911","GTLM","Patrick Pilet","31","1:24.653","46:12.819","Green","Track","1.749","0.499","3.985","25.426","19.624","14.280","8.459","10.631","132.993"
"5","P","Joao Barbosa","23","4:56.383","46:14.567","Green","Pit","1.626","0.465","3.779","24.401","18.501","13.945","9.144","224.522","142.717"
"0","P","Katherine Legge","21","1:28.153","46:21.637","Green","Track","2.465","0.000","0.000","25.097","19.093","14.138","8.049","10.040","0.000"
"25","GTLM","Dirk Werner","27","1:24.415","46:33.003","Green","Track","1.727","0.488","3.905","25.320","19.359","14.431","8.453","10.732","135.991"
"70","P","Tom Long","27","1:19.802","46:33.757","Green","Track","1.593","0.458","3.708","24.269","18.510","13.474","7.678","10.112","144.899"
"912","GTLM","Frederic Makowiecki","25","1:25.329","46:41.191","Green","Track","1.751","0.493","3.989","25.612","19.671","14.640","8.514","10.659","134.612"
"10","P","Ricky Taylor","25","1:20.813","46:41.492","Green","Track","1.617","0.464","3.796","24.298","18.503","13.831","7.962","10.342","143.025"
"31","P","Dane Cameron","23","1:20.064","46:48.227","Green","Track","1.613","0.462","3.765","24.085","18.321","13.796","7.813","10.209","143.644"
"68","GTLM","Alessandro Pier Guidi","29","1:23.975","47:01.505","Green","Track","1.749","0.496","3.959","25.264","19.334","14.055","8.448","10.670","133.798"
"90","P","Marc Goossens","23","1:21.040","47:03.283","Green","Track","1.624","0.462","3.732","24.673","18.671","13.605","7.933","10.340","143.644"
"67","GTLM","Richard Westbrook","22","1:23.228","47:20.501","Green","Track","1.763","0.502","4.001","25.029","19.288","13.926","8.161","10.558","132.198"
"3","GTLM","Antonio Garcia","27","1:36.517","47:31.947","Green","Track","2.413","0.000","0.000","28.966","20.085","14.600","8.840","10.743","0.000"
"4","GTLM","Oliver Gavin","24","1:30.273","47:36.129","Green","Track","1.764","0.511","4.368","26.878","20.461","14.992","9.901","11.398","129.870"
"911","GTLM","Patrick Pilet","32","1:24.722","47:37.541","Green","Track","1.756","0.499","3.995","25.449","19.485","14.474","8.423","10.641","132.993"
"0","P","Katherine Legge","22","1:19.962","47:41.599","Green","Track","1.561","0.447","3.709","23.990","18.341","13.876","8.011","10.027","148.465"
"5","P","Joao Barbosa","24","1:35.810","47:50.377","Green","Track","2.586","0.000","0.000","28.156","20.816","15.499","8.521","10.607","0.000"
"55","P","Jonathan Bomarito","20","4:50.604","47:52.070","Green","Pit","1.587","0.457","3.787","24.588","18.641","13.953","8.747","218.844","145.216"
"70","P","Tom Long","28","1:20.753","47:54.510","Green","Track","1.599","0.461","3.776","25.061","18.438","13.576","7.731","10.111","143.956"
"10","P","Ricky Taylor","26","1:22.239","48:03.731","Green","Track","1.621","0.463","3.811","24.606","18.579","14.701","8.162","10.296","143.334"
"912","GTLM","Frederic Makowiecki","26","1:25.911","48:07.102","Green","Track","1.754","0.495","4.069","25.811","19.861","14.665","8.469","10.787","134.068"
"31","P","Dane Cameron","24","1:19.576","48:07.803","Green","Track","1.608","0.463","3.713","23.902","18.178","13.719","7.795","10.198","143.334"
"68","GTLM","Alessandro Pier Guidi","30","1:23.867","48:25.372","Green","Track","1.758","0.499","3.999","25.458","19.212","14.046","8.233","10.662","132.993"
"67","GTLM","Richard Westbrook","23","1:23.344","48:43.845","Green","Track","1.754","0.499","4.003","25.112","19.257","13.875","8.187","10.657","132.993"
"3","GTLM","Antonio Garcia","28","1:24.510","48:56.457","Green","Track","1.749","0.499","4.050","25.434","19.540","14.262","8.345","10.631","132.993"
"4","GTLM","Oliver Gavin","25","1:25.165","49:01.294","Green","Track","1.751","0.505","4.121","25.790","19.758","14.234","8.393","10.613","131.413"
"911","GTLM","Patrick Pilet","33","1:24.942","49:02.483","Green","Track","1.746","0.496","4.006","25.410","19.569","14.470","8.550","10.695","133.798"
"62","GTLM","Toni Vilander","27","6:15.941","49:10.402","Green","Pit","1.743","0.497","3.976","25.329","19.426","14.113","11.249","299.608","133.528"
"5","P","Joao Barbosa","25","1:22.701","49:13.078","Green","Track","1.630","0.470","4.016","24.945","19.059","14.226","8.044","10.311","141.199"
"55","P","Tristan Nunez","21","1:26.125","49:18.195","Green","Track","2.410","0.000","0.000","24.809","18.379","13.674","7.811","10.077","0.000"
"912","GTLM","Frederic Makowiecki","27","1:25.641","49:32.743","Green","Track","1.743","0.494","4.004","25.927","19.643","14.647","8.447","10.736","134.339"
"68","GTLM","Alessandro Pier Guidi","31","1:23.325","49:48.697","Green","Track","1.757","0.495","3.922","25.254","19.327","13.825","8.136","10.609","134.068"
"60","P","John Pew","26","4:40.222","49:52.876","Green","Pit","1.626","0.467","3.885","25.118","19.393","14.509","11.988","203.236","142.106"
"70","P","Tom Long","29","2:00.738","49:55.248","Green","Pit","1.583","0.459","3.704","24.271","18.253","13.564","8.532","50.372","144.583"
"0","P","Katherine Legge","23","2:29.449","50:11.048","Green","Pit","1.562","0.448","3.615","24.255","18.587","13.776","10.689","76.517","148.133"
"3","GTLM","Antonio Garcia","29","1:23.836","50:20.293","Green","Track","1.751","0.500","4.010","25.262","19.296","14.082","8.302","10.633","132.727"
"4","GTLM","Oliver Gavin","26","1:24.015","50:25.309","Green","Track","1.752","0.503","3.990","25.499","19.382","13.927","8.363","10.599","131.936"
"911","GTLM","Patrick Pilet","34","1:25.374","50:27.857","Green","Track","1.752","0.495","4.019","25.606","19.671","14.570","8.495","10.766","134.068"
"5","P","Joao Barbosa","26","1:20.363","50:33.441","Green","Track","1.627","0.471","3.804","24.086","18.466","13.848","7.805","10.256","140.899"
"55","P","Tristan Nunez","22","1:19.054","50:37.249","Green","Track","1.592","0.458","3.751","23.955","18.148","13.419","7.619","10.112","144.899"
"62","GTLM","Toni Vilander","28","1:31.179","50:41.581","Green","Track","5.005","0.846","5.715","26.372","20.017","14.278","8.347","10.599","78.444"
"912","GTLM","Frederic Makowiecki","28","1:25.287","50:58.030","Green","Track","1.742","0.493","3.979","25.470","19.806","14.680","8.405","10.712","134.612"
"68","GTLM","Alessandro Pier Guidi","32","1:23.169","51:11.866","Green","Track","1.746","0.493","3.939","25.192","19.240","13.850","8.157","10.552","134.612"
"60","P","John Pew","27","1:36.248","51:29.124","Green","Track","2.470","0.000","0.000","27.435","20.188","15.060","8.769","10.470","0.000"
"0","P","Sean Rayhall","24","1:29.517","51:40.565","Green","Track","2.507","0.000","0.000","25.528","18.952","14.173","8.037","10.405","0.000"
"3","GTLM","Antonio Garcia","30","1:23.738","51:44.031","Green","Track","1.748","0.497","3.970","25.258","19.352","14.047","8.252","10.614","133.528"
"4","GTLM","Oliver Gavin","27","1:23.605","51:48.914","Green","Track","1.752","0.500","3.996","25.184","19.288","13.910","8.289","10.686","132.727"
"911","GTLM","Patrick Pilet","35","1:24.890","51:52.747","Green","Track","1.743","0.496","3.968","25.591","19.596","14.358","8.511","10.627","133.798"
"5","P","Joao Barbosa","27","1:19.937","51:53.378","Green","Track","1.627","0.468","3.747","24.022","18.298","13.629","7.812","10.334","141.803"
"55","P","Tristan Nunez","23","1:18.872","51:56.121","Green","Track","1.594","0.459","3.692","24.005","17.939","13.307","7.757","10.119","144.583"
"70","P","Tom Long","30","2:05.397","52:00.645","Green","Pit","2.403","0.000","0.000","26.234","19.565","14.755","9.827","41.846","0.000"
"62","GTLM","Toni Vilander","29","1:23.705","52:05.286","Green","Track","1.745","0.499","4.007","25.236","19.421","13.925","8.236","10.636","132.993"
"100","GTLM","Lucas Luhr","22","7:28.051","52:05.157","Green","Pit","1.736","0.490","3.959","27.715","19.903","14.711","10.069","369.468","135.436"
"10","P","Ricky Taylor","27","4:12.825","52:16.556","Green","Pit","1.623","0.464","3.793","24.564","18.323","13.693","9.646","180.719","143.025"
"66","GTLM","Hand/Muller ","23","6:16.965","52:20.587","Green","Pit","1.737","0.495","4.074","25.298","19.471","14.413","9.822","301.655","134.068"
"912","GTLM","Frederic Makowiecki","29","1:25.289","52:23.319","Green","Track","1.734","0.494","3.961","25.476","19.693","14.775","8.478","10.678","134.339"
"68","GTLM","Alessandro Pier Guidi","33","1:24.145","52:36.011","Green","Track","1.737","0.492","3.914","25.679","19.457","13.942","8.258","10.666","134.885"
"90","P","Marc Goossens","24","5:46.842","52:50.125","Green","Pit","1.626","0.469","3.746","24.515","19.068","14.338","9.528","273.552","141.500"
"31","P","Dane Cameron","25","4:44.161","52:51.964","Green","Pit","1.603","0.459","3.875","24.455","18.462","14.065","9.360","211.882","144.583"
"60","P","John Pew","28","1:23.274","52:52.398","Green","Track","1.632","0.466","4.020","24.913","19.029","14.336","8.434","10.444","142.411"
"0","P","Sean Rayhall","25","1:20.698","53:01.263","Green","Track","1.565","0.455","3.762","24.308","18.584","13.844","7.983","10.197","145.854"
"67","GTLM","Richard Westbrook","24","4:18.132","53:01.977","Green","Pit","1.757","0.499","3.983","25.213","19.339","14.235","10.318","182.788","132.993"
"3","GTLM","Antonio Garcia","31","1:24.703","53:08.734","Green","Track","1.749","0.498","3.975","25.337","20.002","14.173","8.288","10.681","133.260"
"55","P","Tristan Nunez","24","1:19.682","53:15.803","Green","Track","1.591","0.460","3.736","23.988","18.697","13.383","7.704","10.123","144.269"
"911","GTLM","Patrick Pilet","36","1:26.273","53:19.020","Green","Track","1.755","0.498","4.044","26.002","20.250","14.559","8.536","10.629","133.260"
"70","P","Joel Miller","31","1:26.983","53:27.628","Green","Track","2.409","0.000","0.000","25.006","18.778","13.737","7.994","10.328","0.000"
"100","GTLM","Lucas Luhr","23","1:32.248","53:37.405","Green","Track","5.058","0.823","5.755","26.673","19.909","14.725","8.512","10.793","80.636"
"10","P","Ricky Taylor","28","1:27.641","53:44.197","Green","Track","4.936","0.820","5.934","24.848","18.999","13.881","7.920","10.303","80.931"
"912","GTLM","Frederic Makowiecki","30","1:25.405","53:48.724","Green","Track","1.740","0.495","3.975","25.629","19.812","14.627","8.370","10.757","134.068"
"66","GTLM","Joey Hand","24","1:33.631","53:54.218","Green","Track","2.401","0.000","0.000","27.255","20.525","14.648","8.584","10.526","0.000"
"68","GTLM","Alessandro Pier Guidi","34","1:24.186","54:00.197","Green","Track","1.761","0.497","3.977","25.561","19.467","14.004","8.242","10.677","133.528"
"60","P","John Pew","29","1:22.265","54:14.663","Green","Track","1.631","0.465","3.928","24.470","18.818","14.266","8.420","10.267","142.717"
"90","P","Marc Goossens","25","1:27.665","54:17.790","Green","Track","5.034","0.831","5.664","25.148","19.007","13.845","7.865","10.271","79.860"
"62","GTLM","Toni Vilander","30","2:13.773","54:19.059","Green","Pit","1.752","0.500","3.979","25.264","19.850","14.086","10.113","58.229","132.727"
"31","P","Dane Cameron","26","1:27.512","54:19.476","Green","Track","2.466","0.000","0.000","24.882","19.034","14.263","8.008","10.245","0.000"
"0","P","Sean Rayhall","26","1:20.780","54:22.043","Green","Track","1.566","0.454","3.704","24.071","18.613","14.188","8.073","10.111","146.175"
"4","GTLM","Oliver Gavin","28","2:38.127","54:27.041","Green","Pit","1.751","0.501","3.972","25.406","19.559","14.269","10.132","82.537","132.462"
"55","P","Tristan Nunez","25","1:19.254","54:35.057","Green","Track","1.590","0.459","3.732","23.864","18.222","13.384","8.000","10.003","144.583"
"67","GTLM","Richard Westbrook","25","1:34.534","54:36.511","Green","Track","2.398","0.000","0.000","27.316","20.721","14.543","9.451","10.914","0.000"
"911","GTLM","Patrick Pilet","37","1:25.213","54:44.233","Green","Track","1.747","0.498","4.010","25.604","19.777","14.341","8.469","10.767","133.260"
"70","P","Joel Miller","32","1:20.059","54:47.687","Green","Track","1.591","0.460","3.705","24.284","18.571","13.482","7.833","10.133","144.269"
"100","GTLM","Lucas Luhr","24","1:25.326","55:02.731","Green","Track","1.750","0.496","3.949","25.430","19.555","14.555","8.405","11.186","133.798"
"10","P","Ricky Taylor","29","1:24.052","55:08.249","Green","Track","1.612","0.462","3.844","25.327","19.712","14.636","8.047","10.412","143.644"
"912","GTLM","Frederic Makowiecki","31","1:25.363","55:14.087","Green","Track","1.735","0.491","3.956","25.563","19.742","14.636","8.445","10.795","135.160"
"66","GTLM","Joey Hand","25","1:24.339","55:18.557","Green","Track","1.736","0.494","4.060","25.210","19.509","14.101","8.268","10.961","134.339"
"68","GTLM","Alessandro Pier Guidi","35","1:23.761","55:23.958","Green","Track","1.752","0.496","3.942","25.394","19.286","13.915","8.337","10.639","133.798"
"60","P","John Pew","30","1:21.959","55:36.622","Green","Track","1.616","0.463","3.940","24.508","18.589","14.164","8.364","10.315","143.334"
"90","P","Marc Goossens","26","1:21.223","55:39.013","Green","Track","1.622","0.466","3.871","24.467","18.878","13.585","7.983","10.351","142.411"
"31","P","Dane Cameron","27","1:20.300","55:39.776","Green","Track","1.611","0.462","3.806","24.134","18.433","13.819","7.790","10.245","143.644"
"0","P","Sean Rayhall","27","1:20.158","55:42.201","Green","Track","1.564","0.451","3.757","24.098","18.572","13.710","7.875","10.131","147.148"
"62","GTLM","Toni Vilander","31","1:29.120","55:48.179","Green","Track","4.952","0.855","5.390","25.235","19.564","14.002","8.318","10.804","77.618"
"55","P","Tristan Nunez","26","1:19.114","55:54.171","Green","Track","1.590","0.459","3.756","24.206","18.070","13.362","7.631","10.040","144.583"
"4","GTLM","Tommy Milner","29","1:34.508","56:01.549","Green","Track","2.429","0.000","0.000","27.793","20.188","14.543","8.587","10.600","0.000"
"67","GTLM","Richard Westbrook","26","1:27.612","56:04.123","Green","Track","1.761","0.502","4.042","25.470","19.795","14.865","10.012","11.165","132.198"
"70","P","Joel Miller","33","1:21.387","56:09.074","Green","Track","1.585","0.459","3.656","24.577","18.468","13.782","8.397","10.463","144.583"
"3","GTLM","Antonio Garcia","32","3:00.975","56:09.709","Green","Pit","1.749","0.500","3.987","25.498","19.633","14.095","9.773","105.740","132.727"
"911","GTLM","Patrick Pilet","38","1:25.772","56:10.005","Green","Track","1.743","0.498","3.979","25.562","19.631","14.413","8.706","11.240","133.260"
"10","P","Ricky Taylor","30","1:21.275","56:29.524","Green","Track","1.619","0.465","3.805","24.563","18.520","13.871","8.063","10.369","142.717"
"100","GTLM","Lucas Luhr","25","1:28.686","56:31.417","Green","Track","1.766","0.499","3.964","26.594","19.872","15.120","9.808","11.063","132.993"
"912","GTLM","Frederic Makowiecki","32","1:25.562","56:39.649","Green","Track","1.736","0.493","3.953","25.706","19.727","14.714","8.462","10.771","134.612"
"66","GTLM","Joey Hand","26","1:23.698","56:42.255","Green","Track","1.738","0.496","4.038","25.267","19.325","14.011","8.299","10.524","133.798"
"68","GTLM","Alessandro Pier Guidi","36","1:26.216","56:50.174","Green","Track","1.745","0.492","3.934","25.459","19.253","15.887","8.673","10.773","134.885"
"60","P","John Pew","31","1:21.826","56:58.448","Green","Track","1.620","0.464","3.866","24.505","18.572","14.185","8.413","10.201","143.025"
"90","P","Marc Goossens","27","1:21.383","57:00.396","Green","Track","1.631","0.464","3.785","24.727","18.768","13.769","7.919","10.320","143.025"
"31","P","Dane Cameron","28","1:21.173","57:00.949","Green","Track","1.607","0.465","3.731","24.268","18.705","14.184","7.935","10.278","142.717"
"0","P","Sean Rayhall","28","1:20.002","57:02.203","Green","Track","1.566","0.452","3.694","24.144","18.370","13.922","7.839","10.015","146.822"
"62","GTLM","Toni Vilander","32","1:23.874","57:12.053","Green","Track","1.749","0.501","3.985","25.349","19.415","13.989","8.250","10.636","132.462"
"55","P","Tristan Nunez","27","1:18.989","57:13.160","Green","Track","1.586","0.460","3.699","23.964","17.983","13.450","7.754","10.093","144.269"
"4","GTLM","Tommy Milner","30","1:25.000","57:26.549","Green","Track","1.746","0.502","4.098","25.479","19.702","14.276","8.542","10.655","132.198"
"67","GTLM","Richard Westbrook","27","1:24.443","57:28.566","Green","Track","1.753","0.498","4.026","25.566","19.445","14.098","8.379","10.678","133.260"
"25","GTLM","Dirk Werner","28","10:58.320","57:31.323","Green","Pit","1.728","0.488","3.933","25.969","19.840","14.528","9.832","582.002","135.991"
"911","GTLM","Patrick Pilet","39","1:27.969","57:37.974","Green","Track","1.756","0.498","4.042","25.840","19.899","16.515","8.631","10.788","133.260"
"3","GTLM","Antonio Garcia","33","1:33.575","57:43.284","Green","Track","2.405","0.000","0.000","25.984","19.905","16.894","8.390","10.694","0.000"
"10","P","Ricky Taylor","31","1:23.298","57:52.822","Green","Track","1.630","0.466","3.856","24.531","18.557","15.859","8.069","10.330","142.411"
"100","GTLM","Lucas Luhr","26","1:26.992","57:58.409","Green","Track","1.746","0.495","3.971","25.748","19.675","15.987","8.456","10.914","134.068"
"5","P","Joao Barbosa","28","6:06.502","57:59.880","Green","Pit","1.624","0.464","3.840","24.490","18.487","13.859","9.510","294.228","143.025"
"912","GTLM","Frederic Makowiecki","33","1:25.757","58:05.406","Green","Track","1.738","0.496","3.950","25.582","19.824","14.897","8.452","10.818","133.798"
"68","GTLM","Alessandro Pier Guidi","36","1:28.245","56:50.174","Red","Track","1.745","0.491","3.928","25.852","19.896","16.655","8.361","0.000","135.160"
"4","GTLM","Tommy Milner","30","1:47.140","57:26.549","Red","Pit","1.747","0.505","4.061","25.359","19.786","16.251","11.175","28.256","131.413"
