"Car","Class","Driver","Lap","Lap Time","Session Time","Flag","Location","S01","S02","S03","S04","S05","S06","S07","S08","S09","S10","SPS"
"10","P","Ricky Taylor","1","1:18.862","2:50.289","Green","Track","0.603","6.780","7.252","11.610","7.894","10.148","11.674","16.132","1.646","5.123","136.816"
"31","P","Dane Cameron","1","1:19.699","2:54.453","Green","Track","0.597","6.789","8.087","11.274","7.834","10.319","11.528","16.636","1.587","5.048","138.191"
"90","P","Marc Goossens","1","1:19.474","2:56.427","Green","Track","0.602","6.758","7.828","11.360","7.892","10.270","11.478","16.533","1.641","5.112","137.043"
"5","P","Christian Fittipaldi","1","1:19.929","2:58.398","Green","Track","0.599","6.735","7.990","11.633","7.964","10.343","11.624","16.394","1.602","5.045","137.730"
"3","GTLM","Jan Magnussen","1","1:22.386","3:16.428","Green","Track","0.650","7.222","7.913","11.501","8.219","10.491","12.143","16.915","1.761","5.571","126.923"
"52","PC","Robert Alon","1","1:24.873","3:16.804","Green","Track","0.622","6.946","7.807","12.580","8.428","10.778","12.125","17.672","1.953","5.962","132.637"
"911","GTLM","Patrick Pilet","1","1:23.611","3:18.188","Green","Track","0.644","7.138","7.967","11.477","8.197","10.506","12.229","18.260","1.714","5.479","128.106"
"912","GTLM","Earl Bamber","1","1:23.793","3:19.330","Green","Track","0.645","7.121","7.526","11.537","8.276","10.371","12.191","0.000","0.000","5.491","127.907"
"4","GTLM","Oliver Gavin","1","1:23.602","3:20.103","Green","Track","0.646","7.152","7.719","11.571","8.382","10.454","12.282","18.229","1.692","5.475","127.709"
"25","GTLM","Bill Auberlen","1","1:21.107","3:20.849","Green","Track","0.637","7.094","7.473","11.302","8.012","10.203","12.444","16.734","1.742","5.466","129.513"
"100","GTLM","John Edwards","1","1:20.993","3:22.922","Green","Track","0.643","7.133","7.422","11.417","8.246","10.434","12.162","16.407","1.700","5.429","128.305"
"8","PC","Alex Popow","1","1:23.702","3:29.423","Green","Track","0.619","6.927","7.860","11.934","8.345","10.874","12.433","17.722","1.711","5.277","133.279"
"62","GTLM","Toni Vilander","1","1:23.375","3:30.065","Green","Track","0.644","7.187","7.951","11.885","8.387","10.668","12.453","16.954","1.711","5.535","128.106"
"88","PC","Ashley Freiberg","1","1:23.626","3:33.905","Green","Track","0.613","6.863","7.771","11.912","8.265","10.941","12.196","18.156","1.681","5.228","134.584"
"85","PC","Stephen Simpson","1","1:28.242","3:36.486","Green","Track","0.612","6.860","8.250","12.264","8.355","11.505","13.179","20.317","1.671","5.229","134.804"
"60","P","John Pew","1","1:25.646","3:37.413","Green","Track","0.616","7.087","8.863","12.565","8.410","10.697","12.226","18.224","1.732","5.226","133.929"
"0","P","Andy Meyrick","1","1:25.628","3:37.650","Green","Track","0.588","7.146","8.989","12.678","8.228","10.898","12.101","18.354","1.618","5.028","140.306"
"66","GTLM","Joey Hand","1","1:23.813","3:39.013","Green","Track","0.679","7.367","8.118","11.674","8.293","10.424","12.200","17.912","1.714","5.432","121.502"
"68","GTLM","Alessandro Balzan","1","1:27.649","3:42.164","Green","Track","0.644","7.173","7.913","11.897","8.351","10.601","12.338","21.434","1.755","5.543","128.106"
"20","PC","Tomy Drissi","1","1:28.708","3:49.396","Green","Track","0.619","7.061","10.124","12.886","8.746","11.344","12.608","18.323","1.730","5.267","133.279"
"38","PC","Kyle Marcelli","1","1:22.864","3:56.943","Green","Track","0.608","6.860","7.901","12.000","8.210","10.429","12.826","17.179","1.666","5.185","135.691"
"10","P","Ricky Taylor","2","1:16.382","4:06.671","Green","Track","0.598","6.755","6.943","10.855","7.669","9.949","11.241","15.695","1.602","5.075","137.960"
"31","P","Dane Cameron","2","1:17.546","4:11.999","Green","Track","0.585","6.749","7.596","11.038","7.699","9.905","11.302","16.040","1.591","5.041","141.026"
"90","P","Marc Goossens","2","1:18.359","4:14.786","Green","Track","0.596","6.697","7.428","11.143","7.913","10.330","11.425","16.072","1.648","5.107","138.423"
"5","P","Christian Fittipaldi","2","1:18.167","4:16.565","Green","Track","0.592","6.669","7.347","11.010","7.843","10.007","11.541","16.486","1.611","5.061","139.358"
"54","PC","Jonathan Bennett","1","1:23.681","4:18.073","Green","Track","0.610","6.854","8.061","11.891","8.414","10.849","11.948","18.075","1.730","5.249","135.246"
"3","GTLM","Jan Magnussen","2","1:20.714","4:37.142","Green","Track","0.652","7.240","7.519","11.265","8.105","10.303","12.154","16.246","1.722","5.508","126.534"
"911","GTLM","Patrick Pilet","2","1:21.650","4:39.838","Green","Track","0.642","7.141","7.392","11.854","8.417","10.539","12.121","16.363","1.708","5.473","128.505"
"912","GTLM","Earl Bamber","2","1:22.757","4:42.087","Green","Track","0.644","7.109","7.159","11.250","8.409","10.731","12.636","17.607","1.723","5.489","128.106"
"4","GTLM","Oliver Gavin","2","1:23.099","4:43.202","Green","Track","0.642","7.116","7.291","11.216","8.193","10.403","12.548","18.531","1.697","5.462","128.505"
"52","PC","Robert Alon","2","1:27.035","4:43.839","Green","Track","0.677","7.351","7.946","12.089","8.357","12.200","12.896","18.524","1.712","5.283","121.861"
"100","GTLM","John Edwards","2","1:21.754","4:44.676","Green","Track","0.634","7.047","7.148","11.099","8.140","10.306","12.112","18.105","1.713","5.450","130.126"
"25","GTLM","Bill Auberlen","2","1:28.410","4:49.259","Green","Track","0.634","7.048","7.755","12.180","8.620","16.001","12.602","16.460","1.687","5.423","130.126"
"8","PC","Alex Popow","2","1:21.705","4:51.128","Green","Track","0.616","6.925","7.529","11.538","8.153","10.447","12.234","17.276","1.697","5.290","133.929"
"62","GTLM","Toni Vilander","2","1:21.749","4:51.814","Green","Track","0.646","7.184","7.462","11.480","8.179","10.486","12.256","16.835","1.715","5.506","127.709"
"88","PC","Ashley Freiberg","2","1:23.183","4:57.088","Green","Track","0.610","6.863","8.168","11.772","8.002","10.544","12.067","18.209","1.695","5.253","135.246"
"85","PC","Stephen Simpson","2","1:20.832","4:57.318","Green","Track","0.612","6.867","7.454","11.627","7.986","10.587","11.937","16.917","1.654","5.191","134.804"
"60","P","John Pew","2","1:21.570","4:58.983","Green","Track","0.605","6.795","7.947","11.619","8.044","10.422","12.011","17.235","1.711","5.181","136.364"
"66","GTLM","Joey Hand","2","1:21.578","5:00.591","Green","Track","0.636","7.101","7.572","11.398","8.217","10.861","11.997","16.631","1.711","5.454","129.717"
"68","GTLM","Alessandro Balzan","2","1:20.982","5:03.146","Green","Track","0.644","7.154","7.450","11.317","8.057","10.290","12.206","16.642","1.730","5.492","128.106"
"0","P","Andy Meyrick","2","1:30.288","5:07.938","Green","Track","0.591","6.840","8.105","12.061","8.035","12.221","17.372","18.433","1.602","5.028","139.594"
"20","PC","Tomy Drissi","2","1:26.599","5:15.995","Green","Track","0.614","6.943","8.625","12.900","8.728","11.102","12.513","18.192","1.724","5.258","134.365"
"70","P","Tom Long","1","2:37.948","5:22.441","Green","Track","0.000","0.000","14.863","13.870","8.963","12.953","12.794","19.241","1.742","5.096","0.000"
"38","PC","Kyle Marcelli","2","1:26.054","5:22.997","Green","Track","0.608","6.856","9.906","12.237","8.351","10.709","12.414","18.055","1.707","5.211","135.691"
"10","P","Ricky Taylor","3","1:16.459","5:23.130","Green","Track","0.596","6.736","6.764","10.750","7.650","9.776","11.330","16.165","1.623","5.069","138.423"
"31","P","Dane Cameron","3","1:16.090","5:28.089","Green","Track","0.589","6.672","6.889","10.796","7.584","9.799","11.258","15.883","1.589","5.031","140.068"
"90","P","Marc Goossens","3","1:17.282","5:32.068","Green","Track","0.596","6.698","7.221","10.887","7.656","10.116","11.408","15.942","1.650","5.108","138.423"
"5","P","Christian Fittipaldi","3","1:16.482","5:33.047","Green","Track","0.592","6.653","7.091","10.920","7.636","9.803","11.244","15.841","1.632","5.070","139.358"
"54","PC","Jonathan Bennett","2","1:21.436","5:39.509","Green","Track","0.608","6.803","7.360","11.478","8.077","10.502","11.949","17.588","1.758","5.313","135.691"
"55","P","Jonathan Bomarito","1","3:02.681","5:43.252","Green","Track","0.000","0.000","15.479","13.472","8.734","37.442","13.274","18.995","1.764","5.099","0.000"
"3","GTLM","Jan Magnussen","3","1:19.507","5:56.649","Green","Track","0.645","7.189","7.312","11.070","7.991","10.152","12.080","15.895","1.706","5.467","127.907"
"911","GTLM","Patrick Pilet","3","1:19.307","5:59.145","Green","Track","0.641","7.123","7.294","11.061","7.986","10.214","11.897","15.971","1.687","5.433","128.705"
"912","GTLM","Earl Bamber","3","1:19.486","6:01.573","Green","Track","0.642","7.101","7.180","10.980","7.939","10.035","11.922","16.480","1.734","5.473","128.505"
"4","GTLM","Oliver Gavin","3","1:19.457","6:02.659","Green","Track","0.637","7.090","7.206","10.946","8.023","10.182","11.824","16.422","1.695","5.432","129.513"
"52","PC","Robert Alon","3","1:20.327","6:04.166","Green","Track","0.612","7.113","7.573","11.446","8.086","10.175","11.644","16.802","1.655","5.221","134.804"
"25","GTLM","Bill Auberlen","3","1:18.775","6:08.034","Green","Track","0.635","7.070","7.087","10.992","7.972","10.137","11.795","15.980","1.685","5.422","129.921"
"100","GTLM","John Edwards","3","1:25.641","6:10.317","Green","Track","0.635","7.049","7.353","11.277","8.235","10.271","16.775","16.891","1.714","5.441","129.921"
"8","PC","Alex Popow","3","1:20.733","6:11.861","Green","Track","0.617","6.897","7.348","11.497","8.163","10.304","12.085","16.914","1.688","5.220","133.712"
"62","GTLM","Toni Vilander","3","1:24.167","6:15.981","Green","Track","0.643","7.153","7.328","11.300","8.129","11.454","14.047","16.889","1.727","5.497","128.305"
"85","PC","Stephen Simpson","3","1:19.288","6:16.606","Green","Track","0.603","6.727","7.379","11.232","7.825","10.343","11.878","16.277","1.746","5.278","136.816"
"88","PC","Ashley Freiberg","3","1:22.042","6:19.130","Green","Track","0.610","6.854","7.798","11.727","8.028","10.543","11.997","17.593","1.674","5.218","135.246"
"60","P","John Pew","3","1:21.016","6:19.999","Green","Track","0.597","6.719","7.621","11.737","8.132","10.118","11.729","17.496","1.712","5.155","138.191"
"68","GTLM","Alessandro Balzan","3","1:20.422","6:23.568","Green","Track","0.641","7.102","7.326","11.086","7.979","10.188","12.139","16.728","1.752","5.481","128.705"
"66","GTLM","Joey Hand","3","1:24.380","6:24.971","Green","Track","0.638","7.087","7.346","11.291","8.102","10.172","12.001","20.571","1.721","5.451","129.310"
"0","P","Andy Meyrick","3","1:19.441","6:27.379","Green","Track","0.590","6.616","7.388","11.676","7.875","10.121","11.547","17.060","1.590","4.978","139.831"
"20","PC","Tomy Drissi","3","1:24.706","6:40.701","Green","Track","0.613","6.913","8.306","12.644","8.439","10.731","12.238","17.895","1.697","5.230","134.584"
"10","P","Ricky Taylor","4","1:18.520","6:41.650","Green","Track","0.593","6.676","7.454","11.957","8.003","9.972","11.214","16.017","1.585","5.049","139.123"
"70","P","Tom Long","2","1:22.042","6:44.483","Green","Track","0.590","6.612","7.954","11.940","8.106","11.100","11.779","17.257","1.674","5.030","139.831"
"38","PC","Kyle Marcelli","3","1:21.917","6:44.914","Green","Track","0.613","7.032","7.816","11.958","8.214","10.542","11.966","17.050","1.614","5.112","134.584"
"90","P","Marc Goossens","4","1:16.636","6:48.704","Green","Track","0.594","6.676","7.001","10.806","7.774","9.916","11.331","15.788","1.649","5.101","138.889"
"5","P","Christian Fittipaldi","4","1:16.266","6:49.313","Green","Track","0.592","6.639","6.877","10.807","7.628","9.824","11.464","15.772","1.614","5.049","139.358"
"31","P","Dane Cameron","4","1:29.807","6:57.896","Green","Pit","0.589","6.634","6.989","10.924","7.678","9.840","11.265","17.092","3.532","15.264","140.068"
"54","PC","Jonathan Bennett","3","1:20.304","6:59.813","Green","Track","0.613","6.827","7.398","11.378","8.027","10.146","11.853","17.056","1.730","5.276","134.584"
"55","P","Jonathan Bomarito","2","1:19.814","7:03.066","Green","Track","0.589","6.655","7.664","11.693","7.910","10.252","11.509","16.882","1.654","5.006","140.068"
"3","GTLM","Jan Magnussen","4","1:19.242","7:15.891","Green","Track","0.642","7.153","7.191","11.059","8.009","10.136","11.944","15.930","1.706","5.472","128.505"
"911","GTLM","Patrick Pilet","4","1:18.703","7:17.848","Green","Track","0.637","7.104","7.074","10.889","7.964","10.172","11.852","15.860","1.703","5.448","129.513"
"912","GTLM","Earl Bamber","4","1:18.845","7:20.418","Green","Track","0.638","7.089","7.036","10.916","7.934","10.074","11.810","16.137","1.736","5.475","129.310"
"4","GTLM","Oliver Gavin","4","1:19.077","7:21.736","Green","Track","0.636","7.058","7.216","10.987","7.999","10.128","11.820","16.118","1.688","5.427","129.717"
"52","PC","Robert Alon","4","1:19.621","7:23.787","Green","Track","0.610","6.822","7.553","11.220","7.920","10.249","11.720","16.652","1.659","5.216","135.246"
"25","GTLM","Bill Auberlen","4","1:18.536","7:26.570","Green","Track","0.634","7.057","6.992","10.937","7.887","10.051","11.807","15.972","1.734","5.465","130.126"
"100","GTLM","John Edwards","4","1:18.841","7:29.158","Green","Track","0.635","7.054","7.025","10.948","8.049","10.080","11.945","15.941","1.718","5.446","129.921"
"8","PC","Alex Popow","4","1:20.804","7:32.665","Green","Track","0.610","6.881","7.373","11.556","8.090","10.330","12.022","17.003","1.694","5.245","135.246"
"62","GTLM","Toni Vilander","4","1:20.252","7:36.233","Green","Track","0.640","7.167","7.247","11.253","8.036","10.281","12.107","16.312","1.718","5.491","128.906"
"85","PC","Stephen Simpson","4","1:22.775","7:39.381","Green","Track","0.609","6.798","7.530","11.228","7.945","10.654","13.145","18.051","1.625","5.190","135.468"
"88","PC","Ashley Freiberg","4","1:21.197","7:40.327","Green","Track","0.607","6.804","7.333","11.600","7.966","10.378","11.888","17.733","1.678","5.210","135.914"
"60","P","John Pew","4","1:20.807","7:40.806","Green","Track","0.596","6.713","7.446","11.758","8.108","10.072","11.943","17.389","1.653","5.129","138.423"
"68","GTLM","Alessandro Balzan","4","1:20.012","7:43.580","Green","Track","0.640","7.107","7.200","11.177","8.021","10.196","12.093","16.439","1.704","5.435","128.906"
"66","GTLM","Joey Hand","4","1:19.832","7:44.803","Green","Track","0.637","7.112","7.370","11.136","8.066","10.097","11.908","16.347","1.717","5.442","129.513"
"0","P","Andy Meyrick","4","1:18.454","7:45.833","Green","Track","0.587","6.599","7.277","11.384","7.966","9.971","11.480","16.606","1.583","5.001","140.545"
"10","P","Ricky Taylor","5","1:16.226","7:57.876","Green","Track","0.593","6.698","7.082","10.718","7.750","9.694","11.246","15.750","1.613","5.082","139.123"
"20","PC","Tomy Drissi","4","1:24.243","8:04.944","Green","Track","0.610","6.918","8.651","12.220","8.267","10.558","12.193","17.846","1.727","5.253","135.246"
"70","P","Tom Long","3","1:20.645","8:05.128","Green","Track","0.586","6.576","7.541","11.411","7.942","10.274","11.740","17.900","1.655","5.020","140.785"
"38","PC","Kyle Marcelli","4","1:22.527","8:07.441","Green","Track","0.601","6.763","7.407","11.377","8.094","10.296","11.971","17.542","1.653","6.823","137.271"
"5","P","Christian Fittipaldi","5","1:19.279","8:08.592","Green","Track","0.592","6.628","7.042","11.364","7.867","9.823","11.759","17.527","1.608","5.069","139.358"
"54","PC","Jonathan Bennett","4","1:20.012","8:19.825","Green","Track","0.611","6.852","7.200","11.294","7.947","10.223","11.828","17.078","1.713","5.266","135.025"
"55","P","Jonathan Bomarito","3","1:17.028","8:20.094","Green","Track","0.583","6.609","7.279","11.088","7.689","9.773","11.286","16.072","1.641","5.008","141.509"
"90","P","Marc Goossens","5","1:33.679","8:22.383","Green","Pit","0.592","6.674","7.538","11.901","7.859","9.947","11.569","18.019","4.207","15.373","139.358"
"3","GTLM","Jan Magnussen","5","1:18.943","8:34.834","Green","Track","0.642","7.151","7.190","11.030","7.955","10.075","11.875","15.857","1.697","5.471","128.505"
"911","GTLM","Patrick Pilet","5","1:18.192","8:36.040","Green","Track","0.637","7.094","7.012","10.882","7.832","9.966","11.809","15.851","1.676","5.433","129.513"
"4","GTLM","Oliver Gavin","5","1:18.342","8:40.078","Green","Track","0.633","7.061","7.087","10.877","7.918","9.973","11.757","15.885","1.702","5.449","130.332"
"52","PC","Robert Alon","5","1:19.131","8:42.918","Green","Track","0.608","6.798","7.351","11.192","7.963","10.166","11.710","16.435","1.666","5.242","135.691"
"25","GTLM","Bill Auberlen","5","1:18.091","8:44.661","Green","Track","0.635","7.049","6.929","10.945","7.888","9.978","11.755","15.750","1.713","5.449","129.921"
"100","GTLM","John Edwards","5","1:18.508","8:47.666","Green","Track","0.636","7.048","7.031","11.004","7.968","10.028","11.820","15.836","1.700","5.437","129.717"
"912","GTLM","Earl Bamber","5","1:30.158","8:50.576","Green","Pit","0.636","7.067","6.899","10.942","7.960","9.970","11.895","16.049","3.487","15.253","129.717"
"8","PC","Alex Popow","5","1:20.317","8:52.982","Green","Track","0.613","6.895","7.457","11.377","8.058","10.250","11.949","16.800","1.673","5.245","134.584"
"62","GTLM","Toni Vilander","5","1:19.976","8:56.209","Green","Track","0.641","7.137","7.133","11.240","8.077","10.166","11.983","16.406","1.705","5.488","128.705"
"85","PC","Stephen Simpson","5","1:18.295","8:57.676","Green","Track","0.609","6.804","7.286","11.051","7.755","10.272","11.712","15.960","1.650","5.196","135.468"
"68","GTLM","Alessandro Balzan","5","1:22.143","9:05.723","Green","Track","0.636","7.082","8.564","11.539","8.161","10.297","12.257","16.459","1.700","5.448","129.717"
"0","P","Andy Meyrick","5","1:27.057","9:12.890","Green","Track","0.586","6.551","9.192","12.400","8.031","11.743","13.848","18.123","1.587","4.996","140.785"
"66","GTLM","Joey Hand","5","1:32.837","9:17.640","Green","Pit","0.635","7.071","8.434","11.402","8.201","10.312","11.947","16.495","3.181","15.159","129.921"
"60","P","John Pew","5","1:40.768","9:21.574","Green","Pit","0.597","6.635","13.497","12.568","8.065","10.239","11.891","17.532","4.250","15.494","138.191"
"70","P","Tom Long","4","1:19.884","9:25.012","Green","Track","0.584","6.646","8.602","11.417","7.864","10.056","11.578","16.475","1.645","5.017","141.267"
"10","P","Ricky Taylor","6","1:28.992","9:26.868","Green","Pit","0.598","6.723","7.071","10.803","7.719","9.770","11.251","16.046","3.770","15.241","137.960"
"5","P","Christian Fittipaldi","6","1:19.213","9:27.805","Green","Track","0.598","6.680","7.800","11.540","8.420","9.944","11.651","15.926","1.601","5.053","137.960"
"20","PC","Tomy Drissi","5","1:28.427","9:33.371","Green","Track","0.611","7.065","9.553","12.847","9.587","11.033","12.803","17.930","1.736","5.262","135.025"
"38","PC","Kyle Marcelli","5","1:26.035","9:33.476","Green","Track","0.920","8.728","10.506","12.006","8.133","10.443","11.940","16.640","1.633","5.086","89.674"
"55","P","Jonathan Bomarito","4","1:18.660","9:38.754","Green","Track","0.585","6.873","8.038","11.098","7.716","10.018","11.434","16.276","1.633","4.989","141.026"
"54","PC","Jonathan Bennett","5","1:20.157","9:39.982","Green","Track","0.613","6.834","7.321","11.292","8.077","10.080","11.720","17.295","1.706","5.219","134.584"
"31","P","Eric Curran","5","3:08.650","10:06.546","Green","Track","0.000","0.000","17.306","14.094","10.439","12.371","12.802","18.496","1.672","5.103","0.000"
"3","GTLM","Jan Magnussen","6","1:37.180","10:12.014","Green","Pit","0.641","7.173","9.450","13.550","8.482","10.353","12.038","16.400","3.937","15.156","128.705"
"100","GTLM","John Edwards","6","1:24.849","10:12.515","Green","Track","0.634","7.035","7.505","12.427","8.407","10.566","13.237","17.903","1.700","5.435","130.126"
"911","GTLM","Patrick Pilet","6","1:36.838","10:12.878","Green","Pit","0.636","7.159","8.824","13.455","8.786","10.479","12.069","16.677","3.483","15.270","129.717"
"4","GTLM","Oliver Gavin","6","1:33.500","10:13.578","Green","Pit","0.633","7.072","7.632","11.804","8.516","10.371","12.015","16.705","3.604","15.148","130.332"
"8","PC","Alex Popow","6","1:20.734","10:13.716","Green","Track","0.614","6.894","7.488","11.642","8.063","10.182","12.003","16.964","1.669","5.215","134.365"
"52","PC","Robert Alon","6","1:34.673","10:17.591","Green","Pit","0.609","6.812","7.372","11.258","8.041","10.884","11.785","17.593","4.685","15.634","135.468"
"25","GTLM","Bill Auberlen","6","1:35.113","10:19.774","Green","Pit","0.633","7.009","7.242","11.927","9.259","11.235","12.498","16.609","3.605","15.096","130.332"
"68","GTLM","Alessandro Balzan","6","1:19.741","10:25.464","Green","Track","0.638","7.105","7.549","11.113","7.928","10.159","12.048","16.067","1.700","5.434","129.310"
"88","PC","Ashley Freiberg","5","2:47.169","10:27.496","Green","Pit","0.607","6.800","74.740","12.550","8.154","10.564","12.005","18.341","6.992","16.416","135.914"
"85","PC","Stephen Simpson","6","1:33.649","10:31.325","Green","Pit","0.608","6.807","7.547","11.406","8.119","10.572","11.844","16.920","4.062","15.764","135.691"
"62","GTLM","Toni Vilander","6","1:35.893","10:32.102","Green","Pit","0.641","7.143","7.893","11.785","8.294","10.310","12.471","17.408","4.584","15.364","128.705"
"5","P","Christian Fittipaldi","7","1:16.084","10:43.889","Green","Track","0.594","6.650","6.882","10.712","7.649","9.752","11.317","15.840","1.621","5.067","138.889"
"0","P","Andy Meyrick","6","1:32.685","10:45.575","Green","Pit","0.585","6.592","7.257","11.277","7.759","9.872","11.483","17.479","4.874","15.507","141.026"
"38","PC","Kyle Marcelli","6","1:19.086","10:52.562","Green","Track","0.590","6.790","7.411","11.215","7.850","10.083","11.921","16.530","1.593","5.103","139.831"
"55","P","Jonathan Bomarito","5","1:17.127","10:55.881","Green","Track","0.581","6.574","7.187","11.010","8.136","9.737","11.288","15.947","1.655","5.012","141.997"
"70","P","Tom Long","5","1:30.913","10:55.925","Green","Pit","0.585","6.584","7.460","11.047","7.764","9.926","11.495","16.985","3.736","15.331","141.026"
"20","PC","Tomy Drissi","6","1:27.263","11:00.634","Green","Track","0.611","7.044","9.234","13.269","9.193","10.833","12.301","17.821","1.710","5.247","135.025"
"54","PC","Jonathan Bennett","6","1:42.804","11:22.786","Green","Track","0.606","6.774","28.261","12.447","8.327","10.373","11.945","17.115","1.718","5.238","136.139"
"31","P","Eric Curran","6","1:21.960","11:28.506","Green","Track","0.593","6.977","8.931","11.947","7.975","10.603","11.594","16.719","1.588","5.033","139.123"
"100","GTLM","John Edwards","7","1:18.969","11:31.484","Green","Track","0.633","7.057","7.029","11.000","8.002","10.190","11.784","16.164","1.693","5.417","130.332"
"912","GTLM","Earl Bamber","6","2:51.019","11:41.595","Green","Track","0.000","0.000","14.073","12.520","8.443","10.852","12.403","17.320","1.724","5.486","0.000"
"68","GTLM","Alessandro Balzan","7","1:19.937","11:45.401","Green","Track","0.638","7.099","7.330","11.044","7.993","10.244","12.037","16.300","1.752","5.500","129.310"
"8","PC","Alex Popow","7","1:33.312","11:47.028","Green","Pit","0.611","6.894","7.383","11.389","8.043","10.221","11.946","17.316","4.129","15.380","135.025"
"5","P","Christian Fittipaldi","8","1:16.201","12:00.090","Green","Track","0.592","6.668","6.965","10.780","7.633","9.699","11.228","15.882","1.656","5.098","139.358"
"38","PC","Kyle Marcelli","7","1:18.423","12:10.985","Green","Track","0.602","6.796","7.431","11.073","7.831","9.985","11.713","16.235","1.622","5.135","137.043"
"55","P","Jonathan Bomarito","6","1:21.123","12:17.004","Green","Track","0.585","6.598","6.963","11.578","7.837","10.106","11.822","18.920","1.661","5.053","141.026"
"66","GTLM","Joey Hand","6","3:03.104","12:20.744","Green","Track","0.000","0.000","16.370","13.417","8.816","11.585","12.656","18.049","1.761","5.487","0.000"
"20","PC","Tomy Drissi","7","1:22.800","12:23.434","Green","Track","0.612","6.913","8.070","11.956","8.325","10.522","12.086","17.403","1.683","5.230","134.804"
"60","P","John Pew","6","3:07.023","12:28.597","Green","Track","0.000","0.000","16.484","12.733","8.595","10.676","11.990","17.230","1.693","5.146","0.000"
"54","PC","Jonathan Bennett","7","1:19.749","12:42.535","Green","Track","0.609","6.852","7.338","11.295","7.891","10.088","11.723","16.949","1.731","5.273","135.468"
"31","P","Eric Curran","7","1:18.494","12:47.000","Green","Track","0.591","6.670","7.769","11.361","7.698","10.027","11.433","16.293","1.605","5.047","139.594"
"911","GTLM","Patrick Pilet","7","2:44.255","12:57.133","Green","Track","0.000","0.000","15.105","12.531","8.498","10.836","12.408","17.052","1.678","5.462","0.000"
"912","GTLM","Earl Bamber","7","1:19.373","13:00.968","Green","Track","0.644","7.112","7.252","11.100","7.884","10.123","11.975","16.003","1.763","5.517","128.106"
"100","GTLM","John Edwards","8","1:29.934","13:01.418","Green","Pit","0.633","7.050","7.013","11.053","7.949","10.066","11.804","15.831","3.448","15.087","130.332"
"10","P","Ricky Taylor","7","3:35.704","13:02.572","Green","Track","0.000","0.000","14.269","11.448","7.833","9.976","11.335","15.964","1.614","5.084","0.000"
"85","PC","Misha Goikhberg","7","2:40.336","13:11.661","Green","Track","0.000","0.000","15.359","12.208","8.222","10.481","12.044","17.450","1.666","5.221","0.000"
"68","GTLM","Alessandro Balzan","8","1:32.382","13:17.783","Green","Pit","0.639","7.120","7.500","11.160","7.970","10.178","12.133","16.518","3.999","15.165","129.108"
"38","PC","Kyle Marcelli","8","1:18.649","13:29.634","Green","Track","0.602","6.800","7.202","11.200","7.783","10.278","11.785","16.254","1.609","5.136","137.043"
"5","P","Christian Fittipaldi","9","1:29.477","13:29.567","Green","Pit","0.594","6.670","7.088","10.810","7.712","9.782","11.345","16.627","3.597","15.252","138.889"
"70","P","Tom Long","6","2:36.415","13:32.340","Green","Track","0.000","0.000","15.039","13.714","8.950","12.004","12.442","17.894","1.724","5.095","0.000"
"62","GTLM","Giancarlo Fisichella","7","3:07.893","13:39.995","Green","Track","0.000","0.000","16.526","12.132","8.297","10.501","12.226","16.785","1.723","5.508","0.000"
"66","GTLM","Joey Hand","7","1:22.709","13:43.453","Green","Track","0.639","7.112","8.138","11.855","8.218","10.577","12.153","16.869","1.708","5.440","129.108"
"55","P","Jonathan Bomarito","7","1:29.005","13:46.009","Green","Pit","0.591","6.709","7.138","10.729","7.670","9.774","11.498","15.975","3.782","15.139","139.594"
"60","P","John Pew","7","1:20.953","13:49.550","Green","Track","0.598","6.781","7.558","11.773","8.021","10.519","11.822","17.010","1.696","5.175","137.960"
"52","PC","Tom Kimber-Smith","7","3:40.044","13:57.635","Green","Track","0.000","0.000","15.187","13.110","9.124","11.130","12.835","18.108","1.721","5.287","0.000"
"54","PC","Jonathan Bennett","8","1:19.806","14:02.341","Green","Track","0.611","6.839","7.246","11.254","8.083","10.027","11.824","16.913","1.712","5.297","135.025"
"31","P","Eric Curran","8","1:17.675","14:04.675","Green","Track","0.593","6.656","7.438","11.156","7.625","9.861","11.357","16.358","1.589","5.042","139.123"
"0","P","Andy Meyrick","7","3:22.328","14:07.903","Green","Track","0.000","0.000","15.071","14.159","9.325","11.472","13.649","19.262","1.634","5.066","0.000"
"20","PC","Tomy Drissi","8","1:47.356","14:10.790","Green","Pit","0.611","6.909","8.779","13.082","9.932","13.094","13.384","20.114","5.398","16.053","135.025"
"90","P","Marc Goossens","6","5:52.325","14:14.708","Green","Track","0.000","0.000","14.289","12.150","8.023","10.236","11.425","15.964","1.621","5.103","0.000"
"911","GTLM","Patrick Pilet","8","1:20.145","14:17.278","Green","Track","0.644","7.141","7.311","11.055","8.008","10.220","12.098","16.547","1.672","5.449","128.106"
"10","P","Ricky Taylor","8","1:17.651","14:20.223","Green","Track","0.597","6.687","6.916","10.797","7.673","9.745","11.389","17.021","1.671","5.155","138.191"
"912","GTLM","Earl Bamber","8","1:19.526","14:20.494","Green","Track","0.642","7.100","7.039","10.864","7.815","9.972","12.229","16.688","1.693","5.484","128.505"
"85","PC","Misha Goikhberg","8","1:20.246","14:31.907","Green","Track","0.610","6.915","7.404","11.446","7.833","10.112","11.629","17.402","1.658","5.237","135.246"
"25","GTLM","Bill Auberlen","7","4:13.412","14:33.186","Green","Track","0.000","0.000","15.002","13.550","8.740","10.995","12.745","19.200","1.783","5.501","0.000"
"4","GTLM","Oliver Gavin","7","4:25.613","14:39.191","Green","Track","0.000","0.000","15.206","12.343","8.542","10.718","12.258","16.680","1.678","5.460","0.000"
"8","PC","Renger van der Zande","8","2:58.718","14:45.746","Green","Track","0.000","0.000","15.228","12.639","8.387","10.557","12.011","17.772","1.644","5.226","0.000"
"38","PC","Kyle Marcelli","9","1:18.103","14:47.737","Green","Track","0.603","6.794","7.209","11.025","7.806","10.002","11.827","16.110","1.606","5.121","136.816"
"70","P","Tom Long","7","1:21.139","14:53.479","Green","Track","0.589","6.603","7.833","12.110","8.040","10.264","11.787","17.206","1.665","5.042","140.068"
"66","GTLM","Joey Hand","8","1:21.004","15:04.457","Green","Track","0.635","7.084","7.828","11.414","8.063","10.277","11.907","16.615","1.729","5.452","129.921"
"60","P","John Pew","8","1:22.052","15:11.602","Green","Track","0.601","6.764","7.288","12.506","9.285","10.047","11.859","16.852","1.672","5.178","137.271"
"62","GTLM","Giancarlo Fisichella","8","1:32.219","15:12.214","Green","Pit","0.642","7.212","7.263","11.150","8.019","10.232","12.014","16.752","3.890","15.045","128.505"
"88","PC","Mark Kvamme","6","4:51.520","15:19.016","Green","Track","0.000","0.000","17.466","14.187","10.302","11.609","13.356","19.788","1.833","5.773","0.000"
"52","PC","Tom Kimber-Smith","8","1:21.634","15:19.269","Green","Track","0.615","6.909","7.895","12.011","8.075","10.231","12.041","16.962","1.673","5.222","134.146"
"31","P","Eric Curran","9","1:17.241","15:21.916","Green","Track","0.592","6.639","7.276","10.972","7.595","9.904","11.367","16.241","1.608","5.047","139.358"
"54","PC","Jonathan Bennett","9","1:20.803","15:23.144","Green","Track","0.612","6.846","7.274","11.341","7.927","10.178","11.818","17.820","1.715","5.272","134.804"
"0","P","Andy Meyrick","8","1:19.916","15:27.819","Green","Track","0.593","6.648","7.648","11.838","8.034","10.114","11.699","16.746","1.588","5.008","139.123"
"90","P","Marc Goossens","7","1:16.814","15:31.522","Green","Track","0.596","6.687","6.926","10.742","7.636","9.830","11.398","16.269","1.629","5.101","138.423"
"3","GTLM","Jan Magnussen","7","5:22.223","15:34.237","Green","Track","0.000","0.000","16.085","12.050","8.377","10.392","12.049","19.332","1.706","5.489","0.000"
"911","GTLM","Patrick Pilet","9","1:18.290","15:35.568","Green","Track","0.641","7.133","6.992","10.777","7.887","10.038","11.864","15.825","1.686","5.447","128.705"
"10","P","Ricky Taylor","9","1:16.821","15:37.044","Green","Track","0.603","6.785","6.877","10.708","7.652","10.129","11.459","15.888","1.627","5.093","136.816"
"912","GTLM","Earl Bamber","9","1:18.320","15:38.814","Green","Track","0.640","7.090","6.986","10.829","7.872","9.970","11.764","15.913","1.758","5.498","128.906"
"68","GTLM","Daniel Serra","9","2:31.216","15:48.999","Green","Track","0.000","0.000","15.544","12.849","8.639","10.653","12.504","16.862","1.761","5.514","0.000"
"85","PC","Misha Goikhberg","9","1:19.921","15:51.828","Green","Track","0.612","6.901","7.310","11.564","7.894","10.146","11.691","16.822","1.707","5.274","134.804"
"25","GTLM","Bill Auberlen","8","1:22.077","15:55.263","Green","Track","0.640","7.122","7.916","11.736","8.318","10.482","12.273","16.384","1.729","5.477","128.906"
"100","GTLM","Lucas Luhr","9","2:56.638","15:58.056","Green","Track","0.000","0.000","17.883","15.107","9.739","11.560","13.819","22.072","1.835","5.591","0.000"
"4","GTLM","Oliver Gavin","8","1:20.554","15:59.745","Green","Track","0.641","7.164","7.706","11.191","8.141","10.261","12.038","16.233","1.699","5.480","128.705"
"8","PC","Renger van der Zande","9","1:19.818","16:05.564","Green","Track","0.612","6.906","7.353","11.358","8.134","10.073","11.757","16.744","1.659","5.222","134.804"
"38","PC","Kyle Marcelli","10","1:18.108","16:05.845","Green","Track","0.601","6.777","7.046","11.022","7.876","9.916","11.759","16.352","1.634","5.125","137.271"
"66","GTLM","Joey Hand","9","1:20.014","16:24.471","Green","Track","0.634","7.110","7.415","11.264","8.130","10.114","11.830","16.335","1.726","5.456","130.126"
"70","P","Tom Long","8","1:36.913","16:30.392","Green","Pit","0.587","6.602","7.810","12.509","8.627","11.422","12.115","17.899","3.969","15.373","140.545"
"60","P","John Pew","9","1:19.317","16:30.919","Green","Track","0.600","6.787","7.271","11.427","7.957","9.915","11.688","16.694","1.759","5.219","137.500"
"52","PC","Tom Kimber-Smith","9","1:19.942","16:39.211","Green","Track","0.610","6.921","7.404","11.405","8.068","10.125","11.854","16.632","1.674","5.249","135.246"
"31","P","Eric Curran","10","1:19.088","16:41.004","Green","Track","0.000","0.000","7.460","12.177","7.961","10.059","11.377","16.166","1.589","5.055","0.000"
"0","P","Andy Meyrick","9","1:19.053","16:46.872","Green","Track","0.590","6.684","7.125","11.203","7.944","9.985","11.574","17.374","1.574","5.000","139.831"
"90","P","Marc Goossens","8","1:17.295","16:48.817","Green","Track","0.594","6.678","7.004","10.689","7.585","9.747","11.285","16.917","1.669","5.127","138.889"
"88","PC","Mark Kvamme","7","1:30.039","16:49.055","Green","Track","0.669","7.746","8.540","13.680","9.541","11.045","12.688","18.775","1.850","5.505","123.318"
"3","GTLM","Jan Magnussen","8","1:19.542","16:53.779","Green","Track","0.647","7.200","7.341","11.103","8.079","10.156","12.018","15.804","1.709","5.485","127.512"
"911","GTLM","Patrick Pilet","10","1:19.806","16:55.374","Green","Track","0.638","7.106","6.964","10.778","7.883","10.092","12.046","17.175","1.679","5.445","129.310"
"54","PC","Jonathan Bennett","10","1:33.324","16:56.468","Green","Pit","0.612","6.833","7.773","11.513","8.265","10.176","11.815","17.163","3.812","15.362","134.804"
"912","GTLM","Earl Bamber","10","1:30.658","17:09.472","Green","Pit","0.640","7.101","7.137","10.983","7.948","9.985","12.035","16.081","3.468","15.280","128.906"
"68","GTLM","Daniel Serra","10","1:21.329","17:10.328","Green","Track","0.640","7.144","7.460","11.770","8.117","10.241","12.203","16.571","1.714","5.469","128.906"
"85","PC","Misha Goikhberg","10","1:19.665","17:11.493","Green","Track","0.613","6.911","7.339","11.359","8.215","10.164","11.534","16.627","1.667","5.236","134.584"
"25","GTLM","Bill Auberlen","9","1:20.238","17:15.501","Green","Track","0.639","7.100","7.261","11.113","8.002","10.358","11.989","16.583","1.724","5.469","129.108"
"20","PC","Johnny Mowlem","9","3:06.091","17:16.881","Green","Track","0.000","0.000","15.305","14.243","9.333","11.403","12.536","19.425","1.783","5.299","0.000"
"10","P","Ricky Taylor","10","1:40.271","17:17.315","Green","Pit","0.597","7.412","10.032","12.817","8.561","11.164","13.113","17.740","3.587","15.248","138.191"
"4","GTLM","Oliver Gavin","9","1:19.285","17:19.030","Green","Track","0.643","7.141","7.273","10.984","7.991","10.099","11.952","16.054","1.689","5.459","128.305"
"38","PC","Kyle Marcelli","11","1:18.342","17:24.187","Green","Track","0.597","6.679","7.127","11.294","7.969","10.047","11.710","16.171","1.622","5.126","138.191"
"8","PC","Renger van der Zande","10","1:20.473","17:26.037","Green","Track","0.612","6.879","7.540","11.534","7.995","10.227","11.766","17.031","1.663","5.226","134.804"
"62","GTLM","Giancarlo Fisichella","9","2:15.301","17:27.515","Green","Track","0.000","0.000","14.124","12.830","8.549","10.748","13.036","18.834","1.713","5.490","0.000"
"100","GTLM","Lucas Luhr","10","1:36.636","17:34.692","Green","Track","0.647","7.152","7.866","16.047","10.029","13.038","12.848","21.699","1.781","5.529","127.512"
"66","GTLM","Joey Hand","10","1:20.136","17:44.607","Green","Track","0.636","7.092","7.570","11.214","8.042","10.120","11.919","16.401","1.709","5.433","129.717"
"5","P","Christian Fittipaldi","10","4:17.786","17:47.353","Green","Track","0.000","0.000","13.891","12.109","8.107","10.026","12.226","16.562","1.598","5.061","0.000"
"60","P","John Pew","10","1:18.993","17:49.912","Green","Track","0.601","6.780","7.150","11.379","7.884","10.207","11.696","16.524","1.653","5.119","137.271"
"52","PC","Tom Kimber-Smith","10","1:18.686","17:57.897","Green","Track","0.611","6.868","7.347","11.112","7.851","10.039","11.731","16.244","1.668","5.215","135.025"
"31","P","Eric Curran","11","1:17.157","17:58.161","Green","Track","0.590","6.647","7.292","10.981","7.672","9.901","11.326","16.124","1.598","5.026","139.831"
"0","P","Andy Meyrick","10","1:17.130","18:04.002","Green","Track","0.591","6.651","7.055","11.090","7.754","9.776","11.449","16.192","1.584","4.988","139.594"
"3","GTLM","Jan Magnussen","9","1:20.615","18:14.394","Green","Track","0.644","7.172","7.179","11.006","7.962","10.156","11.782","17.483","1.728","5.503","128.106"
"88","PC","Mark Kvamme","8","1:26.450","18:15.505","Green","Track","0.678","7.509","7.983","12.258","8.421","10.586","12.520","19.254","1.860","5.381","121.681"
"90","P","Marc Goossens","9","1:29.026","18:17.843","Green","Pit","0.595","6.670","6.996","10.704","7.832","9.790","11.343","15.947","3.902","15.247","138.655"
"911","GTLM","Patrick Pilet","11","1:23.155","18:18.529","Green","Track","0.640","7.099","6.993","10.708","7.995","10.004","11.908","20.677","1.683","5.448","128.906"
"85","PC","Misha Goikhberg","11","1:19.442","18:30.935","Green","Track","0.609","6.870","7.287","11.089","7.852","10.210","11.548","17.058","1.680","5.239","135.468"
"68","GTLM","Daniel Serra","11","1:21.931","18:32.259","Green","Track","0.638","7.132","7.235","11.104","7.943","10.353","12.187","18.198","1.707","5.434","129.310"
"25","GTLM","Bill Auberlen","10","1:18.589","18:34.090","Green","Track","0.637","7.090","7.106","10.914","7.866","10.094","11.804","15.901","1.723","5.454","129.513"
"4","GTLM","Oliver Gavin","10","1:18.862","18:37.892","Green","Track","0.640","7.145","7.138","10.845","8.117","10.117","11.834","15.869","1.701","5.456","128.906"
"20","PC","Johnny Mowlem","10","1:24.333","18:41.214","Green","Track","0.615","6.884","7.999","12.027","8.562","11.708","12.052","17.536","1.705","5.245","134.146"
"8","PC","Renger van der Zande","11","1:18.725","18:44.762","Green","Track","0.612","6.872","7.152","11.004","7.841","9.955","11.846","16.595","1.646","5.202","134.804"
"62","GTLM","Giancarlo Fisichella","10","1:20.107","18:47.622","Green","Track","0.642","7.181","7.393","11.353","7.952","10.171","12.016","16.198","1.717","5.484","128.505"
"100","GTLM","Lucas Luhr","11","1:20.977","18:55.669","Green","Track","0.640","7.119","7.548","11.363","8.280","10.352","12.134","16.334","1.736","5.471","128.906"
"38","PC","Kyle Marcelli","12","1:32.511","18:56.698","Green","Pit","0.601","6.773","7.384","11.511","8.042","9.988","11.737","16.924","4.157","15.394","137.271"
"5","P","Christian Fittipaldi","11","1:16.878","19:04.231","Green","Track","0.590","6.674","7.018","10.768","7.620","9.789","11.288","16.448","1.610","5.073","139.831"
"66","GTLM","Joey Hand","11","1:19.649","19:04.256","Green","Track","0.634","7.093","7.313","11.142","7.966","10.074","11.847","16.342","1.759","5.479","130.126"
"60","P","John Pew","11","1:18.294","19:08.206","Green","Track","0.596","6.719","7.063","11.306","7.873","9.923","11.639","16.337","1.678","5.160","138.423"
"31","P","Eric Curran","12","1:17.207","19:15.368","Green","Track","0.586","6.588","7.333","10.977","7.677","9.909","11.334","16.166","1.584","5.053","140.785"
"52","PC","Tom Kimber-Smith","11","1:19.567","19:17.464","Green","Track","0.610","6.820","7.846","11.263","7.929","10.096","11.678","16.458","1.658","5.209","135.246"
"0","P","Andy Meyrick","11","1:17.220","19:21.222","Green","Track","0.587","6.630","6.972","11.208","7.696","9.715","11.542","16.285","1.585","5.000","140.545"
"54","PC","Colin Braun","11","2:32.753","19:29.221","Green","Track","0.000","0.000","13.711","11.554","7.996","9.986","11.658","16.385","1.646","5.165","0.000"
"3","GTLM","Jan Magnussen","10","1:18.750","19:33.144","Green","Track","0.644","7.168","7.163","10.910","7.932","10.128","11.797","15.784","1.730","5.494","128.106"
"911","GTLM","Patrick Pilet","12","1:19.594","19:38.123","Green","Track","0.639","7.098","6.908","10.746","7.895","10.303","12.008","16.871","1.680","5.446","129.108"
"88","PC","Mark Kvamme","9","1:25.038","19:40.543","Green","Track","0.619","6.949","7.925","12.047","8.366","11.261","12.448","18.370","1.731","5.322","133.279"
"85","PC","Misha Goikhberg","12","1:19.619","19:50.554","Green","Track","0.611","6.912","7.326","11.196","7.825","10.100","11.750","16.934","1.710","5.255","135.025"
"68","GTLM","Daniel Serra","12","1:19.664","19:51.923","Green","Track","0.633","7.113","7.266","11.056","8.033","10.263","12.039","16.109","1.708","5.444","130.332"
"25","GTLM","Bill Auberlen","11","1:18.338","19:52.428","Green","Track","0.633","7.041","6.982","10.843","7.811","10.190","11.721","15.950","1.721","5.446","130.332"
"4","GTLM","Oliver Gavin","11","1:18.240","19:56.132","Green","Track","0.640","7.137","7.036","10.925","7.877","9.953","11.743","15.766","1.695","5.468","128.906"
"912","GTLM","Earl Bamber","11","2:49.822","19:59.294","Green","Track","0.000","0.000","13.386","11.588","8.209","10.008","11.890","16.027","1.724","5.482","0.000"
"20","PC","Johnny Mowlem","11","1:21.027","20:02.241","Green","Track","0.613","6.882","7.696","11.411","8.006","10.425","12.042","17.010","1.700","5.242","134.584"
"8","PC","Renger van der Zande","12","1:18.827","20:03.589","Green","Track","0.611","6.879","7.236","11.176","7.840","9.966","11.722","16.332","1.764","5.301","135.025"
"62","GTLM","Giancarlo Fisichella","11","1:18.762","20:06.384","Green","Track","0.641","7.168","7.049","10.951","7.953","10.158","11.868","15.775","1.717","5.482","128.705"
"100","GTLM","Lucas Luhr","12","1:19.244","20:14.913","Green","Track","0.638","7.073","7.217","11.002","7.993","10.083","11.992","16.037","1.737","5.472","129.310"
"5","P","Christian Fittipaldi","12","1:15.991","20:20.222","Green","Track","0.595","6.685","6.973","10.630","7.556","9.642","11.364","15.787","1.653","5.106","138.655"
"66","GTLM","Joey Hand","12","1:19.432","20:23.688","Green","Track","0.636","7.106","7.326","11.192","8.028","9.993","11.894","16.135","1.703","5.419","129.717"
"60","P","John Pew","12","1:18.347","20:26.553","Green","Track","0.598","6.729","7.087","11.355","7.988","9.829","11.661","16.325","1.630","5.145","137.960"
"10","P","Ricky Taylor","11","3:13.337","20:30.652","Green","Track","0.000","0.000","13.793","11.600","7.828","9.922","11.302","16.223","1.584","5.044","0.000"
"31","P","Eric Curran","13","1:16.362","20:31.730","Green","Track","0.592","6.651","7.076","10.813","7.660","9.754","11.278","15.876","1.616","5.046","139.358"
"52","PC","Tom Kimber-Smith","12","1:18.125","20:35.589","Green","Track","0.609","6.831","7.093","10.972","7.848","9.962","11.728","16.208","1.663","5.211","135.468"
"0","P","Andy Meyrick","12","1:17.164","20:38.386","Green","Track","0.585","6.645","7.040","11.028","7.655","9.840","11.505","16.283","1.579","5.004","141.026"
"90","P","Marc Goossens","10","2:28.285","20:46.128","Green","Track","0.000","0.000","15.765","12.969","8.563","11.067","11.946","17.101","1.712","5.169","0.000"
"54","PC","Colin Braun","12","1:17.233","20:46.454","Green","Track","0.603","6.771","6.971","10.861","7.770","9.953","11.466","16.057","1.624","5.157","136.816"
"3","GTLM","Jan Magnussen","11","1:18.803","20:51.947","Green","Track","0.645","7.151","7.139","10.865","7.876","10.097","11.892","15.932","1.725","5.481","127.907"
"911","GTLM","Patrick Pilet","13","1:20.755","20:58.878","Green","Track","0.639","7.110","7.935","11.189","8.153","10.215","12.067","16.342","1.673","5.432","129.108"
"88","PC","Mark Kvamme","10","1:24.153","21:04.696","Green","Track","0.619","6.931","8.198","12.167","8.340","10.649","12.265","17.921","1.755","5.308","133.279"
"85","PC","Misha Goikhberg","13","1:19.501","21:10.055","Green","Track","0.610","6.899","7.175","11.502","7.959","10.076","11.602","16.764","1.677","5.237","135.246"
"68","GTLM","Daniel Serra","13","1:19.705","21:11.628","Green","Track","0.633","7.116","7.208","11.141","8.016","10.198","12.046","16.200","1.714","5.433","130.332"
"4","GTLM","Oliver Gavin","12","1:18.363","21:14.495","Green","Track","0.641","7.143","7.037","10.808","7.869","10.054","11.776","15.915","1.676","5.444","128.705"
"25","GTLM","Bill Auberlen","12","1:24.146","21:16.574","Green","Track","0.629","7.024","7.979","12.672","9.283","10.915","11.972","16.493","1.710","5.469","131.161"
"912","GTLM","Earl Bamber","12","1:18.176","21:17.470","Green","Track","0.640","7.091","6.898","11.106","7.824","9.972","11.797","15.742","1.677","5.429","128.906"
"70","P","Tom Long","9","4:50.437","21:20.829","Green","Track","0.000","0.000","15.563","13.231","8.222","10.933","12.207","16.862","1.678","5.062","0.000"
"20","PC","Johnny Mowlem","12","1:20.341","21:22.582","Green","Track","0.611","6.894","7.570","11.406","7.921","10.323","11.901","16.824","1.680","5.211","135.025"
"62","GTLM","Giancarlo Fisichella","12","1:18.228","21:24.612","Green","Track","0.641","7.178","6.967","10.835","7.821","10.020","11.877","15.708","1.705","5.476","128.705"
"100","GTLM","Lucas Luhr","13","1:18.625","21:33.538","Green","Track","0.640","7.089","7.154","10.914","7.941","10.076","11.839","15.815","1.710","5.447","128.906"
"8","PC","Renger van der Zande","13","1:31.734","21:35.323","Green","Pit","0.616","6.900","7.156","11.086","8.005","10.182","11.738","16.891","3.766","15.394","133.929"
"5","P","Christian Fittipaldi","13","1:16.321","21:36.543","Green","Track","0.599","6.685","6.937","10.813","7.583","9.741","11.328","15.901","1.630","5.104","137.730"
"66","GTLM","Joey Hand","13","1:19.385","21:43.073","Green","Track","0.633","7.080","7.223","11.078","8.051","10.019","11.947","16.173","1.729","5.452","130.332"
"10","P","Ricky Taylor","12","1:16.092","21:46.744","Green","Track","0.594","6.689","6.960","10.762","7.637","9.768","11.274","15.734","1.599","5.075","138.889"
"31","P","Eric Curran","14","1:16.150","21:47.880","Green","Track","0.589","6.626","7.013","10.800","7.619","9.702","11.184","15.972","1.597","5.048","140.068"
"52","PC","Tom Kimber-Smith","13","1:17.960","21:53.549","Green","Track","0.609","6.817","7.118","10.870","7.885","9.962","11.664","16.171","1.658","5.206","135.468"
"0","P","Andy Meyrick","13","1:16.578","21:54.964","Green","Track","0.590","6.630","6.988","10.915","7.699","9.809","11.368","16.002","1.573","5.004","139.831"
"60","P","John Pew","13","1:31.992","21:58.545","Green","Pit","0.603","6.759","7.176","11.305","7.849","10.005","11.585","16.679","4.486","15.545","136.816"
"90","P","Marc Goossens","11","1:19.079","22:05.207","Green","Track","0.596","6.704","7.402","12.101","7.791","10.087","11.429","16.211","1.638","5.120","138.423"
"54","PC","Colin Braun","13","1:22.453","22:08.907","Green","Track","0.600","6.741","7.342","12.805","8.244","9.867","11.515","18.531","1.637","5.171","137.500"
"38","PC","James French","13","3:14.135","22:10.833","Green","Track","0.000","0.000","15.815","13.586","9.052","11.151","12.197","17.896","1.613","5.131","0.000"
"911","GTLM","Patrick Pilet","14","1:17.913","22:16.791","Green","Track","0.638","7.103","6.876","10.688","7.854","9.925","11.864","15.823","1.689","5.453","129.310"
"3","GTLM","Jan Magnussen","12","1:32.272","22:24.219","Green","Pit","0.641","7.148","7.222","10.993","8.019","10.124","11.918","16.860","4.033","15.314","128.705"
"88","PC","Mark Kvamme","11","1:23.105","22:27.801","Green","Track","0.625","7.030","7.677","12.091","8.323","10.333","12.264","17.673","1.754","5.335","132.000"
"85","PC","Misha Goikhberg","14","1:19.142","22:29.197","Green","Track","0.609","6.886","7.245","11.358","7.807","10.102","11.582","16.422","1.713","5.418","135.468"
"68","GTLM","Daniel Serra","14","1:19.330","22:30.958","Green","Track","0.632","7.101","7.251","11.060","7.978","10.149","11.895","16.099","1.714","5.451","130.538"
"4","GTLM","Oliver Gavin","13","1:18.806","22:33.301","Green","Track","0.639","7.131","7.124","10.955","8.032","10.031","11.922","15.837","1.684","5.451","129.108"
"25","GTLM","Bill Auberlen","13","1:18.172","22:34.746","Green","Track","0.634","7.039","6.956","10.943","7.805","10.018","11.744","15.778","1.763","5.492","130.126"
"912","GTLM","Earl Bamber","13","1:17.646","22:35.116","Green","Track","0.637","7.061","6.855","10.773","7.846","9.889","11.804","15.657","1.691","5.433","129.513"
"70","P","Tom Long","10","1:17.650","22:38.479","Green","Track","0.589","6.578","7.250","11.291","7.735","9.858","11.426","16.233","1.665","5.025","140.068"
"20","PC","Johnny Mowlem","13","1:19.448","22:42.030","Green","Track","0.610","6.876","7.348","11.281","7.961","10.113","11.691","16.650","1.680","5.238","135.246"
"62","GTLM","Giancarlo Fisichella","13","1:21.579","22:46.191","Green","Track","0.639","7.170","6.862","10.835","7.836","9.971","12.952","18.130","1.705","5.479","129.108"
"5","P","Christian Fittipaldi","14","1:17.467","22:54.010","Green","Track","0.604","6.719","7.106","11.057","7.749","9.794","11.470","16.224","1.638","5.106","136.589"
"100","GTLM","Lucas Luhr","14","1:23.990","22:57.528","Green","Track","0.635","7.064","7.899","11.560","9.732","11.174","12.233","16.315","1.809","5.569","129.921"
"66","GTLM","Joey Hand","14","1:18.847","23:01.920","Green","Track","0.637","7.086","7.230","10.988","7.955","9.958","11.729","16.064","1.737","5.463","129.513"
"10","P","Ricky Taylor","13","1:15.474","23:02.218","Green","Track","0.596","6.705","6.808","10.644","7.584","9.640","11.247","15.544","1.619","5.087","138.423"
"31","P","Eric Curran","15","1:16.329","23:04.209","Green","Track","0.589","6.622","7.125","10.791","7.633","9.855","11.262","15.815","1.597","5.040","140.068"
"52","PC","Tom Kimber-Smith","14","1:18.064","23:11.613","Green","Track","0.610","6.835","7.139","10.979","7.834","9.950","11.635","16.219","1.658","5.205","135.246"
"0","P","Andy Meyrick","14","1:21.020","23:15.984","Green","Track","0.590","6.624","6.911","11.074","7.721","9.820","11.484","20.230","1.565","5.001","139.831"
"90","P","Marc Goossens","12","1:15.873","23:21.080","Green","Track","0.597","6.692","6.997","10.765","7.515","9.673","11.189","15.642","1.683","5.120","138.191"
"54","PC","Colin Braun","14","1:16.944","23:25.851","Green","Track","0.602","6.783","6.916","10.880","7.746","9.811","11.513","15.878","1.649","5.166","137.043"
"38","PC","James French","14","1:20.138","23:30.971","Green","Track","0.603","6.795","7.253","11.441","7.921","10.547","11.746","17.106","1.600","5.126","136.816"
"911","GTLM","Patrick Pilet","15","1:17.710","23:34.501","Green","Track","0.639","7.128","6.853","10.723","7.833","9.887","11.828","15.674","1.693","5.452","129.108"
"85","PC","Misha Goikhberg","15","1:19.934","23:49.131","Green","Track","0.618","6.887","7.280","11.192","7.893","10.435","11.978","16.776","1.660","5.215","133.495"
"88","PC","Mark Kvamme","12","1:22.753","23:50.554","Green","Track","0.619","6.922","7.555","11.825","8.152","10.409","12.230","17.941","1.742","5.358","133.279"
"4","GTLM","Oliver Gavin","14","1:18.494","23:51.795","Green","Track","0.639","7.117","7.002","10.879","7.887","9.985","12.028","15.788","1.698","5.471","129.108"
"912","GTLM","Earl Bamber","14","1:19.812","23:54.928","Green","Track","0.636","7.093","8.196","11.079","7.882","9.955","11.884","15.964","1.686","5.437","129.717"
"68","GTLM","Daniel Serra","15","1:25.115","23:56.073","Green","Track","0.634","7.096","7.190","11.012","7.931","11.132","13.858","19.027","1.743","5.492","130.126"
"70","P","Tom Long","11","1:17.844","23:56.323","Green","Track","0.583","6.540","7.448","11.145","7.804","9.914","11.332","16.433","1.650","4.995","141.509"
"20","PC","Johnny Mowlem","14","1:19.174","24:01.204","Green","Track","0.610","6.870","7.340","11.201","7.827","10.215","11.722","16.463","1.691","5.235","135.246"
"25","GTLM","Bill Auberlen","14","1:29.269","24:04.015","Green","Pit","0.634","7.050","6.932","10.800","7.818","10.011","11.726","15.796","3.431","15.071","130.126"
"62","GTLM","Giancarlo Fisichella","14","1:20.497","24:06.688","Green","Track","0.640","7.188","6.953","11.873","8.150","10.248","12.057","16.171","1.725","5.492","128.906"
"8","PC","Renger van der Zande","14","2:41.800","24:17.123","Green","Track","0.000","0.000","15.472","14.004","9.419","12.089","14.248","19.796","1.993","5.715","0.000"
"10","P","Ricky Taylor","14","1:17.240","24:19.458","Green","Track","0.595","6.751","6.881","10.714","7.707","9.742","11.251","16.903","1.605","5.091","138.655"
"31","P","Eric Curran","16","1:17.370","24:21.579","Green","Track","0.590","6.606","6.953","10.928","7.738","9.974","11.473","16.437","1.609","5.062","139.831"
"5","P","Christian Fittipaldi","15","1:32.652","24:26.662","Green","Pit","0.601","6.691","6.869","10.749","7.620","9.665","13.090","17.981","4.147","15.239","137.271"
"60","P","Oswaldo Negri","14","2:31.168","24:29.713","Green","Track","0.000","0.000","13.503","12.225","8.136","10.174","12.260","16.628","1.606","5.090","0.000"
"52","PC","Tom Kimber-Smith","15","1:18.911","24:30.524","Green","Track","0.608","6.829","7.062","11.047","7.864","9.947","11.640","17.017","1.669","5.228","135.691"
"66","GTLM","Joey Hand","15","1:33.482","24:35.402","Green","Pit","0.636","7.073","7.468","11.272","8.195","10.779","12.237","17.197","3.383","15.242","129.717"
"90","P","Marc Goossens","13","1:16.906","24:37.986","Green","Track","0.596","6.670","6.894","10.621","7.540","10.435","11.354","16.068","1.633","5.095","138.423"
"100","GTLM","Lucas Luhr","15","1:40.764","24:38.292","Green","Pit","0.644","7.122","7.317","10.914","8.013","10.097","12.419","24.911","4.236","15.091","128.106"
"54","PC","Colin Braun","15","1:16.987","24:42.838","Green","Track","0.604","6.778","6.878","10.835","7.701","9.831","11.460","16.034","1.682","5.184","136.589"
"38","PC","James French","15","1:19.566","24:50.537","Green","Track","0.603","6.809","7.328","11.160","7.982","10.452","11.767","16.750","1.598","5.117","136.816"
"0","P","Andy Meyrick","15","1:39.209","24:55.193","Green","Pit","0.584","6.623","7.789","12.002","8.325","10.828","13.652","18.667","4.941","15.798","141.267"
"3","GTLM","Antonio Garcia","13","2:32.903","24:57.122","Green","Track","0.000","0.000","15.649","11.674","8.255","10.338","12.092","16.545","1.683","5.464","0.000"
"911","GTLM","Patrick Pilet","16","1:32.710","25:07.211","Finish","Pit","0.638","7.124","7.346","11.265","8.240","10.295","12.176","16.886","3.513","15.227","129.310"
"85","PC","Misha Goikhberg","16","1:18.530","25:07.661","Finish","Track","0.612","6.881","7.144","11.096","7.719","9.932","11.519","16.681","1.675","5.271","134.804"
"88","PC","Mark Kvamme","13","1:23.128","25:13.682","Finish","Track","0.620","6.930","7.517","11.955","8.333","10.549","12.508","17.564","1.763","5.389","133.065"
"70","P","Tom Long","12","1:18.497","25:14.820","Finish","Track","0.579","6.569","7.030","11.103","7.721","9.833","11.404","17.597","1.647","5.014","142.487"
"68","GTLM","Daniel Serra","16","1:19.972","25:16.045","Finish","Track","0.637","7.090","7.366","11.120","7.975","10.189","12.051","16.399","1.707","5.438","129.513"
"20","PC","Johnny Mowlem","15","1:19.132","25:20.336","Finish","Track","0.611","6.878","7.292","11.188","7.833","10.184","11.694","16.548","1.687","5.217","135.025"
"62","GTLM","Giancarlo Fisichella","15","1:18.753","25:25.441","Finish","Track","0.641","7.194","6.923","10.997","8.069","10.061","11.872","15.776","1.729","5.491","128.705"
"912","GTLM","Earl Bamber","15","1:30.972","25:25.900","Finish","Pit","0.637","7.070","6.893","10.720","7.811","9.848","11.890","17.236","3.636","15.231","129.513"
"4","GTLM","Oliver Gavin","15","1:34.855","25:26.650","Finish","Pit","0.638","7.125","7.104","11.291","8.277","10.426","13.193","17.770","3.879","15.152","129.310"
"10","P","Ricky Taylor","15","1:16.596","25:36.054","Finish","Track","0.599","6.720","7.108","10.895","7.784","9.757","11.263","15.737","1.630","5.103","137.730"
"31","P","Eric Curran","17","1:18.470","25:40.049","Finish","Track","0.586","6.644","7.082","12.061","7.812","9.885","11.497","16.243","1.596","5.064","140.785"
"60","P","Oswaldo Negri","15","1:16.902","25:46.615","Finish","Track","0.596","6.711","6.840","10.768","7.714","9.780","11.393","16.337","1.641","5.122","138.423"
"52","PC","Tom Kimber-Smith","16","1:18.360","25:48.884","Finish","Track","0.609","6.817","7.063","11.496","7.807","9.991","11.549","16.163","1.658","5.207","135.468"
"90","P","Marc Goossens","14","1:15.933","25:53.919","Finish","Track","0.593","6.698","6.960","10.581","7.569","9.744","11.199","15.751","1.691","5.147","139.123"
"8","PC","Renger van der Zande","15","1:42.629","25:59.752","Finish","Pit","0.657","7.617","9.786","13.584","8.571","11.011","12.440","18.725","4.615","15.623","125.571"
"38","PC","James French","16","1:18.792","26:09.329","Finish","Track","0.603","6.815","7.102","11.103","7.895","10.195","11.672","16.683","1.609","5.115","136.816"
"54","PC","Colin Braun","16","1:31.923","26:14.761","Finish","Pit","0.602","6.798","6.877","11.680","7.909","10.163","11.646","16.852","3.967","15.429","137.043"
"3","GTLM","Antonio Garcia","14","1:19.726","26:16.848","Finish","Track","0.642","7.165","7.219","10.979","8.074","10.128","11.958","16.300","1.749","5.512","128.505"
"85","PC","Misha Goikhberg","16","1:34.496","25:07.661","Finish","Track","0.616","6.966","7.539","11.717","8.009","10.282","11.735","17.202","4.831","0.000","133.929"
"70","P","Tom Long","12","1:30.528","25:14.820","Finish","Track","0.583","6.619","7.077","11.241","7.724","9.903","11.386","16.803","3.906","0.000","141.509"
