"Car","Class","Driver","Lap","Lap Time","Session Time","Flag","Location","S01","S02","S03","S04","S05","S06","S07","S08","SP3"
"23","GTD","Alex Riberas","1","1:43.240","1:43.240","Green","Track","0.000","32.284","25.665","12.238","0.646","9.407","4.409","6.859","105.721"
"63","GTD","Christina Nielsen","1","1:44.870","1:44.870","Green","Track","0.000","33.520","27.679","12.084","0.542","9.197","4.707","6.905","126.006"
"22","GTD","Cooper MacNeil","1","1:45.557","1:45.557","Green","Track","0.000","32.467","27.065","12.020","0.517","9.456","4.649","6.986","132.100"
"44","GTD","John Potter","1","1:47.869","1:47.869","Green","Track","0.000","34.252","28.508","12.003","0.448","9.017","5.245","7.335","152.445"
"33","GTD","Ben Keating","1","1:54.270","1:54.270","Green","Track","9.694","33.557","33.052","11.959","0.447","8.689","4.787","7.055","152.786"
"6","GTD","Andrew Davis","1","2:08.987","2:08.987","Green","Track","12.737","38.938","33.932","14.075","0.480","8.906","4.673","6.924","142.282"
"97","GTD","Michael Marsal","1","2:10.161","2:10.161","Green","Track","10.744","38.910","33.575","12.656","0.514","9.576","4.756","7.068","132.871"
"96","GTD","Bret Curtis","1","2:18.849","2:18.849","Green","Track","10.479","39.191","34.996","18.812","0.778","10.438","5.484","7.226","87.783"
"27","GTD","Cedric Sbirrazzuoli","1","2:32.956","2:32.956","Green","Track","9.791","28.400","27.621","12.561","0.536","9.455","4.714","7.030","127.417"
"48","GTD","Madison Snow","1","2:38.298","2:38.298","Green","Track","9.738","32.680","35.705","27.849","0.913","13.656","4.690","7.061","74.803"
"9","GTD","Matt Bell","1","3:00.003","3:00.003","Green","Track","9.612","25.361","25.534","12.037","0.447","8.046","4.502","6.927","152.786"
"23","GTD","Alex Riberas","2","1:23.486","3:06.726","Green","Track","3.250","22.376","26.349","11.971","0.448","7.881","4.332","6.879","152.445"
"63","GTD","Christina Nielsen","2","1:23.593","3:08.463","Green","Track","3.342","22.268","25.858","11.950","0.449","8.403","4.537","6.786","152.106"
"22","GTD","Cooper MacNeil","2","1:24.072","3:09.629","Green","Track","3.436","22.663","25.637","11.897","0.444","8.466","4.590","6.939","153.819"
"44","GTD","John Potter","2","1:24.005","3:11.874","Green","Track","3.466","22.427","26.137","11.926","0.443","8.198","4.495","6.913","154.166"
"33","GTD","Ben Keating","2","1:25.147","3:19.417","Green","Track","3.259","21.661","25.531","13.539","0.609","9.170","4.624","6.754","112.144"
"16","GTD","Spencer Pumpelly","1","3:23.643","3:23.643","Green","Track","9.712","26.677","29.428","15.834","0.645","10.060","4.652","6.821","105.884"
"6","GTD","Andrew Davis","2","1:21.358","3:30.345","Green","Track","3.282","22.221","24.652","11.874","0.443","7.872","4.334","6.680","154.166"
"97","GTD","Michael Marsal","2","1:22.625","3:32.786","Green","Track","3.372","22.299","25.023","11.760","0.439","8.398","4.462","6.872","155.571"
"96","GTD","Bret Curtis","2","1:23.790","3:42.639","Green","Track","3.209","22.162","25.060","11.673","0.439","9.442","4.937","6.868","155.571"
"27","GTD","Cedric Sbirrazzuoli","2","1:21.705","3:54.661","Green","Track","3.381","22.169","24.833","11.730","0.438","7.973","4.507","6.674","155.926"
"48","GTD","Madison Snow","2","1:24.588","4:02.886","Green","Track","3.345","22.246","25.135","13.034","0.579","9.055","4.467","6.727","117.954"
"9","GTD","Matt Bell","2","1:20.954","4:20.957","Green","Track","3.109","21.324","24.757","11.907","0.445","7.926","4.328","7.158","153.473"
"23","GTD","Alex Riberas","3","1:18.958","4:25.684","Green","Track","3.118","20.909","23.915","11.838","0.445","7.824","4.264","6.645","153.473"
"63","GTD","Christina Nielsen","3","1:21.527","4:29.990","Green","Track","3.130","21.807","24.882","11.885","0.447","8.081","4.469","6.826","152.786"
"22","GTD","Cooper MacNeil","3","1:21.950","4:31.579","Green","Track","3.363","21.988","25.030","11.860","0.444","8.152","4.328","6.785","153.819"
"44","GTD","John Potter","3","1:21.170","4:33.044","Green","Track","3.196","21.070","25.067","11.898","0.443","8.259","4.395","6.842","154.166"
"73","GTD","Patrick Lindsey","1","4:38.657","4:38.657","Green","Track","14.290","29.121","29.700","12.457","0.508","9.371","5.645","7.223","134.440"
"33","GTD","Ben Keating","3","1:21.027","4:40.444","Green","Track","3.094","22.109","24.560","11.701","0.438","7.879","4.446","6.800","155.926"
"16","GTD","Spencer Pumpelly","2","1:23.169","4:46.812","Green","Track","3.256","21.698","24.447","12.172","0.476","9.503","4.948","6.669","143.478"
"6","GTD","Andrew Davis","3","1:18.980","4:49.325","Green","Track","3.079","20.869","24.125","11.825","0.441","7.717","4.265","6.659","154.865"
"97","GTD","Michael Marsal","3","1:21.104","4:53.890","Green","Track","3.251","21.315","24.777","11.745","0.438","8.318","4.392","6.868","155.926"
"96","GTD","Bret Curtis","3","1:19.770","5:02.409","Green","Track","3.098","21.294","24.364","11.653","0.437","7.796","4.464","6.664","156.283"
"27","GTD","Cedric Sbirrazzuoli","3","1:19.159","5:13.820","Green","Track","3.133","20.932","24.290","11.673","0.436","7.733","4.280","6.682","156.641"
"48","GTD","Madison Snow","3","1:20.111","5:22.997","Green","Track","3.127","21.086","24.492","11.691","0.436","8.191","4.436","6.652","156.641"
"9","GTD","Matt Bell","3","1:19.638","5:40.595","Green","Track","3.088","20.929","24.488","11.941","0.446","7.773","4.332","6.641","153.129"
"23","GTD","Alex Riberas","4","1:18.344","5:44.028","Green","Track","3.085","20.466","23.853","11.811","0.444","7.786","4.177","6.722","153.819"
"63","GTD","Christina Nielsen","4","1:20.171","5:50.161","Green","Track","3.163","21.337","24.292","11.907","0.448","8.034","4.294","6.696","152.445"
"22","GTD","Cooper MacNeil","4","1:20.269","5:51.848","Green","Track","3.208","21.153","24.447","11.831","0.444","8.053","4.266","6.867","153.819"
"44","GTD","John Potter","4","1:21.998","5:55.042","Green","Track","3.130","20.994","25.966","12.014","0.446","8.336","4.409","6.703","153.129"
"33","GTD","Ben Keating","4","1:19.841","6:00.285","Green","Track","3.137","20.992","24.558","11.703","0.438","7.825","4.286","6.902","155.926"
"73","GTD","Patrick Lindsey","2","1:25.431","6:04.088","Green","Track","3.271","21.821","26.669","12.647","0.472","8.611","5.083","6.857","144.694"
"16","GTD","Spencer Pumpelly","3","1:18.915","6:05.727","Green","Track","3.098","20.925","24.138","11.677","0.433","7.600","4.363","6.681","157.726"
"6","GTD","Andrew Davis","4","1:18.725","6:08.050","Green","Track","3.064","20.552","24.213","11.832","0.441","7.699","4.271","6.653","154.865"
"97","GTD","Michael Marsal","4","1:20.450","6:14.340","Green","Track","3.193","21.175","24.454","11.714","0.440","8.176","4.440","6.858","155.217"
"96","GTD","Bret Curtis","4","1:18.985","6:21.394","Green","Track","3.108","20.851","23.983","11.638","0.438","7.708","4.511","6.748","155.926"
"27","GTD","Cedric Sbirrazzuoli","4","1:19.000","6:32.820","Green","Track","3.092","20.785","24.265","11.715","0.438","7.723","4.369","6.613","155.926"
"48","GTD","Madison Snow","4","1:19.442","6:42.439","Green","Track","3.173","20.791","24.240","11.695","0.437","8.109","4.341","6.656","156.283"
"9","GTD","Matt Bell","4","1:19.194","6:59.789","Green","Track","3.007","20.704","24.372","11.895","0.445","7.743","4.310","6.718","153.473"
"23","GTD","Alex Riberas","5","1:24.372","7:08.400","Green","Track","3.110","20.354","26.936","13.071","0.504","9.272","4.468","6.657","135.507"
"63","GTD","Christina Nielsen","5","1:19.819","7:09.980","Green","Track","3.093","20.911","24.355","11.913","0.448","7.984","4.377","6.738","152.445"
"22","GTD","Cooper MacNeil","5","1:20.294","7:12.142","Green","Track","3.204","21.084","24.435","11.828","0.444","8.099","4.468","6.732","153.819"
"44","GTD","John Potter","5","1:20.340","7:15.382","Green","Track","3.159","21.083","24.445","11.834","0.442","8.151","4.279","6.947","154.515"
"33","GTD","Ben Keating","5","1:19.297","7:19.582","Green","Track","3.180","20.911","24.223","11.669","0.437","7.770","4.363","6.744","156.283"
"73","GTD","Patrick Lindsey","3","1:19.279","7:23.367","Green","Track","3.135","20.770","24.303","11.773","0.440","7.790","4.289","6.779","155.217"
"16","GTD","Spencer Pumpelly","4","1:18.672","7:24.399","Green","Track","3.087","20.819","24.029","11.639","0.430","7.669","4.300","6.699","158.827"
"6","GTD","Andrew Davis","5","1:18.705","7:26.755","Green","Track","3.066","20.735","24.031","11.801","0.439","7.667","4.350","6.616","155.571"
"97","GTD","Michael Marsal","5","1:20.549","7:34.889","Green","Track","0.000","0.000","24.829","11.676","0.438","8.105","4.449","6.757","155.926"
"96","GTD","Bret Curtis","5","1:18.679","7:40.073","Green","Track","3.062","20.846","24.016","11.624","0.435","7.674","4.405","6.617","157.001"
"27","GTD","Cedric Sbirrazzuoli","5","1:23.229","7:56.049","Green","Track","3.080","21.275","25.619","13.292","0.499","8.301","4.408","6.755","136.865"
"48","GTD","Madison Snow","5","1:19.475","8:01.914","Green","Track","3.133","20.789","24.321","11.668","0.435","8.119","4.315","6.695","157.001"
"9","GTD","Matt Bell","5","1:18.976","8:18.765","Green","Track","3.025","20.778","24.105","11.851","0.442","7.755","4.288","6.732","154.515"
"23","GTD","Alex Riberas","6","1:18.245","8:26.645","Green","Track","3.098","20.453","23.950","11.780","0.443","7.679","4.113","6.729","154.166"
"63","GTD","Christina Nielsen","6","1:19.332","8:29.312","Green","Track","3.092","20.921","24.108","11.808","0.444","7.874","4.275","6.810","153.819"
"22","GTD","Cooper MacNeil","6","1:20.593","8:32.735","Green","Track","3.241","21.371","24.413","11.794","0.443","8.171","4.368","6.792","154.166"
"44","GTD","John Potter","6","1:21.209","8:36.591","Green","Track","3.144","22.017","24.444","11.810","0.441","8.166","4.359","6.828","154.865"
"33","GTD","Ben Keating","6","1:19.132","8:38.714","Green","Track","3.062","20.933","24.266","11.629","0.434","7.681","4.352","6.775","157.363"
"73","GTD","Patrick Lindsey","4","1:18.745","8:42.112","Green","Track","3.072","20.509","24.176","11.815","0.440","7.603","4.253","6.877","155.217"
"6","GTD","Andrew Davis","6","1:18.582","8:45.337","Green","Track","3.056","20.718","23.931","11.812","0.440","7.617","4.307","6.701","155.217"
"16","GTD","Spencer Pumpelly","5","1:26.524","8:50.923","Green","Track","3.289","24.020","25.586","13.044","0.509","8.723","4.735","6.618","134.176"
"97","GTD","Michael Marsal","6","1:20.548","8:55.437","Green","Track","3.223","21.080","24.697","11.660","0.437","8.168","4.507","6.776","156.283"
"96","GTD","Bret Curtis","6","1:18.673","8:58.746","Green","Track","3.050","20.632","24.148","11.595","0.434","7.644","4.440","6.730","157.363"
"27","GTD","Cedric Sbirrazzuoli","6","1:19.499","9:15.548","Green","Track","3.102","21.104","24.314","11.648","0.434","7.841","4.351","6.705","157.363"
"48","GTD","Madison Snow","6","1:19.263","9:21.177","Green","Track","3.171","20.754","24.319","11.671","0.434","7.952","4.324","6.638","157.363"
"9","GTD","Matt Bell","6","1:18.832","9:37.597","Green","Track","3.009","20.651","24.236","11.885","0.443","7.642","4.282","6.684","154.166"
"63","GTD","Christina Nielsen","7","1:21.251","9:50.563","Green","Track","3.073","21.002","24.701","11.926","0.466","8.939","4.465","6.679","146.557"
"22","GTD","Cooper MacNeil","7","1:20.395","9:53.130","Green","Track","3.230","21.157","24.384","11.797","0.443","8.268","4.363","6.753","154.166"
"44","GTD","John Potter","7","1:20.197","9:56.788","Green","Track","3.175","21.141","24.428","11.811","0.442","8.121","4.342","6.737","154.515"
"73","GTD","Patrick Lindsey","5","1:19.812","10:01.924","Green","Track","3.121","20.862","24.216","11.776","0.439","7.822","4.843","6.733","155.571"
"33","GTD","Ben Keating","7","1:24.190","10:02.904","Green","Track","3.039","20.880","24.238","12.451","0.603","9.798","5.842","7.339","113.259"
"6","GTD","Andrew Davis","7","1:18.587","10:03.924","Green","Track","3.068","20.524","24.084","11.816","0.439","7.699","4.281","6.676","155.571"
"23","GTD","Alex Riberas","7","1:42.984","10:09.629","Green","Track","3.110","25.323","31.911","16.534","0.918","12.479","5.785","6.924","74.396"
"16","GTD","Spencer Pumpelly","6","1:19.604","10:10.527","Green","Track","3.068","20.856","24.130","11.669","0.433","7.666","4.300","7.482","157.726"
"97","GTD","Michael Marsal","7","1:20.239","10:15.676","Green","Track","3.168","21.092","24.448","11.688","0.437","8.157","4.428","6.821","156.283"
"96","GTD","Bret Curtis","7","1:27.915","10:26.661","Green","Track","3.120","20.956","26.502","16.030","0.594","9.288","4.586","6.839","114.976"
"27","GTD","Cedric Sbirrazzuoli","7","1:19.305","10:34.853","Green","Track","3.162","20.976","24.170","11.637","0.435","7.830","4.394","6.701","157.001"
"48","GTD","Madison Snow","7","1:19.151","10:40.328","Green","Track","3.032","20.852","24.125","11.675","0.435","7.950","4.365","6.717","157.001"
"9","GTD","Matt Bell","7","1:19.132","10:56.729","Green","Track","3.035","20.536","24.274","11.944","0.444","7.819","4.306","6.774","153.819"
"63","GTD","Christina Nielsen","8","1:19.756","11:10.319","Green","Track","3.073","20.741","24.404","11.838","0.446","8.090","4.372","6.792","153.129"
"22","GTD","Cooper MacNeil","8","1:20.429","11:13.559","Green","Track","3.303","21.144","24.532","11.808","0.444","8.084","4.319","6.795","153.819"
"44","GTD","John Potter","8","1:20.580","11:17.368","Green","Track","3.160","21.116","24.717","11.848","0.442","8.212","4.368","6.717","154.515"
"33","GTD","Ben Keating","8","1:19.696","11:22.600","Green","Track","3.029","20.777","24.654","11.645","0.435","7.708","4.443","7.005","157.001"
"73","GTD","Patrick Lindsey","6","1:22.443","11:24.367","Green","Track","3.149","20.699","25.106","12.256","0.572","9.073","4.585","7.003","119.398"
"6","GTD","Andrew Davis","8","1:26.441","11:30.365","Green","Track","3.093","23.945","26.663","12.705","0.525","8.432","4.391","6.687","130.087"
"16","GTD","Spencer Pumpelly","7","1:24.125","11:34.652","Green","Track","3.292","23.347","25.697","11.978","0.436","8.066","4.556","6.753","156.641"
"97","GTD","Michael Marsal","8","1:21.936","11:37.612","Green","Track","3.179","20.996","25.903","11.772","0.438","8.366","4.500","6.782","155.926"
"96","GTD","Bret Curtis","8","1:18.966","11:45.627","Green","Track","3.027","20.827","24.120","11.642","0.437","7.706","4.483","6.724","156.283"
"27","GTD","Cedric Sbirrazzuoli","8","1:20.176","11:55.029","Green","Track","3.099","21.085","24.161","11.655","0.434","8.397","4.561","6.784","157.363"
"48","GTD","Madison Snow","8","1:19.248","11:59.576","Green","Track","3.064","20.783","24.187","11.680","0.436","7.919","4.360","6.819","156.641"
"23","GTD","Alex Riberas","8","1:59.251","12:08.880","Green","Pit","3.230","22.322","33.803","19.451","0.928","16.081","9.581","13.855","73.594"
"9","GTD","Matt Bell","8","1:19.168","12:15.897","Green","Track","3.035","20.696","24.210","11.910","0.444","7.771","4.291","6.811","153.819"
"63","GTD","Christina Nielsen","9","1:20.067","12:30.386","Green","Track","3.105","20.891","24.407","11.871","0.447","8.186","4.377","6.783","152.786"
"22","GTD","Cooper MacNeil","9","1:25.292","12:38.851","Green","Track","3.412","22.739","25.877","11.928","0.461","9.358","4.640","6.877","148.146"
"44","GTD","John Potter","9","1:23.507","12:40.875","Green","Track","3.103","23.053","24.962","11.876","0.444","8.316","4.869","6.884","153.819"
"33","GTD","Ben Keating","9","1:19.549","12:42.149","Green","Track","3.044","20.721","24.289","11.640","0.436","7.827","4.690","6.902","156.641"
"73","GTD","Patrick Lindsey","7","1:24.481","12:48.848","Green","Track","3.485","22.357","26.629","11.897","0.443","8.239","4.527","6.904","154.166"
"6","GTD","Andrew Davis","9","1:19.267","12:49.632","Green","Track","3.052","20.752","24.394","11.879","0.442","7.693","4.364","6.691","154.515"
"16","GTD","Spencer Pumpelly","8","1:19.132","12:53.784","Green","Track","3.108","20.895","24.122","11.703","0.433","7.674","4.385","6.812","157.726"
"97","GTD","Michael Marsal","9","1:21.271","12:58.883","Green","Track","3.225","21.043","24.962","11.714","0.439","8.413","4.583","6.892","155.571"
"96","GTD","Bret Curtis","9","1:18.955","13:04.582","Green","Track","3.048","20.746","24.106","11.652","0.438","7.720","4.489","6.756","155.926"
"27","GTD","Cedric Sbirrazzuoli","9","1:20.545","13:15.574","Green","Track","3.139","21.066","24.802","11.658","0.436","8.027","4.411","7.006","156.641"
"48","GTD","Madison Snow","9","1:22.151","13:21.727","Green","Track","3.041","21.273","26.203","11.792","0.438","8.182","4.382","6.840","155.926"
"9","GTD","Matt Bell","9","1:19.426","13:35.323","Green","Track","3.032","20.769","24.300","11.883","0.445","7.860","4.351","6.786","153.473"
"63","GTD","Christina Nielsen","10","1:19.959","13:50.345","Green","Track","3.063","21.008","24.415","11.891","0.449","7.993","4.352","6.788","152.106"
"22","GTD","Cooper MacNeil","10","1:20.704","13:59.555","Green","Track","3.263","21.214","24.559","11.872","0.448","8.158","4.354","6.836","152.445"
"44","GTD","John Potter","10","1:21.259","14:02.134","Green","Track","3.143","21.605","24.627","11.856","0.444","8.314","4.446","6.824","153.819"
"33","GTD","Ben Keating","10","1:22.994","14:05.143","Green","Track","3.027","21.092","24.518","12.610","0.693","9.638","4.627","6.789","98.550"
"73","GTD","Patrick Lindsey","8","1:21.212","14:10.060","Green","Track","3.089","21.017","25.058","11.927","0.445","8.292","4.537","6.847","153.473"
"16","GTD","Spencer Pumpelly","9","1:19.037","14:12.821","Green","Track","3.069","20.905","24.074","11.711","0.434","7.782","4.280","6.782","157.363"
"6","GTD","Andrew Davis","10","1:27.604","14:17.236","Green","Track","3.071","21.807","26.994","15.867","0.498","8.325","4.301","6.741","137.139"
"97","GTD","Michael Marsal","10","1:20.581","14:19.464","Green","Track","3.171","20.963","24.654","11.724","0.440","8.233","4.587","6.809","155.217"
"96","GTD","Bret Curtis","10","1:20.292","14:24.874","Green","Track","3.004","20.874","24.447","11.690","0.438","8.081","4.780","6.978","155.926"
"27","GTD","Cedric Sbirrazzuoli","10","1:24.300","14:39.874","Green","Track","3.239","22.237","27.163","11.707","0.437","8.280","4.467","6.770","156.283"
"63","GTD","Christina Nielsen","11","1:19.417","15:09.762","Finish","Track","3.080","20.945","24.255","11.889","0.448","7.949","4.247","6.604","152.445"
"22","GTD","Cooper MacNeil","11","1:20.806","15:20.361","Finish","Track","3.265","21.328","24.520","11.872","0.447","8.214","4.399","6.761","152.786"
"44","GTD","John Potter","11","1:21.615","15:23.749","Finish","Track","3.179","21.734","24.756","11.869","0.444","8.389","4.390","6.854","153.819"
"33","GTD","Ben Keating","11","1:19.476","15:24.619","Finish","Track","3.119","20.811","24.399","11.681","0.437","7.731","4.525","6.773","156.283"
"73","GTD","Patrick Lindsey","9","1:19.295","15:29.355","Finish","Track","3.134","20.848","24.099","11.793","0.441","7.734","4.389","6.857","154.865"
"16","GTD","Spencer Pumpelly","10","1:18.771","15:31.592","Finish","Track","3.064","20.818","24.040","11.704","0.433","7.651","4.299","6.762","157.726"
"6","GTD","Andrew Davis","11","1:18.718","15:35.954","Finish","Track","3.049","20.711","24.155","11.865","0.442","7.616","4.237","6.643","154.515"
"97","GTD","Michael Marsal","11","1:20.070","15:39.534","Finish","Track","3.127","21.039","24.457","11.694","0.437","8.097","4.437","6.782","156.283"
"27","GTD","Cedric Sbirrazzuoli","11","1:19.288","15:59.162","Finish","Track","3.143","20.861","24.347","11.659","0.435","7.808","4.369","6.666","157.001"
"48","GTD","Madison Snow","10","4:11.718","17:33.445","Finish","Pit","3.201","21.584","25.362","11.744","0.445","9.425","7.830","172.127","153.473"
"4","GTLM","Oliver Gavin","1","26:28.339","26:28.339","Green","Track","0.000","25.654","24.915","11.936","0.449","8.180","4.278","6.607","152.106"
"3","GTLM","Antonio Garcia","1","26:35.766","26:35.766","Green","Track","0.000","28.039","26.550","12.025","0.479","8.920","4.604","7.013","142.579"
"912","GTLM","Earl Bamber","1","26:40.613","26:40.613","Green","Track","9.779","25.455","24.801","11.781","0.444","8.465","6.481","6.939","153.819"
"911","GTLM","Nick Tandy","1","26:43.621","26:43.621","Green","Track","10.182","27.291","25.569","11.871","0.445","8.533","4.614","6.784","153.473"
"62","GTLM","Giancarlo Fisichella","1","27:18.317","27:18.317","Green","Track","9.565","26.263","25.053","11.906","0.449","8.125","4.430","6.661","152.106"
"4","GTLM","Oliver Gavin","2","1:17.652","27:45.991","Green","Track","3.057","20.541","23.570","11.771","0.443","7.639","4.091","6.540","154.166"
"3","GTLM","Antonio Garcia","2","1:19.185","27:54.951","Green","Track","3.212","21.516","23.837","11.760","0.442","7.726","4.147","6.545","154.515"
"912","GTLM","Earl Bamber","2","1:19.502","28:00.115","Green","Track","3.032","21.781","24.153","11.672","0.439","7.647","4.148","6.630","155.571"
"911","GTLM","Nick Tandy","2","1:19.723","28:03.344","Green","Track","3.159","21.352","24.429","11.678","0.438","7.791","4.204","6.672","155.926"
"67","GTLM","Richard Westbrook","1","28:19.862","28:19.862","Green","Track","584.475","29.557","27.485","11.831","0.443","8.264","4.374","6.637","154.166"
"66","GTLM","Dirk Mueller","1","28:24.530","28:24.530","Green","Track","819.054","26.661","24.968","11.743","0.440","7.958","4.960","6.878","155.217"
"62","GTLM","Giancarlo Fisichella","2","1:17.459","28:35.776","Green","Track","3.070","20.283","23.757","11.773","0.443","7.570","4.145","6.418","154.166"
"4","GTLM","Oliver Gavin","3","1:16.421","29:02.412","Green","Track","3.016","19.919","23.278","11.719","0.442","7.475","4.122","6.450","154.515"
"3","GTLM","Antonio Garcia","3","1:16.413","29:11.364","Green","Track","3.003","19.854","23.458","11.664","0.439","7.436","4.011","6.548","155.571"
"912","GTLM","Earl Bamber","3","1:16.560","29:16.675","Green","Track","3.011","20.087","23.349","11.620","0.437","7.484","4.021","6.551","156.283"
"911","GTLM","Nick Tandy","3","1:17.229","29:20.573","Green","Track","3.050","20.188","23.641","11.642","0.438","7.553","4.144","6.573","155.926"
"100","GTLM","Lucas Luhr","1","29:23.647","29:23.647","Green","Track","0.000","28.044","27.885","15.650","1.325","11.441","4.614","6.838","51.544"
"25","GTLM","Bill Auberlen","1","29:35.058","29:35.058","Green","Track","0.000","27.441","25.564","11.740","0.441","7.782","4.231","6.669","154.865"
"66","GTLM","Dirk Mueller","2","1:16.741","29:41.271","Green","Track","2.972","20.208","23.554","11.632","0.439","7.450","4.103","6.383","155.571"
"67","GTLM","Richard Westbrook","2","1:24.923","29:44.785","Green","Track","3.185","20.984","25.674","13.974","0.539","9.032","4.808","6.727","126.708"
"62","GTLM","Giancarlo Fisichella","3","1:16.569","29:52.345","Green","Track","2.996","19.811","23.553","11.765","0.444","7.459","4.063","6.478","153.819"
"4","GTLM","Oliver Gavin","4","1:16.022","30:18.434","Green","Track","2.988","19.734","23.343","11.646","0.438","7.376","4.034","6.463","155.926"
"3","GTLM","Antonio Garcia","4","1:15.716","30:27.080","Green","Track","2.986","19.632","23.304","11.616","0.437","7.348","3.918","6.475","156.283"
"912","GTLM","Earl Bamber","4","1:16.938","30:33.613","Green","Track","2.980","19.909","23.489","11.627","0.436","7.425","4.091","6.981","156.641"
"911","GTLM","Nick Tandy","4","1:17.691","30:38.264","Green","Track","2.965","20.038","24.240","11.660","0.436","7.542","4.234","6.576","156.641"
"100","GTLM","Lucas Luhr","2","1:17.866","30:41.513","Green","Track","3.034","20.729","23.845","11.570","0.435","7.527","4.092","6.634","157.001"
"25","GTLM","Bill Auberlen","2","1:16.695","30:51.753","Green","Track","3.013","20.189","23.582","11.567","0.435","7.343","4.088","6.478","157.001"
"66","GTLM","Dirk Mueller","3","1:15.614","30:56.885","Green","Track","2.912","19.512","23.412","11.599","0.436","7.309","4.044","6.390","156.641"
"67","GTLM","Richard Westbrook","3","1:17.063","31:01.848","Green","Track","3.021","20.258","23.622","11.607","0.435","7.492","4.103","6.525","157.001"
"62","GTLM","Giancarlo Fisichella","4","1:16.057","31:08.402","Green","Track","2.955","19.692","23.457","11.743","0.441","7.364","4.036","6.369","154.865"
"4","GTLM","Oliver Gavin","5","1:15.549","31:33.983","Green","Track","2.973","19.614","23.154","11.661","0.439","7.347","3.969","6.392","155.571"
"3","GTLM","Antonio Garcia","5","1:15.293","31:42.373","Green","Track","2.991","19.312","23.215","11.602","0.436","7.336","3.964","6.437","156.641"
"912","GTLM","Earl Bamber","5","1:16.965","31:50.578","Green","Track","2.973","20.244","23.573","11.675","0.438","7.428","4.060","6.574","155.926"
"911","GTLM","Nick Tandy","5","1:16.787","31:55.051","Green","Track","2.957","20.195","23.398","11.639","0.437","7.481","4.091","6.589","156.283"
"100","GTLM","Lucas Luhr","3","1:16.396","31:57.909","Green","Track","2.971","19.912","23.480","11.595","0.435","7.375","4.037","6.591","157.001"
"25","GTLM","Bill Auberlen","3","1:15.754","32:07.507","Green","Track","2.958","19.641","23.249","11.575","0.435","7.252","4.122","6.522","157.001"
"66","GTLM","Dirk Mueller","4","1:15.518","32:12.403","Green","Track","2.903","19.495","23.293","11.616","0.436","7.290","4.048","6.437","156.641"
"67","GTLM","Richard Westbrook","4","1:16.114","32:17.962","Green","Track","2.978","19.760","23.508","11.625","0.436","7.416","4.047","6.344","156.641"
"62","GTLM","Giancarlo Fisichella","5","1:15.780","32:24.182","Green","Track","2.966","19.532","23.277","11.709","0.440","7.433","4.017","6.406","155.217"
"4","GTLM","Oliver Gavin","6","1:15.560","32:49.543","Green","Track","2.956","19.540","23.162","11.667","0.439","7.335","4.040","6.421","155.571"
"3","GTLM","Antonio Garcia","6","1:15.318","32:57.691","Green","Track","2.976","19.394","23.261","11.600","0.435","7.297","3.889","6.466","157.001"
"912","GTLM","Earl Bamber","6","1:16.371","33:06.949","Green","Track","2.982","19.797","23.542","11.634","0.436","7.408","4.041","6.531","156.641"
"911","GTLM","Nick Tandy","6","1:16.656","33:11.707","Green","Track","2.975","20.036","23.471","11.629","0.436","7.485","4.057","6.567","156.641"
"100","GTLM","Lucas Luhr","4","1:15.701","33:13.610","Green","Track","2.957","19.726","23.226","11.529","0.433","7.304","4.019","6.507","157.726"
"25","GTLM","Bill Auberlen","4","1:15.737","33:23.244","Green","Track","2.929","19.732","23.233","11.523","0.433","7.266","4.030","6.591","157.726"
"66","GTLM","Dirk Mueller","5","1:18.784","33:31.187","Green","Track","2.926","21.287","24.484","11.629","0.437","7.543","4.139","6.339","156.283"
"67","GTLM","Richard Westbrook","5","1:15.473","33:33.435","Green","Track","2.965","19.531","23.176","11.576","0.433","7.301","4.019","6.472","157.726"
"62","GTLM","Giancarlo Fisichella","6","1:15.846","33:40.028","Green","Track","2.965","19.472","23.356","11.679","0.438","7.334","4.106","6.496","155.926"
"4","GTLM","Oliver Gavin","7","1:15.983","34:05.526","Green","Track","2.949","19.527","23.461","11.654","0.438","7.407","4.049","6.498","155.926"
"3","GTLM","Antonio Garcia","7","1:15.198","34:12.889","Green","Track","2.959","19.422","23.095","11.569","0.435","7.310","3.950","6.458","157.001"
"912","GTLM","Earl Bamber","7","1:17.794","34:24.743","Green","Track","2.981","20.271","24.247","11.641","0.438","7.597","4.034","6.585","155.926"
"911","GTLM","Nick Tandy","7","1:16.577","34:28.284","Green","Track","2.974","19.927","23.415","11.616","0.436","7.506","4.023","6.680","156.641"
"100","GTLM","Lucas Luhr","5","1:15.465","34:29.075","Green","Track","2.939","19.413","23.317","11.524","0.433","7.258","4.075","6.506","157.726"
"25","GTLM","Bill Auberlen","5","1:15.501","34:38.745","Green","Track","2.978","19.563","23.219","11.518","0.434","7.284","4.011","6.494","157.363"
"66","GTLM","Dirk Mueller","6","1:15.519","34:46.706","Green","Track","2.925","19.672","23.173","11.585","0.436","7.341","4.017","6.370","156.641"
"67","GTLM","Richard Westbrook","6","1:18.000","34:51.435","Green","Track","2.947","19.647","23.629","11.616","0.459","8.596","4.649","6.457","148.792"
"4","GTLM","Oliver Gavin","8","1:21.210","35:26.736","Green","Track","2.972","19.618","23.520","15.305","0.490","8.797","4.012","6.496","139.378"
"3","GTLM","Antonio Garcia","8","1:20.481","35:33.370","Green","Track","2.950","21.283","25.951","11.718","0.442","7.551","4.034","6.552","154.515"
"912","GTLM","Earl Bamber","8","1:16.910","35:41.653","Green","Track","2.996","19.864","23.741","11.598","0.437","7.474","4.073","6.727","156.283"
"911","GTLM","Nick Tandy","8","1:16.476","35:44.760","Green","Track","3.002","19.845","23.413","11.597","0.436","7.484","4.107","6.592","156.641"
"100","GTLM","Lucas Luhr","6","1:21.623","35:50.698","Green","Track","2.919","19.797","28.627","11.690","0.438","7.345","4.170","6.637","155.926"
"25","GTLM","Bill Auberlen","6","1:15.628","35:54.373","Green","Track","2.941","19.613","23.295","11.490","0.433","7.315","4.077","6.464","157.726"
"66","GTLM","Dirk Mueller","7","1:15.236","36:01.942","Green","Track","2.950","19.409","23.146","11.580","0.437","7.350","4.057","6.307","156.283"
"67","GTLM","Richard Westbrook","7","1:20.082","36:11.517","Green","Track","2.938","21.487","25.176","11.646","0.443","7.778","4.217","6.397","154.166"
"4","GTLM","Oliver Gavin","9","1:26.612","36:53.348","Green","Pit","2.968","19.679","23.273","11.633","0.438","7.540","7.338","13.743","155.926"
"912","GTLM","Earl Bamber","9","1:16.473","36:58.126","Green","Track","3.005","19.806","23.582","11.661","0.438","7.398","3.985","6.598","155.926"
"911","GTLM","Nick Tandy","9","1:18.785","37:03.545","Green","Track","2.950","20.746","24.477","11.637","0.438","7.740","4.228","6.569","155.926"
"3","GTLM","Antonio Garcia","9","1:31.018","37:04.388","Green","Pit","2.952","19.471","23.246","12.541","0.559","9.572","8.374","14.303","122.174"
"100","GTLM","Lucas Luhr","7","1:15.446","37:06.144","Green","Track","2.945","19.399","23.355","11.516","0.435","7.226","4.077","6.493","157.001"
"25","GTLM","Bill Auberlen","7","1:15.897","37:10.270","Green","Track","2.957","19.635","23.357","11.509","0.433","7.255","4.055","6.696","157.726"
"67","GTLM","Richard Westbrook","8","1:15.651","37:27.168","Green","Track","2.931","19.674","23.264","11.614","0.436","7.369","4.010","6.353","156.641"
"66","GTLM","Dirk Mueller","8","1:47.739","37:49.681","Green","Pit","3.164","25.461","32.456","14.402","0.553","9.833","8.361","13.509","123.500"
"912","GTLM","Earl Bamber","10","1:16.230","38:14.356","Green","Track","2.967","19.814","23.365","11.643","0.438","7.420","4.042","6.541","155.926"
"911","GTLM","Nick Tandy","10","1:16.488","38:20.033","Green","Track","2.950","19.985","23.406","11.640","0.438","7.455","4.067","6.547","155.926"
"100","GTLM","Lucas Luhr","8","1:15.573","38:21.717","Green","Track","2.934","19.491","23.324","11.495","0.433","7.169","4.131","6.596","157.726"
"25","GTLM","Bill Auberlen","8","1:31.560","38:41.830","Green","Pit","3.217","21.523","24.981","11.757","0.480","8.877","7.307","13.418","142.282"
"67","GTLM","Richard Westbrook","9","1:15.468","38:42.636","Green","Track","2.945","19.623","23.193","11.609","0.435","7.319","4.026","6.318","157.001"
"912","GTLM","Earl Bamber","11","1:16.271","39:30.627","Green","Track","2.965","19.758","23.493","11.644","0.438","7.298","4.086","6.589","155.926"
"67","GTLM","Richard Westbrook","10","1:15.611","39:58.247","Green","Track","2.946","19.530","23.325","11.633","0.436","7.317","4.039","6.385","156.641"
"100","GTLM","Lucas Luhr","9","1:43.866","40:05.583","Finish","Pit","3.122","23.301","27.903","15.244","0.637","10.762","8.364","14.533","107.214"
"67","GTLM","Richard Westbrook","11","1:15.430","41:13.677","Finish","Track","2.943","19.416","23.375","11.620","0.438","7.235","4.033","6.370","155.926"
"8","PC","Alex Popow","1","51:36.535","51:36.535","Green","Track","0.000","28.623","26.875","11.364","0.435","8.459","4.564","6.800","157.001"
"54","PC","Colin Braun","1","51:38.700","51:38.700","Green","Track","9.750","25.882","23.759","11.260","0.428","7.545","4.480","6.864","159.569"
"88","PC","Mark Kvamme","1","51:38.629","51:38.629","Green","Track","0.000","28.837","26.968","11.343","0.456","8.430","4.668","7.043","149.771"
"52","PC","Robert Alon","1","51:40.430","51:40.430","Green","Track","11.543","27.515","25.003","11.220","0.425","7.995","4.387","6.579","160.695"
"85","PC","Stephen Simpson","1","51:47.599","51:47.599","Green","Track","9.713","27.946","26.570","11.595","0.474","8.959","4.621","6.706","144.083"
"20","PC","Matthew McMurry","1","52:00.356","52:00.356","Green","Track","13.979","31.882","25.170","11.317","0.430","7.535","4.192","6.518","158.827"
"38","PC","James French","1","52:41.367","52:41.367","Green","Track","9.768","27.110","25.470","15.717","0.592","8.780","4.364","6.597","115.364"
"54","PC","Colin Braun","2","1:15.202","52:53.902","Green","Track","2.891","19.487","23.764","11.275","0.431","7.047","4.152","6.155","158.458"
"8","PC","Alex Popow","2","1:19.086","52:55.621","Green","Track","3.110","20.936","24.461","11.346","0.452","7.649","4.430","6.702","151.096"
"52","PC","Robert Alon","2","1:16.032","52:56.462","Green","Track","3.011","20.314","23.371","11.101","0.424","7.315","4.146","6.350","161.074"
"88","PC","Mark Kvamme","2","1:19.919","52:58.548","Green","Track","3.312","21.409","25.315","11.140","0.423","7.473","4.258","6.589","161.455"
"85","PC","Stephen Simpson","2","1:17.315","53:04.914","Green","Track","3.147","20.613","23.640","11.254","0.431","7.719","4.201","6.310","158.458"
"20","PC","Matthew McMurry","2","1:14.838","53:15.194","Green","Track","3.017","19.356","23.189","11.182","0.430","7.323","4.006","6.335","158.827"
"38","PC","James French","2","1:14.989","53:56.356","Green","Track","2.928","19.513","23.186","11.179","0.427","7.276","4.034","6.446","159.943"
"54","PC","Colin Braun","3","1:12.493","54:06.395","Green","Track","2.769","18.567","22.387","11.214","0.430","6.921","4.044","6.161","158.827"
"52","PC","Robert Alon","3","1:14.511","54:10.973","Green","Track","2.815","19.443","22.676","11.075","0.422","7.197","4.070","6.813","161.838"
"8","PC","Alex Popow","3","1:15.990","54:11.611","Green","Track","2.901","19.342","22.824","11.205","0.427","7.170","4.221","7.900","159.943"
"88","PC","Mark Kvamme","3","1:17.574","54:16.122","Green","Track","3.034","20.473","23.970","11.157","0.423","7.306","4.195","7.016","161.455"
"85","PC","Stephen Simpson","3","1:23.399","54:28.313","Green","Track","2.926","19.562","29.026","13.365","0.461","7.766","4.061","6.232","148.146"
"20","PC","Matthew McMurry","3","1:13.542","54:28.736","Green","Track","2.810","18.693","22.585","11.151","0.426","7.448","4.109","6.320","160.318"
"38","PC","James French","3","1:13.385","55:09.741","Green","Track","2.876","18.867","22.729","11.204","0.430","7.086","3.963","6.230","158.827"
"54","PC","Colin Braun","4","1:12.669","55:19.064","Green","Track","2.772","18.730","22.483","11.279","0.432","6.858","3.960","6.155","158.091"
"52","PC","Robert Alon","4","1:14.790","55:25.763","Green","Track","3.414","19.827","22.755","11.178","0.427","7.000","3.949","6.240","159.943"
"88","PC","Mark Kvamme","4","1:18.745","55:34.867","Green","Track","3.865","20.852","24.178","11.226","0.427","7.559","4.159","6.479","159.943"
"8","PC","Alex Popow","4","1:28.873","55:40.484","Green","Track","14.155","21.359","23.800","11.268","0.430","7.243","4.233","6.385","158.827"
"85","PC","Stephen Simpson","4","1:13.903","55:42.216","Green","Track","2.859","19.257","22.749","11.277","0.432","7.158","3.913","6.258","158.091"
"20","PC","Matthew McMurry","4","1:20.041","55:48.777","Green","Track","2.854","19.143","22.959","11.086","0.424","7.962","6.310","9.303","161.074"
"38","PC","James French","4","1:12.587","56:22.328","Green","Track","2.811","18.463","22.549","11.197","0.429","7.060","3.910","6.168","159.197"
"54","PC","Colin Braun","5","1:12.341","56:31.405","Green","Track","2.767","18.402","22.573","11.269","0.432","6.813","3.990","6.095","158.091"
"52","PC","Robert Alon","5","1:12.539","56:38.302","Green","Track","2.795","18.569","22.547","11.151","0.427","6.860","3.939","6.251","159.943"
"88","PC","Mark Kvamme","5","1:16.743","56:51.610","Green","Track","2.955","20.459","23.820","11.244","0.428","7.321","4.064","6.452","159.569"
"8","PC","Alex Popow","5","1:13.610","56:54.094","Green","Track","2.825","18.914","22.668","11.235","0.428","7.061","4.176","6.303","159.569"
"85","PC","Stephen Simpson","5","1:20.461","57:02.677","Green","Track","2.887","18.868","25.498","14.963","0.501","7.513","4.021","6.210","136.318"
"20","PC","Matthew McMurry","5","1:26.245","57:15.022","Green","Track","4.728","27.977","23.507","11.291","0.450","7.896","4.181","6.215","151.768"
"38","PC","James French","5","1:12.423","57:34.751","Green","Track","2.772","18.436","22.431","11.201","0.429","7.015","3.976","6.163","159.197"
"54","PC","Colin Braun","6","1:12.241","57:43.646","Green","Track","2.745","18.390","22.549","11.295","0.432","6.803","3.943","6.084","158.091"
"52","PC","Robert Alon","6","1:12.671","57:50.973","Green","Track","2.775","18.712","22.519","11.192","0.429","6.935","3.977","6.132","159.197"
"88","PC","Mark Kvamme","6","1:16.004","58:07.614","Green","Track","2.925","19.870","23.630","11.277","0.429","7.423","4.003","6.447","159.197"
"8","PC","Alex Popow","6","1:14.272","58:08.366","Green","Track","2.835","18.847","23.113","11.249","0.428","7.127","4.252","6.421","159.569"
"85","PC","Stephen Simpson","6","1:13.274","58:15.951","Green","Track","2.804","18.822","22.729","11.369","0.434","7.137","3.858","6.121","157.363"
"20","PC","Matthew McMurry","6","1:13.178","58:28.200","Green","Track","2.775","18.763","22.543","11.246","0.430","7.179","3.949","6.293","158.827"
"38","PC","James French","6","1:12.585","58:47.336","Green","Track","2.781","18.431","22.580","11.182","0.428","7.083","3.940","6.160","159.569"
"54","PC","Colin Braun","7","1:12.329","58:55.975","Green","Track","2.765","18.490","22.489","11.246","0.432","6.799","3.961","6.147","158.091"
"52","PC","Robert Alon","7","1:12.972","59:03.945","Green","Track","2.756","18.888","22.623","11.160","0.428","6.961","3.920","6.236","159.569"
"88","PC","Mark Kvamme","7","1:15.020","59:22.634","Green","Track","2.928","19.412","23.447","11.198","0.424","7.198","3.939","6.474","161.074"
"8","PC","Alex Popow","7","1:16.034","59:24.400","Green","Track","2.812","19.135","23.424","11.136","0.422","7.466","5.325","6.314","161.838"
"85","PC","Stephen Simpson","7","1:12.695","59:28.646","Green","Track","2.763","18.491","22.699","11.277","0.430","6.919","3.931","6.185","158.827"
"20","PC","Matthew McMurry","7","1:12.935","59:41.135","Green","Track","2.773","18.256","22.836","11.240","0.429","7.103","3.936","6.362","159.197"
"38","PC","James French","7","1:12.372","59:59.708","Green","Track","2.783","18.343","22.600","11.201","0.428","6.942","3.863","6.212","159.569"
"54","PC","Colin Braun","8","1:11.946","1:00:07.921","Green","Track","2.768","18.245","22.559","11.248","0.432","6.711","3.901","6.082","158.091"
"52","PC","Robert Alon","8","1:12.807","1:00:16.752","Green","Track","2.794","18.719","22.599","11.148","0.427","7.010","3.899","6.211","159.943"
"88","PC","Mark Kvamme","8","1:15.357","1:00:37.991","Green","Track","2.973","19.368","23.495","11.212","0.427","7.288","3.895","6.699","159.943"
"8","PC","Alex Popow","8","1:14.176","1:00:38.576","Green","Track","2.837","19.000","22.952","11.229","0.428","7.111","4.163","6.456","159.569"
"85","PC","Stephen Simpson","8","1:12.500","1:00:41.146","Green","Track","2.814","18.458","22.642","11.307","0.432","6.910","3.823","6.114","158.091"
"20","PC","Matthew McMurry","8","1:12.542","1:00:53.677","Green","Track","2.804","18.224","22.582","11.247","0.431","7.085","3.878","6.291","158.458"
"38","PC","James French","8","1:15.911","1:01:15.619","Green","Track","2.810","18.866","24.412","11.371","0.438","7.596","4.138","6.280","155.926"
"54","PC","Colin Braun","9","1:12.114","1:01:20.035","Green","Track","2.765","18.375","22.454","11.270","0.431","6.748","3.906","6.165","158.458"
"52","PC","Robert Alon","9","1:12.505","1:01:29.257","Green","Track","2.784","18.557","22.525","11.214","0.429","6.915","3.865","6.216","159.197"
"8","PC","Alex Popow","9","1:16.001","1:01:54.577","Green","Track","2.854","20.110","23.057","11.313","0.431","7.407","4.399","6.430","158.458"
"85","PC","Stephen Simpson","9","1:17.588","1:01:58.734","Green","Track","2.819","19.710","25.121","11.508","0.433","7.580","4.133","6.284","157.726"
"20","PC","Matthew McMurry","9","1:12.471","1:02:06.148","Green","Track","2.764","18.217","22.493","11.246","0.430","7.058","3.947","6.316","158.827"
"88","PC","Mark Kvamme","9","1:33.860","1:02:11.851","Green","Pit","3.091","22.220","26.787","11.765","0.441","7.919","7.893","13.744","154.865"
"38","PC","James French","9","1:14.137","1:02:29.756","Green","Track","2.816","19.240","22.727","11.231","0.429","7.151","4.247","6.296","159.197"
"54","PC","Colin Braun","10","1:17.287","1:02:37.322","Green","Track","2.762","18.492","22.622","14.668","0.678","7.914","4.054","6.097","100.731"
"52","PC","Robert Alon","10","1:12.845","1:02:42.102","Green","Track","2.787","18.476","22.793","11.189","0.427","6.993","3.968","6.212","159.943"
"8","PC","Alex Popow","10","1:13.960","1:03:08.537","Green","Track","2.824","18.770","22.936","11.267","0.429","7.064","4.227","6.443","159.197"
"85","PC","Stephen Simpson","10","1:12.456","1:03:11.190","Green","Track","2.790","18.354","22.697","11.313","0.432","6.802","3.872","6.196","158.091"
"20","PC","Matthew McMurry","10","1:12.498","1:03:18.646","Green","Track","2.761","18.191","22.638","11.270","0.430","7.085","3.889","6.234","158.827"
"38","PC","James French","10","1:12.943","1:03:42.699","Green","Track","2.822","18.609","22.607","11.231","0.429","7.090","3.955","6.200","159.197"
"54","PC","Colin Braun","11","1:12.206","1:03:49.528","Green","Track","2.751","18.178","22.511","11.248","0.430","6.785","3.991","6.312","158.827"
"52","PC","Robert Alon","11","1:12.836","1:03:54.938","Green","Track","2.800","18.590","22.509","11.147","0.428","6.951","3.931","6.480","159.569"
"8","PC","Alex Popow","11","1:13.777","1:04:22.314","Green","Track","2.805","18.882","22.720","11.241","0.430","7.141","4.113","6.445","158.827"
"85","PC","Stephen Simpson","11","1:12.448","1:04:23.638","Green","Track","2.822","18.392","22.500","11.253","0.432","6.836","3.942","6.271","158.091"
"20","PC","Matthew McMurry","11","1:12.565","1:04:31.211","Green","Track","2.830","18.093","22.660","11.288","0.433","7.112","3.902","6.247","157.726"
"54","PC","Colin Braun","12","1:12.656","1:05:02.184","Finish","Track","2.884","18.257","22.721","11.290","0.431","6.900","4.044","6.129","158.458"
"52","PC","Robert Alon","12","1:12.509","1:05:07.447","Finish","Track","2.910","18.603","22.485","11.149","0.426","6.894","3.885","6.157","160.318"
"8","PC","Alex Popow","12","1:13.197","1:05:35.511","Finish","Track","2.808","18.593","22.647","11.208","0.428","7.033","4.148","6.332","159.569"
"85","PC","Stephen Simpson","12","1:12.618","1:05:36.256","Finish","Track","2.820","18.523","22.467","11.265","0.430","6.911","3.959","6.243","158.827"
"20","PC","Matthew McMurry","12","1:12.537","1:05:43.748","Finish","Track","2.783","18.206","22.584","11.272","0.431","7.026","3.921","6.314","158.458"
"54","PC","Colin Braun","13","1:11.998","1:06:14.182","Finish","Track","2.754","18.253","22.472","11.231","0.431","6.777","3.947","6.133","158.458"
"5","P","Christian Fittipaldi","1","1:16:26.594","1:16:26.594","Green","Track","1919.118","25.323","24.864","12.000","0.478","8.477","4.423","6.388","142.878"
"10","P","Ricky Taylor","1","1:16:28.689","1:16:28.689","Green","Track","3485.115","25.635","24.674","10.977","0.417","7.624","4.628","6.328","163.778"
"31","P","Eric Curran","1","1:16:30.462","1:16:30.462","Green","Track","1908.517","26.204","25.788","11.739","0.471","8.793","4.719","6.479","145.001"
"90","P","Marc Goossens","1","1:16:35.481","1:16:35.481","Green","Track","1918.183","25.619","25.447","11.038","0.429","7.946","4.342","6.424","159.197"
"60","P","John Pew","1","1:16:42.503","1:16:42.503","Green","Track","9.820","28.765","26.456","11.060","0.422","8.092","4.823","6.847","161.838"
"55","P","Tristan Nunez","1","1:17:15.936","1:17:15.936","Green","Track","9.597","27.187","25.512","12.026","0.622","10.504","4.334","6.521","109.800"
"70","P","Tom Long","1","1:17:18.430","1:17:18.430","Green","Track","9.596","25.884","26.273","11.666","0.572","10.448","4.993","6.538","119.398"
"0","P","Katherine Legge","1","1:17:21.492","1:17:21.492","Green","Track","9.844","29.114","25.479","12.189","0.459","8.881","5.066","6.477","148.792"
"5","P","Christian Fittipaldi","2","1:13.339","1:17:39.933","Green","Track","2.897","18.765","22.927","11.057","0.421","6.996","4.102","6.174","162.222"
"10","P","Ricky Taylor","2","1:15.300","1:17:43.989","Green","Track","2.829","18.783","22.409","10.862","0.414","8.879","4.988","6.136","164.965"
"31","P","Eric Curran","2","1:14.491","1:17:44.953","Green","Track","3.009","19.660","22.844","10.915","0.417","7.404","4.118","6.124","163.778"
"90","P","Marc Goossens","2","1:13.776","1:17:49.257","Green","Track","2.869","19.112","23.125","10.926","0.416","7.128","4.048","6.152","164.172"
"60","P","John Pew","2","1:16.627","1:17:59.130","Green","Track","2.924","20.517","23.668","10.957","0.419","7.394","4.383","6.365","162.996"
"55","P","Tristan Nunez","2","1:14.957","1:18:30.893","Green","Track","3.439","20.391","22.596","10.928","0.421","7.162","3.916","6.104","162.222"
"70","P","Tom Long","2","1:14.916","1:18:33.346","Green","Track","3.017","20.267","22.937","10.866","0.419","7.125","4.050","6.235","162.996"
"0","P","Katherine Legge","2","1:15.165","1:18:36.657","Green","Track","2.955","20.072","23.187","10.835","0.416","7.414","4.046","6.240","164.172"
"5","P","Christian Fittipaldi","3","1:11.530","1:18:51.463","Green","Track","2.798","18.217","22.285","10.915","0.414","6.947","3.895","6.059","164.965"
"10","P","Ricky Taylor","3","1:11.367","1:18:55.356","Green","Track","2.745","18.268","22.067","10.853","0.412","6.994","3.943","6.085","165.766"
"31","P","Eric Curran","3","1:12.105","1:18:57.058","Green","Track","2.774","18.614","22.343","10.867","0.413","7.142","3.910","6.042","165.364"
"90","P","Marc Goossens","3","1:11.903","1:19:01.160","Green","Track","2.737","18.406","22.419","10.859","0.414","6.967","3.990","6.111","164.965"
"60","P","John Pew","3","1:13.623","1:19:12.753","Green","Track","2.798","19.274","22.789","10.890","0.418","7.129","4.173","6.152","163.386"
"55","P","Tristan Nunez","3","1:11.057","1:19:41.950","Green","Track","2.693","18.055","22.199","10.875","0.419","6.827","3.841","6.148","162.996"
"70","P","Tom Long","3","1:12.421","1:19:45.767","Green","Track","2.811","18.839","22.585","10.827","0.417","6.879","4.002","6.061","163.778"
"0","P","Katherine Legge","3","1:14.270","1:19:50.927","Green","Track","2.837","19.625","22.878","10.738","0.411","7.286","4.025","6.470","166.169"
"5","P","Christian Fittipaldi","4","1:11.041","1:20:02.504","Green","Track","2.779","17.882","22.376","10.915","0.413","6.770","3.882","6.024","165.364"
"10","P","Ricky Taylor","4","1:10.923","1:20:06.279","Green","Track","2.748","17.844","22.150","10.836","0.410","6.868","3.871","6.196","166.574"
"31","P","Eric Curran","4","1:11.494","1:20:08.552","Green","Track","2.770","18.357","22.258","10.825","0.411","7.015","3.845","6.013","166.169"
"90","P","Marc Goossens","4","1:13.157","1:20:14.317","Green","Track","2.699","18.514","23.518","10.864","0.412","6.935","3.916","6.299","165.766"
"60","P","John Pew","4","1:12.671","1:20:25.424","Green","Track","2.757","18.647","22.606","10.908","0.419","7.140","4.085","6.109","162.996"
"55","P","Tristan Nunez","4","1:10.126","1:20:52.076","Green","Track","2.697","17.663","21.977","10.837","0.417","6.807","3.734","5.994","163.778"
"70","P","Tom Long","4","1:11.091","1:20:56.858","Green","Track","2.767","18.291","22.150","10.764","0.415","6.805","3.869","6.030","164.567"
"0","P","Katherine Legge","4","1:14.092","1:21:05.019","Green","Track","2.881","19.383","22.934","10.694","0.411","7.381","4.014","6.394","166.169"
"5","P","Christian Fittipaldi","5","1:10.990","1:21:13.494","Green","Track","2.769","17.824","22.307","10.857","0.411","6.819","3.936","6.067","166.169"
"10","P","Ricky Taylor","5","1:10.435","1:21:16.714","Green","Track","2.777","17.769","21.963","10.815","0.410","6.738","3.761","6.202","166.574"
"31","P","Eric Curran","5","1:11.248","1:21:19.800","Green","Track","2.758","18.089","22.332","10.849","0.410","6.991","3.825","5.994","166.574"
"90","P","Marc Goossens","5","1:11.883","1:21:26.200","Green","Track","2.758","18.304","22.495","10.871","0.413","6.953","3.976","6.113","165.364"
"60","P","John Pew","5","1:12.853","1:21:38.277","Green","Track","2.707","18.763","22.422","10.884","0.418","7.281","4.135","6.243","163.386"
"55","P","Tristan Nunez","5","1:10.136","1:22:02.212","Green","Track","2.654","17.622","21.935","10.849","0.417","6.807","3.858","5.994","163.778"
"70","P","Tom Long","5","1:10.964","1:22:07.822","Green","Track","2.752","18.186","22.131","10.829","0.417","6.776","3.839","6.034","163.778"
"0","P","Katherine Legge","5","1:14.274","1:22:19.293","Green","Track","2.899","19.252","23.149","10.742","0.411","7.473","4.102","6.246","166.169"
"5","P","Christian Fittipaldi","6","1:12.192","1:22:25.686","Green","Track","2.776","17.945","22.357","10.927","0.413","7.151","4.146","6.477","165.364"
"10","P","Ricky Taylor","6","1:13.351","1:22:30.065","Green","Track","2.735","17.939","23.455","11.363","0.418","7.173","4.072","6.196","163.386"
"31","P","Eric Curran","6","1:11.477","1:22:31.277","Green","Track","2.754","18.157","22.222","10.857","0.413","7.091","3.930","6.053","165.364"
"90","P","Marc Goossens","6","1:11.599","1:22:37.799","Green","Track","2.717","18.234","22.375","10.885","0.415","7.009","3.866","6.098","164.567"
"60","P","John Pew","6","1:12.698","1:22:50.975","Green","Track","2.789","18.697","22.348","10.924","0.420","7.156","4.211","6.153","162.608"
"55","P","Tristan Nunez","6","1:10.566","1:23:12.778","Green","Track","2.669","17.732","21.992","10.903","0.420","6.904","3.894","6.052","162.608"
"70","P","Tom Long","6","1:10.768","1:23:18.590","Green","Track","2.742","18.072","21.997","10.836","0.419","6.767","3.808","6.127","162.996"
"0","P","Katherine Legge","6","1:14.077","1:23:33.370","Green","Track","2.949","19.568","22.714","10.813","0.415","7.307","4.063","6.248","164.567"
"5","P","Christian Fittipaldi","7","1:14.602","1:23:40.288","Green","Track","3.089","20.565","22.865","10.918","0.414","6.752","3.876","6.123","164.965"
"10","P","Ricky Taylor","7","1:13.039","1:23:43.104","Green","Track","2.738","17.865","22.119","10.834","0.411","8.377","4.582","6.113","166.169"
"31","P","Eric Curran","7","1:13.550","1:23:44.827","Green","Track","2.760","18.184","22.428","10.939","0.418","8.316","4.302","6.203","163.386"
"90","P","Marc Goossens","7","1:11.496","1:23:49.295","Green","Track","2.706","18.069","22.326","10.910","0.413","6.974","3.939","6.159","165.364"
"60","P","John Pew","7","1:12.657","1:24:03.632","Green","Track","2.770","18.498","22.602","10.934","0.418","7.116","4.017","6.302","163.386"
"55","P","Tristan Nunez","7","1:13.765","1:24:26.543","Green","Track","2.885","18.732","23.051","11.032","0.442","7.704","3.910","6.009","154.515"
"70","P","Tom Long","7","1:10.869","1:24:29.459","Green","Track","2.757","18.091","22.083","10.840","0.417","6.692","3.934","6.055","163.778"
"5","P","Christian Fittipaldi","8","1:11.152","1:24:51.440","Green","Track","2.785","17.884","22.370","10.909","0.414","6.793","3.910","6.087","164.965"
"31","P","Eric Curran","8","1:12.007","1:24:56.834","Green","Track","2.773","18.283","22.368","10.896","0.412","7.083","4.096","6.096","165.766"
"90","P","Marc Goossens","8","1:11.820","1:25:01.115","Green","Track","2.712","18.294","22.398","10.878","0.412","6.926","3.944","6.256","165.766"
"10","P","Ricky Taylor","8","1:22.790","1:25:05.894","Green","Pit","2.723","17.994","22.185","10.862","0.412","7.980","7.272","13.362","165.766"
"60","P","John Pew","8","1:12.568","1:25:16.200","Green","Track","2.809","18.545","22.477","10.922","0.418","7.182","4.121","6.094","163.386"
"55","P","Tristan Nunez","8","1:10.398","1:25:36.941","Green","Track","2.688","17.651","22.077","10.873","0.419","6.778","3.837","6.075","162.996"
"70","P","Tom Long","8","1:10.821","1:25:40.280","Green","Track","2.741","18.117","22.072","10.809","0.415","6.634","3.873","6.160","164.567"
"5","P","Christian Fittipaldi","9","1:10.761","1:26:02.201","Green","Track","2.768","17.763","22.211","10.892","0.416","6.765","3.857","6.089","164.172"
"31","P","Eric Curran","9","1:11.518","1:26:08.352","Green","Track","2.755","18.061","22.445","10.886","0.413","6.968","3.874","6.116","165.364"
"90","P","Marc Goossens","9","1:11.610","1:26:12.725","Green","Track","2.737","18.154","22.383","10.889","0.411","6.931","3.894","6.211","166.169"
"60","P","John Pew","9","1:12.558","1:26:28.758","Green","Track","2.750","18.307","22.622","10.905","0.416","7.168","4.190","6.200","164.172"
"70","P","Tom Long","9","1:10.643","1:26:50.923","Green","Track","2.733","18.050","22.073","10.825","0.416","6.654","3.822","6.070","164.172"
"5","P","Christian Fittipaldi","10","1:13.289","1:27:15.490","Green","Track","2.753","17.977","22.336","10.906","0.414","7.895","4.465","6.543","164.965"
"31","P","Eric Curran","10","1:11.177","1:27:19.529","Green","Track","2.755","18.008","22.353","10.878","0.410","6.920","3.832","6.021","166.574"
"90","P","Marc Goossens","10","1:11.420","1:27:24.145","Green","Track","2.740","18.118","22.309","10.838","0.411","6.895","3.926","6.183","166.169"
"60","P","John Pew","10","1:11.760","1:27:40.518","Green","Track","2.779","18.180","22.370","10.839","0.417","7.050","3.995","6.130","163.778"
"70","P","Tom Long","10","1:10.572","1:28:01.495","Green","Track","2.723","18.073","22.000","10.812","0.416","6.636","3.855","6.057","164.172"
"5","P","Christian Fittipaldi","11","1:13.761","1:28:29.251","Green","Track","3.038","20.292","22.400","10.880","0.416","6.749","3.896","6.090","164.172"
"31","P","Eric Curran","11","1:11.320","1:28:30.849","Green","Track","2.741","17.985","22.407","10.849","0.413","6.939","3.892","6.094","165.364"
"90","P","Marc Goossens","11","1:11.296","1:28:35.441","Green","Track","2.726","18.102","22.314","10.875","0.411","6.835","3.813","6.220","166.169"
"60","P","John Pew","11","1:12.021","1:28:52.539","Green","Track","2.738","18.141","22.741","10.897","0.415","6.868","4.009","6.212","164.567"
"31","P","Eric Curran","12","1:11.777","1:29:42.626","Green","Track","2.777","18.212","22.328","10.866","0.412","7.010","4.039","6.133","165.766"
"5","P","Christian Fittipaldi","12","1:23.844","1:29:53.095","Green","Pit","2.766","17.847","22.265","10.917","0.417","7.858","8.321","13.453","163.778"
"90","P","Marc Goossens","12","1:21.820","1:29:57.261","Green","Pit","2.733","18.239","22.343","10.881","0.411","6.919","6.421","13.873","166.169"
"60","P","John Pew","12","1:12.528","1:30:05.067","Finish","Track","2.771","18.437","22.556","10.837","0.415","7.119","4.251","6.142","164.567"
"31","P","Eric Curran","13","1:11.202","1:30:53.828","Finish","Track","2.754","17.965","22.267","10.837","0.413","7.034","3.894","6.038","165.364"
"0","P","Katherine Legge","7","8:35.596","1:32:08.966","Finish","Pit","2.824","19.297","23.288","10.780","0.422","8.963","8.357","441.665","161.838"
