"Car","Class","Driver","Lap","Lap Time","Session Time","Flag","Location","S01","S02","S03","S04","S05","S06","S07","S08","S09","S10","S11","SP4","SP5"
"63","GTD","Christina Nielsen","1","2:47.073","2:47.073","Green","Track","7.077","30.498","30.177","10.469","10.645","0.563","6.822","0.708","25.870","26.086","8.864","119.187","94.777"
"6","GTD","Andrew Davis","1","3:02.992","3:02.992","Green","Track","9.147","39.315","28.687","10.328","11.244","0.498","4.991","0.446","24.571","26.111","8.926","134.744","150.454"
"23","GTD","Alex Riberas","1","3:08.868","3:08.868","Green","Track","8.962","39.675","30.476","10.398","10.254","0.482","4.900","0.454","25.413","25.988","8.757","139.216","147.802"
"97","GTD","Michael Marsal","1","3:12.433","3:12.433","Green","Track","9.109","38.445","30.125","11.262","9.985","0.466","4.774","0.466","25.923","27.891","8.836","143.996","143.996"
"96","GTD","Bret Curtis","1","3:19.743","3:19.743","Green","Track","9.090","39.018","30.097","11.075","10.806","0.583","6.645","0.684","27.810","30.840","8.834","115.098","98.103"
"44","GTD","John Potter","1","3:24.493","3:24.493","Green","Track","5.981","28.057","29.705","10.462","10.183","0.474","4.798","0.462","25.572","27.778","9.014","141.566","145.243"
"16","GTD","Corey Lewis","1","3:28.632","3:28.632","Green","Track","6.232","28.730","30.082","11.411","11.039","0.526","5.114","0.456","24.718","26.340","8.767","127.571","147.154"
"007","GTD","David Calvert-Jones","1","3:40.811","3:40.811","Green","Track","6.751","28.634","29.003","10.948","10.229","0.474","4.903","0.509","27.229","29.004","8.701","141.566","131.832"
"48","GTD","Madison Snow","1","3:48.166","3:48.166","Green","Track","5.982","28.225","27.933","10.048","9.961","0.468","4.705","0.433","26.739","26.054","8.841","143.381","154.971"
"80","GTD","Dan Knox","1","3:54.034","3:54.034","Green","Track","5.975","28.667","28.607","10.364","10.003","0.463","4.710","0.471","26.027","27.515","8.748","144.929","142.468"
"27","GTD","Paolo Ruberti","1","4:10.183","4:10.183","Green","Track","6.140","27.125","27.039","9.845","10.022","0.463","6.104","0.519","24.635","26.384","8.809","144.929","129.291"
"9","GTD","Lawson Aschenbach","1","4:44.594","4:44.594","Green","Track","5.972","29.961","28.505","10.463","10.206","0.476","4.852","0.468","24.964","26.309","8.855","140.971","143.381"
"63","GTD","Christina Nielsen","2","2:12.009","4:59.082","Green","Track","1.492","21.235","25.636","9.731","9.883","0.463","4.700","0.424","24.109","25.626","8.710","144.929","158.260"
"73","GTD","Patrick Lindsey","1","5:04.109","5:04.109","Green","Track","8.369","28.014","28.327","10.371","11.568","0.501","5.003","0.495","25.652","27.569","8.870","133.937","135.560"
"6","GTD","Andrew Davis","2","2:10.317","5:13.309","Green","Track","1.501","20.922","24.983","9.621","10.007","0.465","4.710","0.423","23.401","25.450","8.834","144.306","158.634"
"23","GTD","Alex Riberas","2","2:09.077","5:17.945","Green","Track","1.493","20.377","24.896","9.471","9.867","0.468","4.711","0.423","23.360","25.341","8.670","143.381","158.634"
"97","GTD","Michael Marsal","2","2:13.646","5:26.079","Green","Track","1.476","21.969","25.844","9.790","9.884","0.461","4.682","0.421","24.257","26.006","8.856","145.558","159.388"
"96","GTD","Bret Curtis","2","2:12.733","5:32.476","Green","Track","1.475","21.458","26.022","9.717","9.777","0.461","4.675","0.418","23.772","26.214","8.744","145.558","160.532"
"44","GTD","John Potter","2","2:13.851","5:38.344","Green","Track","1.514","21.610","25.844","9.904","10.114","0.470","4.754","0.429","24.195","26.025","8.992","142.771","156.416"
"16","GTD","Corey Lewis","2","2:11.155","5:39.787","Green","Track","1.492","20.955","25.109","9.662","9.937","0.467","4.675","0.418","23.678","25.961","8.801","143.688","160.532"
"33","GTD","Ben Keating","1","5:48.940","5:48.940","Green","Track","5.995","26.781","27.549","10.134","9.794","0.456","4.624","0.426","25.151","27.530","8.717","147.154","157.517"
"007","GTD","David Calvert-Jones","2","2:14.370","5:55.181","Green","Track","1.507","21.323","26.147","10.186","10.011","0.467","4.768","0.436","24.511","26.229","8.785","143.688","153.904"
"48","GTD","Madison Snow","2","2:10.709","5:58.875","Green","Track","1.491","20.754","25.372","9.616","9.935","0.464","4.661","0.415","23.749","25.528","8.724","144.617","161.692"
"80","GTD","Dan Knox","2","2:17.024","6:11.058","Green","Track","1.476","22.560","27.487","10.054","9.813","0.461","4.663","0.418","24.685","26.662","8.745","145.558","160.532"
"27","GTD","Paolo Ruberti","2","2:10.293","6:20.476","Green","Track","1.484","20.711","25.180","9.504","9.865","0.456","4.653","0.414","23.431","25.827","8.768","147.154","162.083"
"9","GTD","Lawson Aschenbach","2","2:10.072","6:54.666","Green","Track","1.500","20.917","24.850","9.547","9.981","0.463","4.715","0.423","23.248","25.622","8.806","144.929","158.634"
"63","GTD","Christina Nielsen","3","2:10.126","7:09.208","Green","Track","1.481","20.523","25.199","9.544","9.859","0.462","4.690","0.420","23.863","25.244","8.841","145.243","159.767"
"73","GTD","Patrick Lindsey","2","2:11.445","7:15.554","Green","Track","1.485","20.912","25.230","9.713","9.870","0.468","4.732","0.432","24.087","25.904","8.612","143.381","155.329"
"6","GTD","Andrew Davis","3","2:10.241","7:23.550","Green","Track","1.494","20.638","24.946","9.685","9.961","0.463","4.710","0.422","23.601","25.506","8.815","144.929","159.010"
"23","GTD","Alex Riberas","3","2:08.856","7:26.801","Green","Track","1.484","20.562","24.541","9.543","9.883","0.466","4.705","0.421","23.326","25.249","8.676","143.996","159.388"
"97","GTD","Michael Marsal","3","2:11.731","7:37.810","Green","Track","1.475","20.950","25.551","9.748","9.866","0.462","4.675","0.418","24.061","25.784","8.741","145.243","160.532"
"96","GTD","Bret Curtis","3","2:10.675","7:43.151","Green","Track","1.469","20.700","25.213","9.626","9.990","0.461","4.668","0.417","23.566","25.708","8.857","145.558","160.917"
"44","GTD","John Potter","3","2:11.606","7:49.950","Green","Track","1.506","21.060","25.145","9.698","10.136","0.471","4.754","0.427","23.688","25.712","9.009","142.468","157.148"
"16","GTD","Corey Lewis","3","2:10.628","7:50.415","Green","Track","1.485","20.832","25.027","9.672","9.917","0.465","4.652","0.417","23.674","25.676","8.811","144.306","160.917"
"33","GTD","Ben Keating","2","2:12.176","8:01.116","Green","Track","1.447","21.222","25.676","9.601","9.676","0.449","4.554","0.408","24.456","25.978","8.709","149.448","164.466"
"007","GTD","David Calvert-Jones","3","2:12.394","8:07.575","Green","Track","1.506","21.055","25.572","9.776","10.008","0.464","4.762","0.429","24.021","25.895","8.906","144.617","156.416"
"48","GTD","Madison Snow","3","2:10.078","8:08.953","Green","Track","1.476","20.513","24.931","9.539","9.938","0.462","4.644","0.413","23.495","25.753","8.914","145.243","162.475"
"80","GTD","Dan Knox","3","2:12.834","8:23.892","Green","Track","1.468","21.372","25.707","9.935","9.835","0.459","4.645","0.415","24.377","26.016","8.605","146.192","161.692"
"27","GTD","Paolo Ruberti","3","2:13.416","8:33.892","Green","Track","1.479","20.639","25.236","9.708","10.627","0.529","5.473","0.527","24.780","25.676","8.742","126.847","127.329"
"9","GTD","Lawson Aschenbach","3","2:08.944","9:03.610","Green","Track","1.489","20.592","24.637","9.409","9.966","0.462","4.702","0.421","23.136","25.378","8.752","145.243","159.388"
"63","GTD","Christina Nielsen","4","2:10.185","9:19.393","Green","Track","1.481","20.662","24.998","9.695","9.918","0.462","4.688","0.419","23.828","25.273","8.761","145.243","160.149"
"73","GTD","Patrick Lindsey","3","2:09.009","9:24.563","Green","Track","1.466","20.338","24.857","9.461","9.802","0.458","4.642","0.417","23.523","25.379","8.666","146.512","160.917"
"6","GTD","Andrew Davis","4","2:09.967","9:33.517","Green","Track","1.487","20.668","24.801","9.668","9.935","0.464","4.702","0.420","23.434","25.520","8.868","144.617","159.767"
"23","GTD","Alex Riberas","4","2:08.568","9:35.369","Green","Track","1.478","20.187","24.765","9.565","9.805","0.463","4.687","0.420","23.222","25.290","8.686","144.929","159.767"
"97","GTD","Michael Marsal","4","2:11.724","9:49.534","Green","Track","1.465","20.844","25.494","9.745","9.897","0.462","4.666","0.418","24.095","25.868","8.770","145.243","160.532"
"96","GTD","Bret Curtis","4","2:11.564","9:54.715","Green","Track","1.469","20.809","25.309","9.680","10.010","0.461","4.676","0.419","23.987","25.952","8.792","145.558","160.149"
"44","GTD","John Potter","4","2:11.992","10:01.942","Green","Track","1.506","20.975","25.341","9.508","10.062","0.468","4.736","0.429","24.194","25.904","8.869","143.381","156.416"
"16","GTD","Corey Lewis","4","2:18.528","10:08.943","Green","Track","1.485","24.185","26.318","10.815","10.526","0.476","4.740","0.423","24.711","26.121","8.728","140.971","158.634"
"33","GTD","Ben Keating","3","2:11.500","10:12.616","Green","Track","1.440","20.909","25.412","9.551","9.713","0.449","4.557","0.419","24.391","26.087","8.572","149.448","160.149"
"007","GTD","David Calvert-Jones","4","2:21.573","10:29.148","Green","Track","1.501","23.187","27.292","10.553","10.183","0.467","4.787","0.498","26.148","28.271","8.686","143.688","134.744"
"48","GTD","Madison Snow","4","2:24.721","10:33.674","Green","Track","1.480","25.191","28.426","12.591","10.766","0.475","4.733","0.421","25.997","25.976","8.665","141.268","159.388"
"27","GTD","Paolo Ruberti","4","2:09.913","10:43.805","Green","Track","1.472","20.583","25.106","9.467","9.859","0.458","4.632","0.413","23.571","25.554","8.798","146.512","162.475"
"80","GTD","Dan Knox","4","2:29.184","10:53.076","Green","Track","1.457","37.443","26.375","9.736","9.732","0.457","4.622","0.415","24.212","26.091","8.644","146.832","161.692"
"9","GTD","Lawson Aschenbach","4","2:09.588","11:13.198","Green","Track","1.483","20.561","24.697","9.456","9.974","0.463","4.704","0.420","23.582","25.481","8.767","144.929","159.767"
"63","GTD","Christina Nielsen","5","2:09.756","11:29.149","Green","Track","1.472","20.727","24.961","9.618","9.816","0.460","4.667","0.417","23.459","25.406","8.753","145.875","160.917"
"6","GTD","Andrew Davis","5","2:09.744","11:43.261","Green","Track","1.489","20.617","24.782","9.595","10.008","0.465","4.714","0.421","23.387","25.425","8.841","144.306","159.388"
"23","GTD","Alex Riberas","5","2:09.293","11:44.662","Green","Track","1.478","20.364","24.811","9.640","9.929","0.468","4.705","0.421","23.400","25.381","8.696","143.381","159.388"
"73","GTD","Patrick Lindsey","4","2:22.223","11:46.786","Green","Track","1.465","20.362","28.035","10.493","10.202","0.517","5.511","0.555","29.690","26.685","8.708","129.792","120.905"
"97","GTD","Michael Marsal","5","2:11.357","12:00.891","Green","Track","1.464","20.928","25.170","9.753","9.935","0.464","4.678","0.421","23.855","25.910","8.779","144.617","159.388"
"96","GTD","Bret Curtis","5","2:10.612","12:05.327","Green","Track","1.466","20.826","25.221","9.594","9.875","0.462","4.678","0.418","23.708","25.578","8.786","145.243","160.532"
"44","GTD","John Potter","5","2:11.178","12:13.120","Green","Track","1.499","21.117","25.025","9.466","10.072","0.471","4.750","0.425","23.885","25.535","8.933","142.468","157.888"
"16","GTD","Corey Lewis","5","2:10.174","12:19.117","Green","Track","1.481","20.636","25.088","9.640","9.953","0.468","4.678","0.416","23.454","25.501","8.859","143.381","161.304"
"33","GTD","Ben Keating","4","2:11.294","12:23.910","Green","Track","1.432","20.773","25.238","9.585","9.750","0.450","4.565","0.408","24.690","25.756","8.647","149.116","164.466"
"007","GTD","David Calvert-Jones","5","2:12.181","12:41.329","Green","Track","1.485","20.842","25.371","9.897","10.107","0.465","4.747","0.425","24.214","25.813","8.815","144.306","157.888"
"48","GTD","Madison Snow","5","2:09.841","12:43.515","Green","Track","1.469","20.623","25.081","9.433","9.917","0.463","4.644","0.414","23.570","25.538","8.689","144.929","162.083"
"27","GTD","Paolo Ruberti","5","2:10.070","12:53.875","Green","Track","1.472","20.482","25.276","9.530","9.909","0.460","4.649","0.415","23.299","25.666","8.912","145.875","161.692"
"80","GTD","Dan Knox","5","2:12.026","13:05.102","Green","Track","1.455","21.209","25.740","9.677","9.724","0.456","4.612","0.411","24.158","25.951","8.633","147.154","163.266"
"9","GTD","Lawson Aschenbach","5","2:09.672","13:22.870","Green","Track","1.483","20.657","24.814","9.485","9.988","0.464","4.706","0.422","23.512","25.384","8.757","144.617","159.010"
"63","GTD","Christina Nielsen","6","2:09.783","13:38.932","Green","Track","1.470","20.486","24.910","9.663","9.826","0.461","4.674","0.416","23.701","25.368","8.808","145.558","161.304"
"6","GTD","Andrew Davis","6","2:10.390","13:53.651","Green","Track","1.492","20.518","25.025","9.703","10.004","0.466","4.718","0.421","23.646","25.519","8.878","143.996","159.388"
"96","GTD","Bret Curtis","6","2:11.249","14:16.576","Green","Track","1.466","20.717","25.312","9.594","9.982","0.462","4.679","0.417","23.947","25.832","8.841","145.243","160.917"
"44","GTD","John Potter","6","2:11.196","14:24.316","Green","Track","1.501","20.903","25.134","9.596","10.031","0.470","4.741","0.425","23.871","25.340","9.184","142.771","157.888"
"16","GTD","Corey Lewis","6","2:10.655","14:29.772","Green","Track","1.484","20.720","25.050","9.632","10.017","0.467","4.671","0.417","23.832","25.502","8.863","143.688","160.917"
"33","GTD","Ben Keating","5","2:10.979","14:34.889","Green","Track","1.438","20.559","25.692","9.599","9.700","0.449","4.551","0.407","24.272","25.767","8.545","149.448","164.870"
"007","GTD","David Calvert-Jones","6","2:11.758","14:53.087","Green","Track","1.503","20.961","25.362","9.870","9.971","0.465","4.745","0.425","23.995","25.613","8.848","144.306","157.888"
"48","GTD","Madison Snow","6","2:10.230","14:53.745","Green","Track","1.473","20.617","25.209","9.478","9.932","0.463","4.641","0.413","23.578","25.707","8.719","144.929","162.475"
"27","GTD","Paolo Ruberti","6","2:10.877","15:04.752","Finish","Track","1.481","20.638","25.017","9.785","9.887","0.460","4.650","0.413","23.542","25.830","9.174","145.875","162.475"
"80","GTD","Dan Knox","6","2:11.536","15:16.638","Finish","Track","1.457","21.139","25.623","9.665","9.724","0.454","4.615","0.412","23.993","25.787","8.667","147.802","162.870"
"63","GTD","Christina Nielsen","7","2:09.807","15:48.739","Finish","Track","1.476","20.474","25.117","9.495","9.802","0.461","4.683","0.419","23.624","25.379","8.877","145.558","160.149"
"44","GTD","John Potter","7","2:11.089","16:35.405","Finish","Track","1.513","21.003","24.990","9.631","10.064","0.470","4.751","0.429","23.887","25.449","8.902","142.771","156.416"
"33","GTD","Ben Keating","6","2:11.648","16:46.537","Finish","Track","1.437","20.790","25.728","9.657","9.674","0.450","4.558","0.408","24.488","25.756","8.702","149.116","164.466"
"97","GTD","Michael Marsal","6","6:11.299","18:12.190","Finish","Pit","1.467","20.753","25.415","9.852","9.928","0.461","4.681","0.422","24.063","27.580","246.677","145.558","159.010"
"16","GTD","Corey Lewis","7","3:56.714","18:26.486","Finish","Pit","1.485","20.655","25.416","9.674","9.989","0.466","4.663","0.416","23.926","25.432","114.592","143.996","161.304"
"73","GTD","Patrick Lindsey","5","6:54.700","18:41.486","Finish","Pit","1.470","20.514","25.088","9.545","9.845","0.459","4.654","0.417","24.612","25.500","292.596","146.192","160.917"
"6","GTD","Andrew Davis","7","5:08.485","19:02.136","Finish","Pit","1.494","22.768","27.212","11.072","11.134","0.526","5.850","0.604","27.286","32.233","168.306","127.571","111.096"
"007","GTD","David Calvert-Jones","7","4:22.073","19:15.160","Finish","Pit","1.497","23.753","27.129","10.855","10.133","0.468","4.847","0.531","27.125","30.596","125.139","143.381","126.370"
"3","GTLM","Jan Magnussen","1","27:30.797","27:30.797","Green","Track","576.732","26.393","26.228","9.749","9.820","0.462","4.698","0.477","23.897","25.216","8.747","145.243","140.676"
"62","GTLM","Toni Vilander","1","27:39.347","27:39.347","Green","Track","5.961","27.221","26.485","9.621","9.840","0.460","4.715","0.481","23.680","25.313","8.570","145.875","139.506"
"100","GTLM","John Edwards","1","27:46.494","27:46.494","Green","Track","5.981","24.799","25.290","9.817","9.841","0.462","4.749","0.488","25.751","28.133","8.644","145.243","137.505"
"25","GTLM","Dirk Werner","1","27:51.748","27:51.748","Green","Track","5.988","24.713","25.914","9.692","9.850","0.462","4.698","0.421","23.732","25.072","8.541","145.243","159.388"
"66","GTLM","Dirk Mueller","1","28:00.823","28:00.823","Green","Track","5.979","25.706","25.938","10.125","10.234","0.468","4.753","0.447","24.485","26.010","8.606","143.381","150.117"
"911","GTLM","Patrick Pilet","1","28:23.098","28:23.098","Green","Track","6.143","24.535","25.266","9.811","9.835","0.463","4.701","0.425","23.566","25.328","8.515","144.929","157.888"
"67","GTLM","Ryan Briscoe","1","28:39.998","28:39.998","Green","Track","5.978","26.393","25.709","9.909","9.847","0.460","4.748","0.462","23.601","24.968","8.607","145.875","145.243"
"4","GTLM","Oliver Gavin","1","28:46.677","28:46.677","Green","Track","1620.790","27.315","27.065","9.700","9.870","0.466","4.704","0.446","23.631","25.177","8.644","143.996","150.454"
"912","GTLM","Frederic Makowiecki","1","29:22.452","29:22.452","Green","Track","6.163","25.973","25.482","9.682","9.887","0.468","4.740","0.434","23.514","25.021","8.600","143.381","154.614"
"3","GTLM","Jan Magnussen","2","2:06.524","29:37.321","Green","Track","1.479","20.315","24.268","9.339","9.747","0.457","4.619","0.419","22.737","24.505","8.639","146.832","160.149"
"62","GTLM","Toni Vilander","2","2:07.172","29:46.519","Green","Track","1.471","20.330","24.509","9.396","9.698","0.456","4.636","0.427","23.032","24.732","8.485","147.154","157.148"
"100","GTLM","John Edwards","2","2:06.198","29:52.692","Green","Track","1.469","19.944","24.055","9.337","9.740","0.461","4.676","0.420","22.859","24.632","8.605","145.558","159.767"
"25","GTLM","Dirk Werner","2","2:05.592","29:57.340","Green","Track","1.464","19.990","24.017","9.309","9.668","0.455","4.645","0.417","22.714","24.426","8.487","147.478","160.917"
"66","GTLM","Dirk Mueller","2","2:06.316","30:07.139","Green","Track","1.478","20.138","23.864","9.273","9.771","0.458","4.662","0.418","23.125","24.478","8.651","146.512","160.532"
"911","GTLM","Patrick Pilet","2","2:04.937","30:28.035","Green","Track","1.468","19.953","23.642","9.190","9.643","0.456","4.640","0.417","22.638","24.394","8.496","147.154","160.917"
"67","GTLM","Ryan Briscoe","2","2:06.280","30:46.278","Green","Track","1.475","20.361","24.266","9.288","9.683","0.456","4.645","0.422","22.833","24.340","8.511","147.154","159.010"
"4","GTLM","Oliver Gavin","2","2:06.344","30:53.021","Green","Track","1.477","20.045","24.092","9.290","9.700","0.459","4.629","0.416","23.071","24.485","8.680","146.192","161.304"
"912","GTLM","Frederic Makowiecki","2","2:06.444","31:28.896","Green","Track","1.478","20.040","24.142","9.469","9.757","0.460","4.666","0.417","22.872","24.583","8.560","145.875","160.917"
"3","GTLM","Jan Magnussen","3","2:05.474","31:42.795","Green","Track","1.461","19.964","23.998","9.202","9.689","0.455","4.596","0.411","22.745","24.329","8.624","147.478","163.266"
"62","GTLM","Toni Vilander","3","2:04.865","31:51.384","Green","Track","1.455","19.783","23.776","9.238","9.678","0.453","4.611","0.413","22.759","24.282","8.417","148.129","162.475"
"100","GTLM","John Edwards","3","2:05.926","31:58.618","Green","Track","1.468","19.940","24.164","9.330","9.681","0.456","4.635","0.415","22.840","24.392","8.605","147.154","161.692"
"25","GTLM","Dirk Werner","3","2:05.230","32:02.570","Green","Track","1.460","19.852","23.884","9.271","9.701","0.457","4.647","0.415","22.663","24.326","8.554","146.832","161.692"
"66","GTLM","Dirk Mueller","3","2:05.805","32:12.944","Green","Track","1.474","19.896","23.633","9.269","9.716","0.457","4.652","0.417","23.077","24.621","8.593","146.832","160.917"
"911","GTLM","Patrick Pilet","3","2:07.939","32:35.974","Green","Track","1.462","19.886","23.690","9.326","9.572","0.455","4.623","0.415","24.971","25.147","8.392","147.478","161.692"
"67","GTLM","Ryan Briscoe","3","2:04.188","32:50.466","Green","Track","1.467","19.805","23.313","9.155","9.719","0.457","4.643","0.416","22.514","24.133","8.566","146.832","161.304"
"4","GTLM","Oliver Gavin","3","2:05.303","32:58.324","Green","Track","1.472","19.975","23.822","9.280","9.702","0.457","4.617","0.413","22.800","24.244","8.521","146.832","162.475"
"912","GTLM","Frederic Makowiecki","3","2:04.987","33:33.883","Green","Track","1.473","19.883","23.777","9.154","9.697","0.460","4.659","0.415","22.584","24.334","8.551","145.875","161.692"
"3","GTLM","Jan Magnussen","4","2:05.461","33:48.256","Green","Track","1.465","19.893","24.120","9.166","9.683","0.453","4.576","0.408","22.821","24.286","8.590","148.129","164.466"
"62","GTLM","Toni Vilander","4","2:04.694","33:56.078","Green","Track","1.452","19.838","23.808","9.219","9.659","0.452","4.604","0.413","22.645","24.123","8.481","148.456","162.475"
"100","GTLM","John Edwards","4","2:05.737","34:04.355","Green","Track","1.468","19.814","24.006","9.326","9.639","0.456","4.632","0.415","22.767","24.609","8.605","147.154","161.692"
"25","GTLM","Dirk Werner","4","2:06.479","34:09.049","Green","Track","1.464","19.850","24.312","9.588","9.810","0.457","4.655","0.434","22.941","24.464","8.504","146.832","154.614"
"66","GTLM","Dirk Mueller","4","2:05.261","34:18.205","Green","Track","1.471","19.868","23.663","9.260","9.744","0.458","4.643","0.415","22.922","24.241","8.576","146.512","161.692"
"911","GTLM","Patrick Pilet","4","2:04.874","34:40.848","Green","Track","1.459","19.849","23.501","9.297","9.650","0.455","4.633","0.415","22.736","24.141","8.738","147.478","161.692"
"67","GTLM","Ryan Briscoe","4","2:04.208","34:54.674","Green","Track","1.471","19.831","23.378","9.127","9.703","0.455","4.638","0.414","22.621","24.046","8.524","147.478","162.083"
"4","GTLM","Oliver Gavin","4","2:05.190","35:03.514","Green","Track","1.459","19.904","23.808","9.215","9.641","0.455","4.593","0.412","22.823","24.304","8.576","147.478","162.870"
"912","GTLM","Frederic Makowiecki","4","2:06.778","35:40.661","Green","Track","1.477","19.777","23.794","9.137","9.732","0.459","4.668","0.418","24.003","24.761","8.552","146.192","160.532"
"3","GTLM","Jan Magnussen","5","2:08.202","35:56.458","Green","Track","1.455","19.835","23.950","9.201","9.629","0.451","4.565","0.408","25.437","24.768","8.503","148.786","164.466"
"62","GTLM","Toni Vilander","5","2:04.522","36:00.600","Green","Track","1.455","19.677","23.631","9.192","9.637","0.451","4.595","0.413","22.922","24.005","8.544","148.786","162.475"
"25","GTLM","Dirk Werner","5","2:07.504","36:16.553","Green","Track","1.460","19.803","23.856","9.304","9.699","0.456","4.636","0.416","24.154","25.175","8.545","147.154","161.304"
"100","GTLM","John Edwards","5","2:15.443","36:19.798","Green","Track","1.466","19.811","24.372","9.280","9.686","0.455","6.138","0.916","28.396","26.327","8.596","147.478","73.256"
"66","GTLM","Dirk Mueller","5","2:05.084","36:23.289","Green","Track","1.466","19.767","23.590","9.317","9.715","0.457","4.632","0.414","22.878","24.274","8.574","146.832","162.083"
"911","GTLM","Patrick Pilet","5","2:09.311","36:50.159","Green","Track","1.478","19.799","25.697","10.426","9.794","0.456","4.629","0.429","23.234","24.903","8.466","147.154","156.416"
"67","GTLM","Ryan Briscoe","5","2:07.999","37:02.673","Green","Track","1.468","19.772","23.392","9.227","9.647","0.455","4.621","0.414","23.467","27.017","8.519","147.478","162.083"
"4","GTLM","Oliver Gavin","5","2:09.452","37:12.966","Green","Track","1.461","19.902","23.911","9.204","9.642","0.454","4.587","0.411","25.322","26.019","8.539","147.802","163.266"
"912","GTLM","Frederic Makowiecki","5","2:05.002","37:45.663","Green","Track","1.478","19.772","23.748","9.193","9.679","0.458","4.653","0.417","22.612","24.435","8.557","146.512","160.917"
"62","GTLM","Toni Vilander","6","2:09.372","38:09.972","Green","Track","1.455","19.710","24.896","10.012","10.259","0.465","5.039","0.491","23.498","25.078","8.469","144.306","136.665"
"3","GTLM","Jan Magnussen","6","2:19.493","38:15.951","Green","Track","1.450","19.871","24.795","11.189","13.504","0.761","7.620","0.683","26.111","25.049","8.460","88.176","98.246"
"25","GTLM","Dirk Werner","6","2:05.548","38:22.101","Green","Track","1.471","19.820","23.947","9.227","9.713","0.457","4.641","0.415","22.785","24.513","8.559","146.832","161.692"
"100","GTLM","John Edwards","6","2:05.945","38:25.743","Green","Track","1.467","19.841","23.931","9.400","9.651","0.454","4.609","0.413","22.849","24.712","8.618","147.802","162.475"
"66","GTLM","Dirk Mueller","6","2:05.322","38:28.611","Green","Track","1.466","19.766","23.684","9.295","9.680","0.453","4.599","0.411","23.067","24.329","8.572","148.129","163.266"
"67","GTLM","Ryan Briscoe","6","2:08.269","39:10.942","Green","Track","1.467","19.812","23.418","9.139","9.686","0.453","4.618","0.413","25.627","25.133","8.503","148.129","162.475"
"4","GTLM","Oliver Gavin","6","2:29.788","39:42.754","Green","Pit","1.460","19.800","24.147","9.302","9.679","0.454","4.583","0.423","26.914","27.916","25.110","147.802","158.634"
"912","GTLM","Frederic Makowiecki","6","2:06.843","39:52.506","Green","Track","1.478","19.874","24.416","9.479","9.745","0.459","4.663","0.418","22.997","24.741","8.573","146.192","160.532"
"3","GTLM","Jan Magnussen","7","2:26.659","40:42.610","Finish","Pit","1.447","19.960","24.026","9.324","9.804","0.490","5.365","0.554","24.419","26.186","25.084","136.943","121.123"
"7","PC","Jose Gutierrez","1","52:22.911","52:22.911","Green","Track","2061.636","24.493","25.311","9.750","9.290","0.444","4.558","0.452","24.083","24.540","8.326","151.131","148.456"
"8","PC","Alex Popow","1","52:23.486","52:23.486","Green","Track","2037.084","25.878","25.458","10.024","9.513","0.478","5.031","0.508","23.906","24.965","8.163","140.381","132.091"
"38","PC","Nicholas Boulle","1","52:32.478","52:32.478","Green","Track","6.110","26.847","27.317","10.258","9.383","0.509","5.453","0.530","24.437","24.787","8.344","131.832","126.608"
"52","PC","Robert Alon","1","52:41.577","52:41.577","Green","Track","6.156","28.081","27.103","11.605","9.754","0.452","4.689","0.525","24.898","25.949","8.183","148.456","127.814"
"85","PC","Misha Goikhberg","1","52:51.557","52:51.557","Green","Track","6.346","27.389","28.663","14.151","14.043","0.550","5.627","0.633","25.830","24.848","8.324","122.004","106.007"
"88","PC","Mark Kvamme","1","53:03.901","53:03.901","Green","Track","3136.360","29.633","28.359","10.667","9.555","0.445","4.720","0.574","25.213","25.652","8.759","150.792","116.903"
"20","PC","Matthew McMurry","1","53:05.267","53:05.267","Green","Track","7.008","26.318","25.643","9.703","9.378","0.442","4.521","0.443","23.617","24.408","8.131","151.815","151.472"
"26","PC","Don Yount","1","53:13.020","53:13.020","Green","Track","6.120","26.229","25.901","10.888","9.553","0.445","4.672","0.517","25.805","24.737","8.330","150.792","129.792"
"7","PC","Jose Gutierrez","2","2:03.517","54:26.428","Green","Track","1.416","19.735","23.384","9.294","9.351","0.444","4.546","0.409","22.875","23.853","8.210","151.131","164.064"
"8","PC","Alex Popow","2","2:03.866","54:27.352","Green","Track","1.406","19.729","23.539","9.342","9.338","0.444","4.531","0.419","22.947","23.897","8.274","151.131","160.149"
"38","PC","Nicholas Boulle","2","2:06.873","54:39.351","Green","Track","1.413","20.857","24.436","9.655","9.373","0.441","4.506","0.438","23.535","23.988","8.231","152.159","153.202"
"52","PC","Robert Alon","2","2:04.106","54:45.683","Green","Track","1.405","19.642","23.426","9.345","9.317","0.442","4.526","0.439","23.499","23.929","8.136","151.815","152.853"
"85","PC","Misha Goikhberg","2","2:05.871","54:57.428","Green","Track","1.418","20.190","23.726","9.763","9.386","0.446","4.558","0.436","23.234","24.491","8.223","150.454","153.904"
"20","PC","Matthew McMurry","2","2:05.149","55:10.416","Green","Track","1.396","19.970","24.173","9.708","9.551","0.442","4.515","0.406","23.011","23.835","8.142","151.815","165.277"
"88","PC","Mark Kvamme","2","2:09.616","55:13.517","Green","Track","1.424","20.646","24.699","10.367","9.548","0.444","4.519","0.443","23.874","24.808","8.844","151.131","151.472"
"26","PC","Don Yount","2","2:07.957","55:20.977","Green","Track","1.408","20.882","24.636","9.681","9.462","0.442","4.525","0.464","23.966","24.277","8.214","151.815","144.617"
"7","PC","Jose Gutierrez","3","2:02.661","56:29.089","Green","Track","1.405","19.469","23.145","9.241","9.420","0.446","4.551","0.411","22.622","23.756","8.195","150.454","163.266"
"8","PC","Alex Popow","3","2:03.174","56:30.526","Green","Track","1.409","19.534","23.267","9.282","9.348","0.443","4.527","0.409","22.778","23.972","8.205","151.472","164.064"
"38","PC","Nicholas Boulle","3","2:04.297","56:43.648","Green","Track","1.401","19.758","23.723","9.357","9.409","0.443","4.516","0.405","23.044","24.039","8.202","151.472","165.685"
"52","PC","Robert Alon","3","2:02.708","56:48.391","Green","Track","1.401","19.351","23.183","9.233","9.256","0.442","4.507","0.407","23.144","23.638","8.146","151.815","164.870"
"85","PC","Misha Goikhberg","3","2:04.224","57:01.652","Green","Track","1.410","19.832","23.316","9.363","9.383","0.446","4.540","0.417","23.070","24.204","8.243","150.454","160.917"
"20","PC","Matthew McMurry","3","2:02.600","57:13.016","Green","Track","1.395","19.446","23.444","9.296","9.323","0.440","4.492","0.405","22.824","23.445","8.090","152.505","165.685"
"88","PC","Mark Kvamme","3","2:08.582","57:22.099","Green","Track","1.431","20.516","24.064","9.888","9.657","0.451","4.581","0.421","24.330","24.957","8.286","148.786","159.388"
"26","PC","Don Yount","3","2:06.594","57:27.571","Green","Track","1.406","20.077","23.942","9.593","9.409","0.445","4.594","0.535","24.038","24.323","8.232","150.792","125.425"
"7","PC","Jose Gutierrez","4","2:02.319","58:31.408","Green","Track","1.407","19.381","23.095","9.242","9.368","0.446","4.549","0.411","22.583","23.579","8.258","150.454","163.266"
"8","PC","Alex Popow","4","2:02.274","58:32.800","Green","Track","1.402","19.471","23.049","9.221","9.283","0.442","4.523","0.408","22.612","23.558","8.305","151.815","164.466"
"38","PC","Nicholas Boulle","4","2:03.995","58:47.643","Green","Track","1.400","19.716","23.461","9.381","9.376","0.445","4.517","0.412","23.047","24.089","8.151","150.792","162.870"
"52","PC","Robert Alon","4","2:02.360","58:50.751","Green","Track","1.399","19.316","23.151","9.285","9.241","0.441","4.505","0.409","22.850","23.642","8.121","152.159","164.064"
"20","PC","Matthew McMurry","4","2:02.305","59:15.321","Green","Track","1.391","19.380","23.268","9.407","9.366","0.440","4.511","0.407","22.491","23.562","8.082","152.505","164.870"
"88","PC","Mark Kvamme","4","2:10.879","59:32.978","Green","Track","1.410","20.625","24.580","10.326","9.507","0.446","4.551","0.415","25.327","25.394","8.298","150.454","161.692"
"26","PC","Don Yount","4","2:05.971","59:33.542","Green","Track","1.404","19.935","24.210","9.611","9.401","0.441","4.514","0.413","23.185","24.485","8.372","152.159","162.475"
"85","PC","Misha Goikhberg","4","2:42.225","59:43.877","Green","Track","1.411","19.696","34.258","24.534","10.278","0.498","5.461","0.607","29.052","28.196","8.234","134.744","110.547"
"7","PC","Jose Gutierrez","5","2:02.271","1:00:33.679","Green","Track","1.404","19.144","23.064","9.350","9.380","0.446","4.543","0.409","22.707","23.653","8.171","150.454","164.064"
"8","PC","Alex Popow","5","2:03.412","1:00:36.212","Green","Track","1.401","19.292","23.645","9.175","9.339","0.443","4.528","0.409","22.602","24.412","8.166","151.472","164.064"
"38","PC","Nicholas Boulle","5","2:03.420","1:00:51.063","Green","Track","1.397","19.636","23.337","9.466","9.323","0.436","4.506","0.410","22.948","23.857","8.104","153.904","163.664"
"52","PC","Robert Alon","5","2:01.847","1:00:52.598","Green","Track","1.395","19.308","22.778","9.215","9.252","0.442","4.497","0.412","22.679","23.634","8.235","151.815","162.870"
"20","PC","Matthew McMurry","5","2:02.446","1:01:17.767","Green","Track","1.393","19.349","23.366","9.393","9.320","0.443","4.522","0.407","22.477","23.629","8.147","151.472","164.870"
"26","PC","Don Yount","5","2:07.154","1:01:40.696","Green","Track","1.402","20.482","24.521","9.803","9.440","0.442","4.477","0.423","23.694","24.231","8.239","151.815","158.634"
"85","PC","Misha Goikhberg","5","2:03.527","1:01:47.404","Green","Track","1.406","19.620","23.339","9.364","9.402","0.447","4.551","0.408","22.790","24.026","8.174","150.117","164.466"
"8","PC","Alex Popow","6","2:27.644","1:03:03.856","Red","Pit","1.397","19.366","23.425","9.296","9.351","0.446","4.546","0.411","24.225","29.243","25.938","150.454","163.266"
"7","PC","Jose Gutierrez","6","2:32.424","1:03:06.103","Red","Pit","1.401","19.323","23.428","11.502","12.439","0.554","5.591","0.608","25.215","26.306","26.057","121.123","110.366"
"10","P","Ricky Taylor","1","1:17:22.777","1:17:22.777","Green","Track","6.112","25.863","25.643","9.782","9.117","0.427","4.497","0.478","23.403","23.531","8.014","157.148","140.381"
"90","P","Marc Goossens","1","1:17:30.752","1:17:30.752","Green","Track","6.061","27.525","25.514","10.088","9.246","0.434","4.444","0.468","23.771","24.062","8.053","154.614","143.381"
"60","P","John Pew","1","1:17:35.318","1:17:35.318","Green","Track","6.180","26.701","25.560","10.272","9.189","0.431","4.476","0.492","24.765","24.500","8.084","155.690","136.387"
"70","P","Joel Miller","1","1:17:49.627","1:17:49.627","Green","Track","6.169","24.589","24.191","9.610","9.157","0.429","4.405","0.412","32.788","26.862","7.927","156.416","162.870"
"55","P","Tristan Nunez","1","1:18:11.593","1:18:11.593","Green","Track","6.167","24.976","24.775","9.674","9.035","0.427","4.460","0.487","23.579","23.144","7.988","157.148","137.787"
"31","P","Eric Curran","1","1:18:43.501","1:18:43.501","Green","Track","2106.565","27.492","28.995","11.273","10.098","0.461","5.419","0.694","26.451","27.498","7.973","145.558","96.689"
"0","P","Sean Rayhall","1","1:18:55.610","1:18:55.610","Green","Track","6.158","26.819","25.246","9.762","9.073","0.427","4.592","0.598","35.046","25.960","8.083","157.148","112.211"
"10","P","Ricky Taylor","2","2:00.127","1:19:22.904","Green","Track","1.365","19.160","22.762","8.992","8.978","0.425","4.334","0.389","22.436","23.381","7.905","157.888","172.499"
"90","P","Marc Goossens","2","2:01.602","1:19:32.354","Green","Track","1.373","19.194","23.223","9.264","9.141","0.431","4.387","0.408","22.835","23.413","7.933","155.690","164.466"
"60","P","John Pew","2","2:03.751","1:19:39.069","Green","Track","1.373","19.687","23.732","9.728","9.149","0.433","4.412","0.397","23.083","23.707","8.050","154.971","169.023"
"70","P","Joel Miller","2","2:00.283","1:19:49.910","Green","Track","1.365","19.385","22.580","9.105","9.084","0.429","4.400","0.398","22.602","22.901","8.034","156.416","168.599"
"55","P","Tristan Nunez","2","1:59.051","1:20:10.644","Green","Track","1.367","19.352","22.332","9.024","8.987","0.428","4.394","0.397","22.297","22.563","7.910","156.781","169.023"
"31","P","Eric Curran","2","1:59.902","1:20:43.403","Green","Track","1.367","19.062","22.520","9.037","9.113","0.427","4.369","0.398","22.567","22.909","8.133","157.148","168.599"
"0","P","Sean Rayhall","2","2:03.544","1:20:59.154","Green","Track","1.348","19.693","24.537","9.628","8.894","0.423","4.317","0.429","22.974","23.490","7.811","158.634","156.416"
"5","P","Christian Fittipaldi","1","1:21:14.480","1:21:14.480","Green","Track","2263.023","24.034","24.076","9.470","9.176","0.435","4.526","0.462","23.329","23.672","8.002","154.258","145.243"
"10","P","Ricky Taylor","3","1:59.618","1:21:22.522","Green","Track","1.355","18.693","22.630","9.080","8.983","0.424","4.327","0.388","22.651","23.134","7.953","158.260","172.944"
"90","P","Marc Goossens","3","2:00.809","1:21:33.163","Green","Track","1.368","19.000","22.923","9.147","9.081","0.431","4.373","0.400","22.744","23.378","7.964","155.690","167.756"
"60","P","John Pew","3","2:03.722","1:21:42.791","Green","Track","1.373","19.875","23.112","9.458","9.135","0.431","4.396","0.409","23.733","23.633","8.167","155.690","164.064"
"70","P","Joel Miller","3","1:59.289","1:21:49.199","Green","Track","1.367","19.073","22.436","9.022","9.018","0.428","4.390","0.397","22.287","22.925","7.946","156.781","169.023"
"55","P","Tristan Nunez","3","1:58.715","1:22:09.359","Green","Track","1.361","18.892","22.448","8.998","9.015","0.427","4.404","0.398","22.342","22.525","7.905","157.148","168.599"
"31","P","Eric Curran","3","1:59.404","1:22:42.807","Green","Track","1.368","18.906","22.380","9.107","9.048","0.426","4.352","0.401","22.384","22.965","8.067","157.517","167.337"
"0","P","Sean Rayhall","3","2:00.030","1:22:59.184","Green","Track","1.338","19.002","23.072","8.981","8.928","0.422","4.319","0.390","22.414","23.391","7.773","159.010","172.057"
"5","P","Christian Fittipaldi","2","2:00.510","1:23:14.990","Green","Track","1.368","19.181","23.460","9.044","9.063","0.428","4.364","0.394","22.214","22.981","8.013","156.781","170.310"
"10","P","Ricky Taylor","4","1:58.712","1:23:21.234","Green","Track","1.351","18.743","22.504","9.001","8.994","0.424","4.325","0.388","22.141","22.954","7.887","158.260","172.944"
"90","P","Marc Goossens","4","2:00.679","1:23:33.842","Green","Track","1.364","19.111","23.000","9.194","9.098","0.431","4.375","0.393","22.482","23.181","8.050","155.690","170.744"
"60","P","John Pew","4","2:02.595","1:23:45.386","Green","Track","1.371","19.638","23.325","9.406","9.097","0.430","4.388","0.399","23.077","23.317","8.147","156.052","168.176"
"70","P","Joel Miller","4","1:59.352","1:23:48.551","Green","Track","1.359","18.937","22.316","9.036","9.058","0.427","4.382","0.397","22.590","22.934","7.916","157.148","169.023"
"55","P","Tristan Nunez","4","1:59.379","1:24:08.738","Green","Track","1.359","19.012","22.603","9.000","9.020","0.429","4.417","0.401","22.391","22.710","8.037","156.416","167.337"
"31","P","Eric Curran","4","1:59.199","1:24:42.006","Green","Track","1.364","18.958","22.311","9.038","9.099","0.428","4.358","0.393","22.099","22.941","8.210","156.781","170.744"
"0","P","Sean Rayhall","4","2:00.103","1:24:59.287","Green","Track","1.336","19.099","23.050","8.956","8.865","0.423","4.312","0.389","22.483","23.313","7.877","158.634","172.499"
"5","P","Christian Fittipaldi","3","1:59.421","1:25:14.411","Green","Track","1.357","18.971","22.566","9.022","9.092","0.429","4.363","0.394","22.237","22.945","8.045","156.416","170.310"
"10","P","Ricky Taylor","5","1:59.210","1:25:20.444","Green","Track","1.350","18.689","22.615","9.054","8.998","0.425","4.336","0.390","22.392","22.934","8.027","157.888","172.057"
"90","P","Marc Goossens","5","2:00.506","1:25:34.348","Green","Track","1.366","19.023","22.834","9.163","9.137","0.431","4.380","0.393","22.467","23.197","8.115","155.690","170.744"
"60","P","John Pew","5","2:02.637","1:25:48.023","Green","Track","1.369","19.511","23.186","9.300","9.090","0.432","4.394","0.416","23.133","23.663","8.143","155.329","161.304"
"70","P","Joel Miller","5","2:09.465","1:25:58.016","Green","Track","1.355","20.810","28.061","11.401","9.056","0.428","4.391","0.399","22.635","22.971","7.958","156.781","168.176"
"55","P","Tristan Nunez","5","2:03.586","1:26:12.324","Green","Track","1.365","19.142","23.979","10.156","9.465","0.467","4.750","0.420","22.623","23.203","8.016","143.688","159.767"
"31","P","Eric Curran","5","2:04.091","1:26:46.097","Green","Track","1.365","18.877","22.565","9.501","9.673","0.432","4.550","0.484","23.423","25.119","8.102","155.329","138.641"
"5","P","Christian Fittipaldi","4","1:59.648","1:27:14.059","Green","Track","1.358","18.929","22.691","9.025","9.138","0.429","4.367","0.392","22.115","23.191","8.013","156.416","171.179"
"90","P","Marc Goossens","6","2:07.532","1:27:41.880","Green","Track","1.370","22.023","24.390","9.652","9.150","0.432","4.390","0.432","24.051","23.636","8.006","155.329","155.329"
"60","P","John Pew","6","2:05.097","1:27:53.120","Green","Track","1.372","19.585","24.454","9.485","9.159","0.431","4.413","0.415","23.739","23.891","8.153","155.690","161.692"
"70","P","Joel Miller","6","1:59.120","1:27:57.136","Green","Track","1.359","19.044","22.410","9.079","9.043","0.428","4.383","0.397","22.369","22.670","7.938","156.781","169.023"
"55","P","Tristan Nunez","6","1:59.117","1:28:11.441","Green","Track","1.364","18.927","22.288","9.133","9.069","0.428","4.424","0.401","22.400","22.689","7.994","156.781","167.337"
"31","P","Eric Curran","6","2:28.531","1:29:14.628","Green","Pit","1.368","18.850","24.840","10.296","10.569","0.504","5.514","0.588","24.495","26.340","25.167","133.139","114.120"
"5","P","Christian Fittipaldi","5","2:03.667","1:29:17.726","Green","Track","1.363","19.118","22.925","9.114","9.113","0.429","4.369","0.410","25.110","23.662","8.054","156.416","163.664"
"60","P","John Pew","7","2:03.252","1:29:56.372","Green","Track","1.376","19.600","23.278","9.260","9.115","0.432","4.402","0.397","23.175","23.899","8.318","155.329","169.023"
"70","P","Joel Miller","7","1:59.247","1:29:56.383","Green","Track","1.356","18.883","22.461","9.034","8.960","0.426","4.358","0.394","22.541","22.913","7.921","157.517","170.310"
"5","P","Christian Fittipaldi","6","2:25.341","1:31:43.067","Finish","Pit","1.371","19.090","22.933","9.049","9.081","0.431","4.381","0.444","26.458","26.993","25.110","155.690","151.131"
"60","P","John Pew","8","2:05.581","1:32:01.953","Finish","Track","1.383","20.130","24.063","9.291","9.077","0.429","4.385","0.397","23.647","24.560","8.219","156.416","169.023"
"0","P","Sean Rayhall","5","7:57.293","1:32:56.580","Finish","Pit","1.337","18.965","23.342","8.934","9.122","0.427","4.331","0.390","22.711","23.551","364.183","157.148","172.057"
"90","P","Marc Goossens","7","5:20.411","1:33:02.291","Finish","Pit","1.368","19.389","24.173","9.490","9.118","0.432","4.388","0.429","24.085","25.251","202.288","155.329","156.416"
"10","P","Ricky Taylor","6","8:18.817","1:33:39.261","Finish","Pit","1.355","18.747","22.513","9.027","9.031","0.425","4.343","0.390","22.410","24.718","385.858","157.888","172.057"
