"Car","Class","Driver","Lap","Lap Time","Session Time","Flag","Location","S01","S02","S03","S04","S05","S06","S07","S08","S09","S10","S11","S12","SP1","SP4"
"5","P","Christian Fittipaldi","1","1:40.468","1:40.468","Green","Track","840.527","15.867","0.668","15.923","11.503","9.352","0.664","15.080","10.963","10.727","2.280","4.216","118.400","122.193"
"31","P","Eric Curran","1","1:45.214","1:45.214","Green","Track","834.164","15.209","0.729","16.845","12.237","9.679","0.732","15.995","11.336","11.134","2.286","4.219","108.492","110.842"
"55","P","Tristan Nunez","1","1:46.548","1:46.548","Green","Track","819.987","15.724","0.692","16.476","12.067","9.477","0.705","15.746","11.096","10.993","2.250","4.276","114.293","115.087"
"96","GTD","Jens Klingmann","1","1:48.879","1:48.879","Green","Track","743.795","16.164","0.609","15.865","11.663","9.937","0.682","15.399","11.216","10.845","2.435","4.497","129.870","118.968"
"60","P","Oswaldo Negri Jr.","1","1:50.533","1:50.533","Green","Track","425.315","14.949","0.592","15.850","11.959","9.413","0.620","15.241","11.094","10.622","2.301","4.198","133.600","130.865"
"90","P","Marc Goossens","1","1:55.295","1:55.295","Green","Track","504.159","16.955","0.721","17.170","12.222","9.969","0.708","15.708","11.662","10.967","2.340","4.491","109.696","114.599"
"44","GTD","Andy Lally","1","1:58.536","1:58.536","Green","Track","733.074","16.490","0.711","18.161","12.833","10.663","0.771","16.563","11.936","12.135","2.580","4.941","111.239","105.235"
"85","PC","Misha Goikhberg","1","1:59.828","1:59.828","Green","Track","835.191","16.037","0.703","16.290","11.924","10.032","0.694","15.625","11.203","10.664","2.343","4.521","112.505","116.911"
"10","P","Jordan Taylor","1","2:05.096","2:05.096","Green","Track","721.032","15.941","0.701","16.253","11.547","9.594","0.612","15.077","11.697","10.497","2.300","4.287","112.826","132.576"
"23","GTD","Mario Farnbacher","1","2:06.724","2:06.724","Green","Track","741.687","17.409","0.704","16.998","12.569","10.247","0.710","16.107","11.913","11.591","2.470","4.676","112.345","114.277"
"33","GTD","Jeroen Bleekemolen","1","2:10.179","2:10.179","Green","Track","847.674","15.811","0.673","16.806","11.767","10.017","0.627","15.040","12.590","12.677","2.455","4.463","117.520","129.404"
"16","GTD","Spencer Pumpelly","1","2:10.621","2:10.621","Green","Track","9.829","15.525","0.635","15.749","11.399","10.311","0.683","14.683","11.009","11.891","2.470","4.540","124.553","118.794"
"6","GTD","Robin Liddell","1","2:12.322","2:12.322","Green","Track","10.331","15.486","0.642","16.440","11.940","10.155","0.618","14.899","12.830","13.916","2.504","4.578","123.195","131.289"
"97","GTD","Markus Palttala","1","2:18.608","2:18.608","Green","Pit","771.214","16.129","0.646","16.675","12.197","10.342","0.694","15.630","11.521","11.841","6.249","11.616","122.432","116.911"
"48","GTD","Bryan Sellers","1","2:18.619","2:18.619","Green","Track","9.431","15.212","0.658","16.576","12.632","12.869","0.856","17.899","11.828","13.359","2.512","4.572","120.199","94.785"
"8","PC","Alex Popow","1","2:24.987","2:24.987","Green","Track","10.483","16.102","0.760","16.726","13.172","14.434","0.843","18.564","13.752","13.077","2.392","4.447","104.067","96.247"
"20","PC","Johnny Mowlem","1","2:28.011","2:28.011","Green","Track","9.619","16.981","0.753","18.136","12.653","10.192","0.718","17.271","12.936","11.976","2.431","4.703","105.034","113.003"
"70","P","Tom Long","1","2:29.142","2:29.142","Green","Track","9.713","17.288","0.789","18.128","12.780","9.944","0.711","16.775","12.828","12.944","2.374","4.403","100.242","114.116"
"22","GTD","Cooper MacNeil","1","2:30.678","2:30.678","Green","Track","651.577","14.822","0.627","16.879","12.042","10.012","0.645","15.350","11.293","11.525","2.499","4.714","126.142","125.793"
"73","GTD","Patrick Lindsey","1","2:38.664","2:38.664","Green","Track","9.600","15.693","0.648","16.068","11.710","10.395","0.711","15.316","11.542","10.805","2.420","4.461","122.054","114.116"
"52","PC","Robert Alon","1","2:48.432","2:48.432","Green","Track","888.193","17.107","0.769","17.645","12.800","10.179","0.750","16.586","12.057","11.723","2.378","4.437","102.849","108.182"
"38","PC","James French","1","3:08.270","3:08.270","Green","Track","9.689","16.152","0.660","16.497","11.894","9.640","0.605","14.957","11.083","10.930","2.342","4.299","119.835","134.110"
"5","P","Christian Fittipaldi","2","1:30.842","3:11.310","Green","Track","3.487","12.213","0.548","14.162","10.536","8.989","0.596","14.021","10.140","9.897","2.185","4.068","144.326","136.135"
"88","PC","Mark Kvamme","1","3:16.234","3:16.234","Green","Pit","10.218","18.741","0.716","18.568","13.392","10.444","0.755","17.812","12.954","13.718","8.273","45.671","110.462","107.465"
"31","P","Eric Curran","2","1:32.924","3:18.138","Green","Track","3.547","12.361","0.587","14.978","10.847","9.058","0.592","14.123","10.341","10.174","2.221","4.095","134.737","137.055"
"55","P","Tristan Nunez","2","1:32.858","3:19.406","Green","Track","3.568","12.296","0.562","14.906","10.874","9.012","0.579","14.030","10.334","10.356","2.202","4.139","140.731","140.132"
"60","P","Oswaldo Negri Jr.","2","1:32.681","3:23.214","Green","Track","3.447","12.741","0.541","14.418","11.014","9.123","0.562","14.095","10.426","9.938","2.235","4.141","146.194","144.371"
"96","GTD","Jens Klingmann","2","1:36.654","3:25.533","Green","Track","3.568","13.364","0.567","14.587","11.025","9.753","0.642","14.963","10.884","10.473","2.397","4.431","139.490","126.381"
"9","GTD","Matt Bell","1","3:27.620","3:27.620","Green","Track","9.563","15.414","0.593","15.288","11.176","10.073","0.589","14.519","10.872","10.695","2.465","4.525","133.374","137.753"
"85","PC","Misha Goikhberg","2","1:35.147","3:34.975","Green","Track","3.733","13.310","0.561","14.907","10.973","9.392","0.586","14.194","10.647","10.254","2.295","4.295","140.982","138.458"
"10","P","Jordan Taylor","2","1:29.948","3:35.044","Green","Track","3.257","12.289","0.549","14.189","10.419","9.189","0.537","13.354","10.101","9.769","2.208","4.087","144.064","151.092"
"44","GTD","Andy Lally","2","1:42.066","3:40.602","Green","Track","4.160","13.753","0.594","15.735","12.084","10.462","0.671","15.004","11.042","11.423","2.526","4.612","133.150","120.919"
"90","P","Marc Goossens","2","1:46.215","3:41.510","Green","Pit","3.509","12.739","0.574","14.952","10.885","9.263","0.600","14.451","11.040","10.572","6.074","11.556","137.789","135.227"
"23","GTD","Mario Farnbacher","2","1:36.213","3:42.937","Green","Track","3.857","13.546","0.577","14.526","11.036","9.794","0.580","14.266","10.682","10.482","2.417","4.450","137.073","139.890"
"33","GTD","Jeroen Bleekemolen","2","1:34.125","3:44.304","Green","Track","3.534","13.335","0.569","14.383","10.818","9.650","0.561","13.731","10.525","10.250","2.383","4.386","139.000","144.628"
"16","GTD","Spencer Pumpelly","2","1:35.159","3:45.780","Green","Track","3.537","13.473","0.578","14.233","10.952","9.851","0.572","14.030","10.527","10.492","2.432","4.482","136.835","141.847"
"6","GTD","Robin Liddell","2","1:35.222","3:47.544","Green","Track","3.546","13.444","0.579","14.085","11.033","9.980","0.581","13.794","10.613","10.604","2.450","4.513","136.599","139.650"
"48","GTD","Bryan Sellers","2","1:36.500","3:55.119","Green","Track","3.781","13.578","0.582","14.575","11.158","9.933","0.578","13.957","10.655","10.739","2.457","4.507","135.895","140.374"
"8","PC","Alex Popow","2","1:36.903","4:01.890","Green","Track","3.734","13.225","0.551","14.884","11.454","9.422","0.588","14.571","10.794","11.082","2.326","4.272","143.541","137.987"
"97","GTD","Markus Palttala","2","1:44.237","4:02.845","Green","Track","9.618","14.843","0.573","14.868","11.346","9.820","0.571","14.303","10.793","10.710","2.397","4.395","138.030","142.095"
"70","P","Tom Long","2","1:33.831","4:02.973","Green","Track","3.790","12.433","0.533","14.668","11.101","9.078","0.564","14.242","10.602","10.481","2.228","4.111","148.388","143.859"
"20","PC","Johnny Mowlem","2","1:37.716","4:05.727","Green","Track","3.877","13.276","0.569","15.491","11.327","9.431","0.590","14.825","11.014","10.703","2.327","4.286","139.000","137.519"
"22","GTD","Cooper MacNeil","2","1:36.748","4:07.426","Green","Track","3.852","13.349","0.570","14.725","10.892","9.741","0.602","14.243","10.746","10.841","2.421","4.766","138.756","134.778"
"73","GTD","Patrick Lindsey","2","1:34.229","4:12.893","Green","Track","3.646","12.996","0.565","14.145","10.842","9.725","0.568","13.933","10.545","10.460","2.390","4.414","139.984","142.846"
"52","PC","Robert Alon","2","1:37.323","4:25.755","Green","Track","3.652","13.328","0.614","15.414","11.333","9.399","0.608","14.773","10.905","10.708","2.319","4.270","128.813","133.448"
"5","P","Christian Fittipaldi","3","1:29.836","4:41.146","Green","Track","3.267","11.796","0.522","13.560","10.407","8.951","0.580","13.831","10.466","10.161","2.193","4.102","151.515","139.890"
"38","PC","James French","2","1:33.881","4:42.151","Green","Track","3.486","12.523","0.548","14.128","10.958","9.357","0.565","14.049","10.593","11.192","2.276","4.206","144.326","143.604"
"31","P","Eric Curran","3","1:28.788","4:46.926","Green","Track","3.257","11.873","0.545","13.942","10.262","8.936","0.541","13.374","10.058","9.759","2.186","4.055","145.121","149.975"
"55","P","Tristan Nunez","3","1:29.296","4:48.702","Green","Track","3.439","11.828","0.520","13.949","10.405","8.856","0.540","13.597","10.042","9.889","2.167","4.064","152.098","150.253"
"60","P","Oswaldo Negri Jr.","3","1:28.995","4:52.209","Green","Track","3.303","12.098","0.530","13.492","10.441","9.061","0.529","13.407","10.153","9.665","2.206","4.110","149.228","153.377"
"96","GTD","Jens Klingmann","3","1:33.225","4:58.758","Green","Track","3.457","13.157","0.565","13.831","10.656","9.666","0.565","13.911","10.510","10.145","2.368","4.394","139.984","143.604"
"9","GTD","Matt Bell","2","1:34.982","5:02.602","Green","Track","3.471","13.185","0.574","14.453","10.789","9.918","0.580","13.837","10.561","10.664","2.449","4.501","137.789","139.890"
"10","P","Jordan Taylor","3","1:27.645","5:02.689","Green","Track","3.266","11.789","0.525","13.248","10.309","9.079","0.531","12.929","9.892","9.532","2.246","4.299","150.649","152.799"
"85","PC","Misha Goikhberg","3","1:34.156","5:09.131","Green","Track","3.811","12.755","0.550","14.124","10.491","9.203","0.584","15.405","10.895","9.901","2.250","4.187","143.802","138.932"
"88","PC","Mark Kvamme","2","1:58.025","5:14.259","Green","Track","9.822","17.741","0.669","16.735","12.806","10.615","0.676","16.879","12.389","12.014","2.524","5.155","118.223","120.024"
"23","GTD","Mario Farnbacher","3","1:33.590","5:16.527","Green","Track","3.571","12.853","0.568","13.903","10.924","9.775","0.570","13.778","10.482","10.319","2.403","4.444","139.245","142.344"
"33","GTD","Jeroen Bleekemolen","3","1:32.660","5:16.964","Green","Track","3.406","12.926","0.561","13.882","10.754","9.606","0.560","13.438","10.445","10.299","2.394","4.389","140.982","144.886"
"16","GTD","Spencer Pumpelly","3","1:34.395","5:20.175","Green","Track","3.454","12.981","0.570","13.940","10.897","9.871","0.575","14.274","10.632","10.317","2.409","4.475","138.756","141.107"
"6","GTD","Robin Liddell","3","1:33.428","5:20.972","Green","Track","3.369","13.082","0.574","13.792","10.698","9.836","0.575","13.605","10.598","10.392","2.427","4.480","137.789","141.107"
"44","GTD","Andy Lally","3","1:48.208","5:28.810","Green","Pit","3.808","13.368","0.587","14.842","11.057","11.449","0.705","14.270","10.765","10.704","5.329","11.324","134.737","115.087"
"48","GTD","Bryan Sellers","3","1:33.940","5:29.059","Green","Track","3.611","13.106","0.573","13.988","10.730","9.852","0.575","13.695","10.555","10.382","2.416","4.457","138.030","141.107"
"70","P","Tom Long","3","1:31.440","5:34.413","Green","Track","3.376","12.261","0.528","14.140","10.940","9.064","0.576","13.848","10.258","10.192","2.181","4.076","149.793","140.862"
"8","PC","Alex Popow","3","1:34.667","5:36.557","Green","Track","3.502","12.585","0.548","14.379","10.893","9.315","0.582","14.769","10.661","10.673","2.333","4.427","144.326","139.410"
"97","GTD","Markus Palttala","3","1:34.660","5:37.505","Green","Track","3.770","12.950","0.564","14.051","10.777","9.813","0.561","14.286","10.735","10.411","2.362","4.380","140.232","144.628"
"20","PC","Johnny Mowlem","3","1:33.862","5:39.589","Green","Track","3.733","12.596","0.555","14.561","10.744","9.338","0.563","14.100","10.501","10.593","2.320","4.258","142.506","144.114"
"22","GTD","Cooper MacNeil","3","1:34.157","5:41.583","Green","Track","3.834","12.991","0.563","14.023","10.832","9.695","0.569","13.898","10.480","10.481","2.379","4.412","140.481","142.595"
"73","GTD","Patrick Lindsey","3","1:32.870","5:45.763","Green","Track","3.506","12.867","0.563","13.932","10.669","9.639","0.564","13.561","10.313","10.431","2.405","4.420","140.481","143.859"
"52","PC","Robert Alon","3","1:32.743","5:58.498","Green","Track","3.399","12.465","0.550","14.569","10.801","9.293","0.579","14.060","10.294","10.231","2.277","4.225","143.802","140.132"
"5","P","Christian Fittipaldi","4","1:26.510","6:07.656","Green","Track","3.207","11.602","0.520","13.106","9.927","8.858","0.537","13.156","9.911","9.483","2.164","4.039","152.098","151.092"
"38","PC","James French","3","1:30.186","6:12.337","Green","Track","3.336","12.297","0.544","13.599","10.536","9.203","0.548","13.383","10.297","9.971","2.266","4.206","145.388","148.059"
"31","P","Eric Curran","4","1:27.847","6:14.773","Green","Track","3.242","11.733","0.522","13.376","10.079","8.864","0.528","13.354","9.974","9.853","2.234","4.088","151.515","153.667"
"55","P","Tristan Nunez","4","1:27.919","6:16.621","Green","Track","3.235","11.636","0.518","13.538","10.246","8.844","0.525","13.298","10.070","9.813","2.155","4.041","152.685","154.545"
"60","P","Oswaldo Negri Jr.","4","1:27.631","6:19.840","Green","Track","3.185","11.749","0.529","13.159","10.201","9.039","0.531","13.262","10.165","9.517","2.197","4.097","149.510","152.799"
"10","P","Jordan Taylor","4","1:27.237","6:29.926","Green","Track","3.210","11.522","0.522","13.024","9.954","9.011","0.534","13.369","10.205","9.605","2.188","4.093","151.515","151.941"
"96","GTD","Jens Klingmann","4","1:32.410","6:31.168","Green","Track","3.359","12.760","0.563","13.706","10.512","9.674","0.564","13.669","10.395","10.427","2.384","4.397","140.481","143.859"
"9","GTD","Matt Bell","3","1:33.541","6:36.143","Green","Track","3.642","12.950","0.572","13.779","10.532","9.883","0.579","13.760","10.572","10.357","2.431","4.484","138.271","140.132"
"85","PC","Misha Goikhberg","4","1:30.428","6:39.559","Green","Track","3.323","12.302","0.547","14.261","10.090","9.187","0.545","13.468","10.281","10.004","2.244","4.176","144.590","148.874"
"33","GTD","Jeroen Bleekemolen","4","1:32.756","6:49.720","Green","Track","3.463","12.849","0.558","14.345","10.645","9.593","0.560","13.470","10.436","10.123","2.356","4.358","141.740","144.886"
"23","GTD","Mario Farnbacher","4","1:34.458","6:50.985","Green","Track","3.636","12.974","0.570","15.266","10.626","9.694","0.569","13.643","10.427","10.235","2.388","4.430","138.756","142.595"
"16","GTD","Spencer Pumpelly","4","1:33.427","6:53.602","Green","Track","3.398","12.934","0.568","13.807","10.747","9.839","0.572","14.200","10.312","10.211","2.394","4.445","139.245","141.847"
"6","GTD","Robin Liddell","4","1:33.426","6:54.398","Green","Track","3.364","12.978","0.572","13.785","10.569","9.857","0.618","13.862","10.467","10.494","2.403","4.457","138.271","131.289"
"88","PC","Mark Kvamme","3","1:44.392","6:58.651","Green","Track","4.523","13.815","0.564","16.855","11.473","10.497","0.670","15.859","11.474","11.378","2.414","4.870","140.232","121.099"
"48","GTD","Bryan Sellers","4","1:32.802","7:01.861","Green","Track","3.429","12.966","0.567","13.802","10.579","9.850","0.574","13.395","10.496","10.287","2.409","4.448","139.490","141.353"
"70","P","Tom Long","4","1:29.846","7:04.259","Green","Track","3.297","11.910","0.526","14.157","10.417","8.915","0.526","13.714","10.271","9.896","2.168","4.049","150.363","154.252"
"8","PC","Alex Popow","4","1:34.809","7:11.366","Green","Track","3.648","12.510","0.543","14.050","12.063","9.431","0.553","14.214","10.534","10.708","2.302","4.253","145.655","146.720"
"97","GTD","Markus Palttala","4","1:34.653","7:12.158","Green","Track","3.477","12.804","0.561","13.947","11.384","9.787","0.567","14.095","10.500","10.576","2.394","4.561","140.982","143.098"
"20","PC","Johnny Mowlem","4","1:32.737","7:12.326","Green","Track","3.572","12.486","0.542","14.108","10.479","9.322","0.579","14.066","10.367","10.361","2.278","4.577","145.924","140.132"
"22","GTD","Cooper MacNeil","4","1:35.169","7:16.752","Green","Track","3.498","12.727","0.560","13.814","10.602","9.753","0.591","15.090","11.068","10.661","2.400","4.405","141.234","137.287"
"73","GTD","Patrick Lindsey","4","1:32.729","7:18.492","Green","Track","3.457","12.657","0.560","13.750","10.472","9.689","0.565","13.694","10.651","10.452","2.382","4.400","141.234","143.604"
"27","GTD","Lawrence DeGeorge","1","7:22.481","7:22.481","Green","Track","11.672","20.743","0.739","18.347","13.465","11.815","0.710","17.099","12.853","12.863","2.709","5.237","107.024","114.277"
"90","P","Ryan Dalziel","3","3:45.503","7:27.013","Green","Track","130.649","15.621","0.744","15.918","11.476","9.167","0.573","14.465","10.658","9.873","2.229","4.130","106.305","141.599"
"52","PC","Robert Alon","4","1:30.079","7:28.577","Green","Track","3.236","12.304","0.546","14.124","10.412","9.244","0.550","13.341","10.088","9.763","2.267","4.204","144.855","147.521"
"31","P","Eric Curran","5","1:27.497","7:42.270","Green","Track","3.254","11.574","0.514","13.432","10.250","8.893","0.549","13.107","9.859","9.728","2.197","4.140","153.873","147.789"
"38","PC","James French","4","1:30.468","7:42.805","Green","Track","3.325","12.141","0.540","13.637","10.267","9.204","0.554","13.302","10.310","10.088","2.278","4.822","146.465","146.456"
"5","P","Christian Fittipaldi","5","1:36.361","7:44.017","Green","Pit","3.136","11.447","0.518","13.058","9.864","8.914","0.540","13.052","9.739","9.411","5.233","11.449","152.685","150.253"
"60","P","Oswaldo Negri Jr.","5","1:27.235","7:47.075","Green","Track","3.193","11.769","0.527","13.095","10.018","9.005","0.528","13.231","10.013","9.523","2.220","4.113","150.078","153.667"
"44","GTD","Andy Lally","4","2:24.424","7:53.234","Green","Track","41.892","14.916","0.599","17.450","11.750","10.285","0.631","16.653","11.502","11.550","2.533","4.663","132.038","128.584"
"10","P","Jordan Taylor","5","1:25.613","7:55.539","Green","Track","3.215","11.363","0.522","12.939","9.825","9.019","0.531","12.717","9.740","9.453","2.197","4.092","151.515","152.799"
"96","GTD","Jens Klingmann","5","1:32.617","8:03.785","Green","Track","3.324","12.720","0.561","14.156","10.584","9.683","0.564","13.710","10.333","10.167","2.399","4.416","140.982","143.859"
"85","PC","Misha Goikhberg","5","1:29.015","8:08.574","Green","Track","3.308","12.279","0.542","13.187","10.156","9.169","0.541","13.298","9.990","10.035","2.262","4.248","145.924","149.975"
"9","GTD","Matt Bell","4","1:32.782","8:08.925","Green","Track","3.343","12.904","0.570","13.633","10.466","9.860","0.579","13.619","10.321","10.508","2.473","4.506","138.756","140.132"
"33","GTD","Jeroen Bleekemolen","5","1:31.565","8:21.285","Green","Track","3.293","12.750","0.557","13.560","10.482","9.552","0.559","13.322","10.433","10.314","2.373","4.370","141.994","145.146"
"23","GTD","Mario Farnbacher","5","1:32.144","8:23.129","Green","Track","3.467","12.654","0.565","13.682","10.570","9.664","0.569","13.616","10.300","10.229","2.398","4.430","139.984","142.595"
"55","P","Tristan Nunez","5","2:07.691","8:24.312","Green","Pit","3.217","11.501","0.517","13.298","10.486","9.035","0.533","13.678","10.051","10.458","5.809","39.108","152.980","152.226"
"16","GTD","Spencer Pumpelly","5","1:31.960","8:25.562","Green","Track","3.388","12.808","0.569","13.607","10.423","9.798","0.569","13.593","10.225","10.137","2.397","4.446","139.000","142.595"
"6","GTD","Robin Liddell","5","1:32.208","8:26.606","Green","Track","3.357","12.875","0.570","13.630","10.506","9.813","0.573","13.367","10.345","10.279","2.421","4.472","138.756","141.599"
"88","PC","Mark Kvamme","4","1:39.006","8:37.657","Green","Track","3.967","13.451","0.554","14.863","11.185","9.549","0.557","15.009","11.157","11.392","2.490","4.832","142.763","145.667"
"8","PC","Alex Popow","5","1:31.475","8:42.841","Green","Track","3.597","12.303","0.542","13.667","10.400","9.303","0.552","13.837","10.238","10.485","2.307","4.244","145.924","146.986"
"20","PC","Johnny Mowlem","5","1:30.755","8:43.081","Green","Track","3.716","12.348","0.540","13.721","10.253","9.223","0.546","13.746","10.208","9.977","2.261","4.216","146.465","148.601"
"97","GTD","Markus Palttala","5","1:34.223","8:46.381","Green","Track","4.169","13.005","0.560","13.953","10.585","9.672","0.561","13.980","10.615","10.352","2.379","4.392","141.234","144.628"
"22","GTD","Cooper MacNeil","5","1:33.288","8:50.040","Green","Track","3.560","12.771","0.562","13.946","10.625","9.669","0.564","13.993","10.385","10.412","2.394","4.407","140.731","143.859"
"73","GTD","Patrick Lindsey","5","1:32.322","8:50.814","Green","Track","3.516","12.618","0.560","13.811","10.450","9.634","0.564","13.729","10.272","10.371","2.395","4.402","141.234","143.859"
"90","P","Ryan Dalziel","4","1:30.171","8:57.184","Green","Track","3.372","12.121","0.526","14.444","10.658","9.061","0.551","13.533","10.042","9.635","2.168","4.060","150.363","147.253"
"52","PC","Robert Alon","5","1:31.125","8:59.702","Green","Track","3.181","12.120","0.543","13.960","11.364","9.370","0.546","13.527","10.122","9.938","2.259","4.195","145.655","148.601"
"31","P","Eric Curran","6","1:25.939","9:08.209","Green","Track","3.220","11.526","0.513","12.972","9.880","8.878","0.523","12.878","9.715","9.542","2.206","4.086","154.173","155.136"
"27","GTD","Lawrence DeGeorge","2","1:47.303","9:09.784","Green","Track","4.524","14.179","0.589","15.665","13.258","10.538","0.624","15.705","11.915","12.286","2.729","5.291","134.280","130.026"
"38","PC","James French","5","1:29.279","9:12.084","Green","Track","3.498","12.170","0.542","13.334","10.243","9.188","0.547","13.265","10.249","9.810","2.249","4.184","145.924","148.330"
"60","P","Oswaldo Negri Jr.","6","1:26.556","9:13.631","Green","Track","3.127","11.526","0.524","13.060","9.899","9.034","0.526","12.927","10.079","9.554","2.204","4.096","150.937","154.252"
"70","P","Tom Long","5","2:15.637","9:19.896","Green","Pit","3.352","11.805","0.524","14.351","10.618","8.919","0.527","13.770","11.107","11.492","6.229","42.943","150.937","153.959"
"10","P","Jordan Taylor","6","1:25.418","9:20.957","Green","Track","3.085","11.428","0.525","13.003","9.795","9.001","0.530","12.765","9.641","9.375","2.181","4.089","150.649","153.087"
"44","GTD","Andy Lally","5","1:38.190","9:31.424","Green","Track","3.767","13.598","0.585","14.856","11.583","10.233","0.587","14.328","10.728","10.923","2.460","4.542","135.198","138.222"
"96","GTD","Jens Klingmann","6","1:31.821","9:35.606","Green","Track","3.366","12.627","0.560","13.710","10.483","9.679","0.563","13.539","10.298","10.179","2.402","4.415","141.234","144.114"
"85","PC","Misha Goikhberg","6","1:28.363","9:36.937","Green","Track","3.234","12.176","0.541","13.326","10.222","9.181","0.543","12.965","10.240","9.570","2.213","4.152","146.194","149.422"
"9","GTD","Matt Bell","5","1:32.495","9:41.420","Green","Track","3.337","12.866","0.571","13.650","10.507","9.878","0.579","13.577","10.235","10.371","2.439","4.485","138.513","140.132"
"5","P","Christian Fittipaldi","6","2:09.323","9:53.340","Green","Track","36.264","15.761","0.616","15.023","11.102","9.099","0.623","14.099","10.307","10.086","2.228","4.115","128.394","130.235"
"23","GTD","Mario Farnbacher","6","1:32.081","9:55.210","Green","Track","3.476","12.467","0.562","13.639","10.482","9.724","0.567","13.665","10.354","10.302","2.403","4.440","140.731","143.098"
"16","GTD","Spencer Pumpelly","6","1:32.137","9:57.699","Green","Track","3.426","12.809","0.568","13.661","10.308","9.779","0.568","13.707","10.261","10.184","2.408","4.458","139.245","142.846"
"6","GTD","Robin Liddell","6","1:32.265","9:58.871","Green","Track","3.352","12.895","0.570","13.612","10.456","10.018","0.577","13.263","10.292","10.321","2.429","4.480","138.756","140.618"
"33","GTD","Jeroen Bleekemolen","6","1:44.486","10:05.771","Green","Pit","3.265","12.675","0.558","14.485","10.975","9.622","0.560","13.808","10.394","10.291","6.288","11.565","141.740","144.886"
"55","P","Jonathan Bomarito","6","1:42.305","10:06.617","Green","Track","10.560","15.038","0.585","14.700","10.974","8.920","0.562","13.919","10.245","10.437","2.215","4.150","135.198","144.371"
"8","PC","Alex Popow","6","1:32.526","10:15.367","Green","Track","3.431","12.156","0.541","13.571","10.297","9.233","0.548","14.367","11.019","10.766","2.340","4.257","146.194","148.059"
"88","PC","Mark Kvamme","5","1:38.699","10:16.356","Green","Track","3.816","13.383","0.555","14.892","11.257","9.676","0.554","14.962","11.089","11.552","2.376","4.587","142.506","146.456"
"20","PC","Johnny Mowlem","6","1:33.406","10:16.487","Green","Track","3.464","12.379","0.540","13.930","10.247","9.248","0.541","13.830","11.268","11.045","2.321","4.593","146.465","149.975"
"97","GTD","Markus Palttala","6","1:31.375","10:17.756","Green","Track","3.342","12.641","0.560","13.575","10.373","9.658","0.566","13.487","10.327","10.142","2.354","4.350","141.234","143.350"
"22","GTD","Cooper MacNeil","6","1:32.958","10:22.998","Green","Track","3.554","12.588","0.558","13.807","10.716","9.638","0.573","13.923","10.363","10.460","2.383","4.395","141.740","141.599"
"73","GTD","Patrick Lindsey","6","1:32.758","10:23.572","Green","Track","3.430","12.665","0.560","13.852","10.708","9.655","0.564","13.661","10.381","10.485","2.398","4.399","141.234","143.859"
"90","P","Ryan Dalziel","5","1:27.030","10:24.214","Green","Track","3.199","11.488","0.520","13.204","9.939","8.931","0.526","13.155","10.156","9.683","2.170","4.059","152.098","154.252"
"31","P","Eric Curran","7","1:25.809","10:34.018","Green","Track","3.205","11.414","0.514","13.043","9.841","8.864","0.524","12.932","9.727","9.500","2.190","4.055","153.873","154.840"
"52","PC","Robert Alon","6","1:40.124","10:39.826","Green","Pit","3.269","11.972","0.539","13.495","10.207","9.221","0.547","13.211","10.119","9.991","5.806","11.747","146.736","148.330"
"38","PC","James French","6","1:28.616","10:40.700","Green","Track","3.297","12.225","0.540","13.330","10.149","9.197","0.552","13.189","10.087","9.648","2.232","4.170","146.465","146.986"
"10","P","Jordan Taylor","7","1:35.605","10:56.562","Green","Pit","3.083","11.272","0.520","12.873","10.051","9.081","0.532","12.793","9.598","9.473","4.851","11.478","152.098","152.512"
"27","GTD","Lawrence DeGeorge","3","1:47.073","10:56.857","Green","Track","4.502","13.726","0.663","18.082","13.101","10.305","0.598","15.183","11.558","11.924","2.598","4.833","119.292","135.680"
"70","P","Joel Miller","6","1:44.488","11:04.384","Green","Track","9.634","14.602","0.732","16.389","11.604","9.151","0.600","14.588","10.771","10.073","2.221","4.123","108.048","135.227"
"85","PC","Misha Goikhberg","7","1:28.880","11:05.817","Green","Track","3.205","12.220","0.541","13.446","10.273","9.170","0.562","13.371","10.155","9.585","2.206","4.146","146.194","144.371"
"44","GTD","Andy Lally","6","1:38.792","11:10.216","Green","Track","3.415","12.943","0.583","14.433","10.948","9.894","0.576","14.229","10.867","13.889","2.474","4.541","135.662","140.862"
"9","GTD","Matt Bell","6","1:31.637","11:13.057","Green","Track","3.308","12.762","0.569","13.487","10.239","9.831","0.576","13.371","10.278","10.323","2.422","4.471","139.000","140.862"
"96","GTD","Jens Klingmann","7","1:43.181","11:18.787","Green","Pit","3.364","12.597","0.559","13.539","10.527","9.713","0.640","14.104","10.372","10.146","6.043","11.577","141.486","126.776"
"23","GTD","Mario Farnbacher","7","1:31.358","11:26.568","Green","Track","3.485","12.475","0.563","13.465","10.482","9.696","0.567","13.494","10.188","10.129","2.391","4.423","140.481","143.098"
"16","GTD","Spencer Pumpelly","7","1:31.724","11:29.423","Green","Track","3.399","12.605","0.565","13.635","10.408","9.757","0.569","13.646","10.241","10.082","2.386","4.431","139.984","142.595"
"5","P","Christian Fittipaldi","7","1:38.798","11:32.138","Green","Pit","3.336","11.716","0.520","13.330","10.148","8.898","0.555","13.589","10.178","9.708","5.333","11.487","152.098","146.192"
"55","P","Jonathan Bomarito","7","1:28.625","11:35.242","Green","Track","3.420","11.969","0.526","13.373","10.278","8.871","0.533","13.340","9.913","10.107","2.191","4.104","150.363","152.226"
"8","PC","Alex Popow","7","1:29.765","11:45.132","Green","Track","3.356","12.152","0.539","13.336","10.417","9.263","0.548","13.349","10.149","10.182","2.269","4.205","146.736","148.059"
"20","PC","Johnny Mowlem","7","1:30.221","11:46.708","Green","Track","3.725","12.323","0.539","13.558","10.230","9.259","0.545","13.551","10.086","9.948","2.247","4.210","146.736","148.874"
"88","PC","Mark Kvamme","6","1:36.470","11:52.826","Green","Track","4.348","13.367","0.547","14.480","10.828","9.457","0.576","14.338","10.680","10.831","2.370","4.648","144.590","140.862"
"22","GTD","Cooper MacNeil","7","1:34.518","11:57.516","Green","Track","3.489","12.621","0.557","14.058","10.707","9.680","0.572","14.037","10.726","11.227","2.414","4.430","141.994","141.847"
"31","P","Eric Curran","8","1:25.320","11:59.338","Green","Track","3.212","11.350","0.514","12.939","9.800","8.873","0.530","12.911","9.647","9.358","2.159","4.027","153.873","153.087"
"97","GTD","Markus Palttala","7","1:46.540","12:04.296","Green","Pit","3.461","13.510","0.569","14.600","11.129","9.853","0.569","14.161","10.894","10.633","5.565","11.596","139.000","142.595"
"90","P","Ryan Dalziel","6","1:41.531","12:05.745","Green","Pit","3.430","12.068","0.542","13.885","10.541","8.958","0.550","13.340","10.034","10.255","6.462","11.466","145.924","147.521"
"38","PC","James French","7","1:27.750","12:08.450","Green","Track","3.227","12.010","0.538","13.064","10.131","9.148","0.548","12.960","10.065","9.652","2.235","4.172","147.009","148.059"
"60","P","Oswaldo Negri Jr.","7","3:11.657","12:25.288","Green","Pit","3.247","12.159","0.561","14.446","10.477","9.079","0.528","13.215","10.185","10.368","6.459","100.933","140.982","153.667"
"27","GTD","Lawrence DeGeorge","4","1:45.505","12:42.362","Green","Track","4.345","13.571","0.579","15.329","11.570","10.122","0.589","15.857","12.221","12.363","3.167","5.792","136.599","137.753"
"6","GTD","Robin Liddell","7","14:20.138","24:19.009","Green","Pit","3.371","12.754","0.567","13.725","10.535","9.805","0.575","13.261","10.282","10.896","5.989","768.378","139.490","141.107"
"9","GTD","Matt Bell","7","13:07.639","24:20.696","Green","Pit","3.323","12.836","0.569","13.535","10.263","9.848","0.575","13.408","10.206","11.912","8.177","692.987","139.000","141.107"
"48","GTD","Bryan Sellers","5","17:20.401","24:22.262","Green","Pit","3.509","13.039","0.570","15.358","11.582","9.819","0.587","14.408","10.810","10.999","6.829","942.891","138.756","138.222"
"16","GTD","Spencer Pumpelly","8","12:53.625","24:23.048","Green","Pit","3.466","12.827","0.570","13.618","10.348","9.766","0.568","13.511","10.363","13.743","7.893","676.952","138.756","142.846"
"73","GTD","Patrick Lindsey","7","14:01.683","24:25.255","Green","Pit","3.589","12.649","0.557","14.463","10.653","9.596","0.564","13.611","10.257","10.508","5.638","749.598","141.994","143.859"
"88","PC","Mark Kvamme","7","12:33.228","24:26.054","Green","Pit","3.669","13.404","0.574","14.761","10.930","9.488","0.573","14.994","11.464","13.947","7.563","651.861","137.789","141.599"
"27","GTD","Lawrence DeGeorge","5","11:52.285","24:34.647","Green","Pit","4.416","13.836","0.589","18.189","13.447","11.868","0.751","17.681","13.005","18.268","12.581","587.654","134.280","108.038"
"55","P","Jonathan Bomarito","8","13:15.901","24:51.143","Green","Pit","3.357","12.025","0.525","13.166","9.992","8.867","0.530","14.905","12.388","14.267","9.811","696.068","150.649","153.087"
"70","P","Joel Miller","7","13:55.036","24:59.420","Green","Pit","3.538","11.912","0.532","13.860","10.537","9.003","0.541","13.811","10.388","263.854","71.884","425.176","148.667","149.975"
"38","PC","James French","8","13:07.398","25:15.848","Green","Pit","3.181","12.422","0.545","13.723","10.385","9.162","0.628","15.134","11.337","15.977","10.647","684.257","145.121","129.198"
"60","P","Oswaldo Negri Jr.","8","13:18.790","25:44.078","Green","Track","574.701","14.020","0.540","14.642","10.615","9.168","0.555","13.665","10.169","9.643","2.205","4.118","146.465","146.192"
"5","P","Joao Barbosa","8","14:14.467","25:46.605","Green","Track","604.433","14.550","0.566","15.731","10.916","9.117","0.645","14.376","10.260","10.206","2.205","4.102","139.737","125.793"
"31","P","Dane Cameron","9","13:49.940","25:49.278","Green","Track","630.640","13.157","0.615","14.824","10.771","9.045","0.625","14.173","10.319","9.733","2.173","4.053","128.603","129.818"
"90","P","Ryan Dalziel","7","13:48.340","25:54.085","Green","Track","738.864","14.870","0.620","14.729","10.450","9.057","0.548","13.319","9.892","9.638","2.226","4.127","127.566","148.059"
"96","GTD","Jens Klingmann","8","14:36.523","25:55.310","Green","Pit","11.734","633.954","0.576","13.905","10.642","9.776","0.577","13.760","10.329","10.242","6.480","11.642","137.311","140.618"
"10","P","Jordan Taylor","8","15:01.589","25:58.151","Green","Track","811.719","13.654","0.566","15.230","11.104","9.273","0.584","13.177","10.004","9.949","2.211","4.118","139.737","138.932"
"23","GTD","Alex Riberas","8","14:34.868","26:01.436","Green","Track","671.198","16.192","0.734","16.410","11.247","10.062","0.692","14.863","10.556","10.475","2.459","4.508","107.753","117.249"
"44","GTD","Andy Lally","7","14:51.988","26:02.204","Green","Track","687.671","14.817","0.596","16.329","11.611","10.185","0.587","14.078","10.635","10.660","2.438","4.505","132.703","138.222"
"22","GTD","Leh Keen","8","14:06.146","26:03.662","Green","Track","621.802","16.251","0.643","17.406","11.825","10.012","0.637","14.384","11.029","10.986","2.432","4.438","123.003","127.373"
"33","GTD","Ben Keating","7","15:58.398","26:04.169","Green","Track","861.896","15.913","0.577","14.721","11.669","9.772","0.631","14.738","10.939","10.696","2.415","4.431","137.073","128.584"
"6","GTD","Andrew Davis","8","1:48.731","26:07.740","Green","Track","10.524","15.564","0.590","14.610","10.968","10.040","0.599","15.644","11.681","11.502","2.464","4.545","134.052","135.453"
"16","GTD","Corey Lewis","9","1:45.149","26:08.197","Green","Track","9.818","14.197","0.573","14.719","11.070","10.025","0.584","14.258","11.289","11.686","2.442","4.488","138.030","138.932"
"73","GTD","Jorg Bergmeister","8","1:45.535","26:10.790","Green","Track","9.658","14.347","0.586","15.961","11.908","10.044","0.618","14.504","10.611","10.432","2.409","4.457","134.967","131.289"
"48","GTD","Bryan Sellers","6","1:52.574","26:14.836","Green","Track","9.425","14.752","0.584","14.410","11.687","12.768","0.731","16.551","13.865","10.871","2.440","4.490","135.430","110.994"
"9","GTD","Lawson Aschenbach","8","1:58.397","26:19.093","Green","Track","9.707","17.238","0.985","16.764","11.792","13.581","0.874","16.469","11.672","12.272","2.479","4.564","80.295","92.833"
"97","GTD","Markus Palttala","8","14:23.136","26:27.432","Green","Track","611.075","14.416","0.574","14.404","10.988","9.827","0.585","15.217","10.606","10.503","2.391","4.418","137.789","138.695"
"8","PC","Alex Popow","8","14:45.118","26:30.250","Green","Pit","3.257","12.371","0.542","13.189","10.090","9.301","0.551","13.334","10.100","12.502","9.776","790.105","145.924","147.253"
"27","GTD","Lawrence DeGeorge","6","1:59.497","26:34.144","Green","Track","9.967","17.037","0.785","17.397","12.460","10.765","0.670","18.202","12.076","12.300","2.642","5.196","100.753","121.099"
"55","P","Jonathan Bomarito","9","1:43.175","26:34.318","Green","Track","9.624","15.039","0.624","16.019","10.904","9.026","0.558","14.026","10.317","10.522","2.220","4.296","126.748","145.406"
"70","P","Joel Miller","8","1:43.895","26:43.315","Green","Track","9.517","14.642","0.661","15.706","11.461","9.297","0.658","14.294","10.631","10.539","2.282","4.207","119.653","123.308"
"52","PC","Tom Kimber-Smith","7","16:10.213","26:50.039","Green","Track","716.394","14.938","0.656","15.877","11.489","9.537","0.633","14.887","10.991","11.162","2.358","4.331","120.565","128.178"
"38","PC","James French","9","1:42.051","26:57.899","Green","Track","9.663","15.243","0.589","15.194","10.816","9.305","0.569","13.942","10.307","9.992","2.242","4.189","134.280","142.595"
"88","PC","Ashley Freiberg","8","2:42.222","27:08.276","Green","Pit","9.843","18.423","0.854","17.618","12.731","9.860","0.753","16.894","11.891","11.714","7.443","44.198","92.612","107.751"
"60","P","Oswaldo Negri Jr.","9","1:26.311","27:10.389","Green","Track","3.176","11.684","0.530","13.042","9.959","9.026","0.530","12.915","9.770","9.417","2.179","4.083","149.228","153.087"
"5","P","Joao Barbosa","9","1:28.832","27:15.437","Green","Track","3.409","11.972","0.522","13.769","10.267","8.887","0.551","13.530","9.910","9.812","2.160","4.043","151.515","147.253"
"31","P","Dane Cameron","10","1:26.589","27:15.867","Green","Track","3.245","11.514","0.530","13.463","9.768","8.828","0.525","13.190","9.896","9.463","2.149","4.018","149.228","154.545"
"20","PC","Johnny Mowlem","8","15:30.444","27:17.152","Green","Pit","622.269","15.708","0.569","16.346","10.931","9.340","0.595","14.439","10.643","10.621","6.428","88.920","139.000","136.364"
"90","P","Ryan Dalziel","8","1:25.383","27:19.468","Green","Track","3.181","11.389","0.519","12.979","9.767","8.972","0.529","12.767","9.668","9.412","2.157","4.043","152.391","153.377"
"10","P","Jordan Taylor","9","1:24.933","27:23.084","Green","Track","3.043","11.366","0.524","12.804","9.801","8.989","0.532","12.636","9.618","9.367","2.173","4.080","150.937","152.512"
"23","GTD","Alex Riberas","9","1:32.731","27:34.167","Green","Track","3.388","12.639","0.570","13.963","10.589","9.814","0.572","13.716","10.264","10.293","2.438","4.485","138.756","141.847"
"44","GTD","Andy Lally","8","1:33.345","27:35.549","Green","Track","3.467","12.848","0.574","14.100","10.556","9.844","0.575","13.617","10.466","10.420","2.405","4.473","137.789","141.107"
"22","GTD","Leh Keen","9","1:32.336","27:35.998","Green","Track","3.342","12.671","0.562","13.787","10.679","9.676","0.563","13.435","10.456","10.340","2.406","4.419","140.731","144.114"
"33","GTD","Ben Keating","8","1:32.944","27:37.113","Green","Track","3.452","12.873","0.560","13.773","10.587","9.707","0.562","13.597","10.425","10.461","2.475","4.472","141.234","144.371"
"6","GTD","Andrew Davis","9","1:32.681","27:40.421","Green","Track","3.482","12.889","0.575","13.790","10.418","9.922","0.582","13.640","10.248","10.237","2.410","4.488","137.549","139.410"
"16","GTD","Corey Lewis","10","1:33.023","27:41.220","Green","Track","3.556","12.948","0.570","13.818","10.551","9.840","0.571","13.736","10.265","10.351","2.385","4.432","138.756","142.095"
"73","GTD","Jorg Bergmeister","9","1:32.776","27:43.566","Green","Track","3.572","12.875","0.567","13.822","10.706","9.757","0.566","13.560","10.226","10.303","2.403","4.419","139.490","143.350"
"48","GTD","Bryan Sellers","7","1:33.329","27:48.165","Green","Track","3.504","13.089","0.571","13.787","10.629","9.826","0.576","13.525","10.532","10.385","2.428","4.477","138.513","140.862"
"9","GTD","Lawson Aschenbach","9","1:33.582","27:52.675","Green","Track","3.409","13.230","0.582","14.074","10.593","10.017","0.585","13.543","10.415","10.239","2.405","4.490","135.895","138.695"
"97","GTD","Markus Palttala","9","1:31.465","27:58.897","Green","Track","3.314","12.680","0.564","13.606","10.451","9.743","0.568","13.431","10.306","10.053","2.363","4.386","140.232","142.846"
"55","P","Jonathan Bomarito","10","1:29.164","28:03.482","Green","Track","3.688","12.097","0.527","13.549","10.165","8.891","0.547","13.490","9.987","9.974","2.179","4.070","150.078","148.330"
"70","P","Joel Miller","9","1:31.102","28:14.417","Green","Track","3.487","12.044","0.563","14.456","10.648","8.963","0.539","13.574","10.253","10.233","2.225","4.117","140.481","150.531"
"27","GTD","Lawrence DeGeorge","7","1:43.550","28:17.694","Green","Track","4.599","13.900","0.581","15.324","11.519","10.118","0.601","15.077","11.694","12.519","2.573","5.045","136.129","135.002"
"96","GTD","Bret Curtis","9","2:28.547","28:23.857","Green","Track","46.489","16.588","0.781","17.473","12.335","10.017","0.576","15.031","11.252","11.048","2.477","4.480","101.269","140.862"
"52","PC","Tom Kimber-Smith","8","1:33.980","28:24.019","Green","Track","3.516","12.647","0.546","14.375","10.738","9.326","0.581","14.191","10.388","10.833","2.374","4.465","144.855","139.650"
"38","PC","James French","10","1:29.151","28:27.050","Green","Track","3.196","12.115","0.542","13.366","10.217","9.170","0.554","13.360","10.006","10.189","2.252","4.184","145.924","146.456"
"8","PC","Renger Van Der Zande","9","1:58.814","28:29.064","Green","Track","9.904","17.348","0.829","18.952","12.462","10.007","0.657","17.277","11.397","12.957","2.466","4.558","95.405","123.495"
"60","P","Oswaldo Negri Jr.","10","1:25.301","28:35.690","Green","Track","3.162","11.490","0.526","12.714","9.731","9.000","0.528","12.796","9.796","9.300","2.179","4.079","150.363","153.667"
"31","P","Dane Cameron","11","1:24.928","28:40.795","Green","Track","3.199","11.342","0.521","12.921","9.601","8.856","0.525","12.742","9.731","9.302","2.156","4.032","151.806","154.545"
"5","P","Joao Barbosa","10","1:28.795","28:44.232","Green","Track","3.222","11.979","0.687","14.317","10.066","8.843","0.541","13.323","9.784","9.797","2.183","4.053","115.125","149.975"
"90","P","Ryan Dalziel","9","1:25.226","28:44.694","Green","Track","3.093","11.295","0.516","13.019","9.741","8.942","0.522","12.806","9.650","9.404","2.176","4.062","153.277","155.434"
"10","P","Jordan Taylor","10","1:25.637","28:48.721","Green","Track","3.015","11.305","0.519","12.722","10.400","9.013","0.530","12.730","9.727","9.398","2.188","4.090","152.391","153.087"
"88","PC","Ashley Freiberg","9","1:45.562","28:53.838","Green","Track","9.575","15.898","0.599","14.927","11.563","9.705","0.651","14.745","10.833","10.518","2.311","4.237","132.038","124.633"
"23","GTD","Alex Riberas","10","1:32.722","29:06.889","Green","Track","3.383","12.480","0.566","13.809","10.966","9.794","0.571","13.671","10.264","10.362","2.406","4.450","139.737","142.095"
"44","GTD","Andy Lally","9","1:34.158","29:09.707","Green","Track","3.377","12.487","0.567","13.885","10.359","9.805","0.579","14.942","10.631","10.629","2.416","4.481","139.490","140.132"
"22","GTD","Leh Keen","10","1:34.428","29:10.426","Green","Track","3.370","12.568","0.558","13.740","11.581","9.610","0.562","13.847","10.768","11.023","2.393","4.408","141.740","144.371"
"33","GTD","Ben Keating","9","1:33.709","29:10.822","Green","Track","3.370","13.181","0.560","13.823","10.651","9.765","0.562","13.839","10.682","10.504","2.387","4.385","141.234","144.371"
"6","GTD","Andrew Davis","10","1:32.203","29:12.624","Green","Track","3.399","12.657","0.571","13.503","10.314","9.935","0.579","13.580","10.451","10.289","2.429","4.496","138.513","140.132"
"16","GTD","Corey Lewis","11","1:33.170","29:14.390","Green","Track","3.368","12.864","0.570","13.764","10.420","9.804","0.570","13.574","10.992","10.386","2.408","4.450","138.756","142.344"
"73","GTD","Jorg Bergmeister","10","1:32.564","29:16.130","Green","Track","3.484","12.720","0.565","13.905","10.571","9.697","0.565","13.491","10.478","10.251","2.406","4.431","139.984","143.604"
"20","PC","Tomy Drissi","9","2:00.510","29:17.662","Green","Track","12.435","17.227","0.568","15.762","12.453","10.067","0.601","18.130","15.235","11.196","2.363","4.473","139.245","135.002"
"48","GTD","Bryan Sellers","8","1:31.546","29:19.711","Green","Track","3.471","12.770","0.566","13.513","10.310","9.788","0.573","13.223","10.353","10.157","2.391","4.431","139.737","141.599"
"9","GTD","Lawson Aschenbach","10","1:32.239","29:24.914","Green","Track","3.332","12.794","0.573","13.504","10.270","9.909","0.583","13.532","10.626","10.212","2.413","4.491","138.030","139.170"
"97","GTD","Markus Palttala","10","1:31.068","29:29.965","Green","Track","3.247","12.592","0.563","13.560","10.329","9.764","0.569","13.356","10.280","10.050","2.365","4.393","140.481","142.595"
"70","P","Joel Miller","10","1:28.483","29:42.900","Green","Track","3.472","11.850","0.528","13.358","10.283","8.971","0.540","13.193","10.088","9.875","2.219","4.106","149.793","150.253"
"52","PC","Tom Kimber-Smith","9","1:32.518","29:56.537","Green","Track","3.992","12.939","0.548","13.991","10.605","9.278","0.552","13.691","10.272","10.092","2.301","4.257","144.326","146.986"
"38","PC","James French","11","1:33.309","30:00.359","Finish","Track","3.266","11.994","0.539","13.501","10.301","9.208","0.549","13.687","10.272","13.331","2.357","4.304","146.736","147.789"
"27","GTD","Lawrence DeGeorge","8","1:44.322","30:02.016","Finish","Track","4.142","13.644","0.579","15.061","11.567","10.068","0.591","14.584","11.672","13.875","2.888","5.651","136.599","137.287"
"96","GTD","Bret Curtis","10","1:39.320","30:03.177","Finish","Track","4.076","14.568","0.579","14.985","11.187","9.928","0.573","14.145","10.693","11.520","2.537","4.529","136.599","141.599"
"31","P","Dane Cameron","12","1:24.195","30:04.990","Finish","Track","3.108","11.152","0.511","12.778","9.528","8.922","0.528","12.614","9.600","9.307","2.144","4.003","154.777","153.667"
"5","P","Joao Barbosa","11","1:26.705","30:10.937","Finish","Track","3.252","11.551","0.515","13.243","9.987","8.828","0.546","13.262","9.705","9.634","2.156","4.026","153.575","148.601"
"90","P","Ryan Dalziel","10","1:26.975","30:11.669","Finish","Track","3.256","11.532","0.521","13.327","10.023","8.991","0.528","13.120","9.855","9.540","2.196","4.086","151.806","153.667"
"10","P","Jordan Taylor","11","1:24.765","30:13.486","Finish","Track","3.031","11.199","0.518","12.782","9.806","8.963","0.529","12.592","9.662","9.426","2.178","4.079","152.685","153.377"
"8","PC","Renger Van Der Zande","10","1:52.012","30:21.076","Finish","Pit","3.580","12.950","0.553","14.939","11.612","9.399","0.622","14.593","10.803","12.612","8.288","12.061","143.022","130.444"
"88","PC","Ashley Freiberg","10","1:32.926","30:26.764","Finish","Track","3.305","12.462","0.544","14.119","11.054","9.291","0.556","14.118","10.587","10.387","2.281","4.222","145.388","145.929"
"23","GTD","Alex Riberas","11","1:31.484","30:38.373","Finish","Track","3.385","12.596","0.570","13.513","10.456","9.770","0.570","13.474","10.254","10.103","2.372","4.421","138.756","142.344"
"44","GTD","Andy Lally","10","1:32.407","30:42.114","Finish","Track","3.409","12.682","0.571","13.780","10.372","9.811","0.575","13.566","10.336","10.428","2.407","4.470","138.513","141.107"
"22","GTD","Leh Keen","11","1:32.819","30:43.245","Finish","Track","3.346","12.786","0.561","13.549","10.466","9.576","0.562","13.481","10.410","11.315","2.376","4.391","140.982","144.371"
"33","GTD","Ben Keating","10","1:32.805","30:43.627","Finish","Track","3.473","12.919","0.561","13.900","10.679","9.612","0.560","13.416","10.396","10.502","2.379","4.408","140.982","144.886"
"6","GTD","Andrew Davis","11","1:31.757","30:44.381","Finish","Track","3.345","12.597","0.571","13.654","10.465","9.884","0.577","13.388","10.240","10.162","2.406","4.468","138.513","140.618"
"16","GTD","Corey Lewis","12","1:32.401","30:46.791","Finish","Track","3.414","12.658","0.566","13.812","10.491","9.844","0.571","13.651","10.287","10.256","2.407","4.444","139.737","142.095"
"73","GTD","Jorg Bergmeister","11","1:31.974","30:48.104","Finish","Track","3.485","12.677","0.564","13.690","10.427","9.672","0.563","13.648","10.254","10.148","2.417","4.429","140.232","144.114"
"20","PC","Tomy Drissi","10","1:34.565","30:52.227","Finish","Track","3.712","12.636","0.548","14.288","10.960","9.332","0.562","14.344","10.691","10.773","2.339","4.380","144.326","144.371"
"48","GTD","Bryan Sellers","9","1:33.470","30:53.181","Finish","Track","3.452","12.713","0.565","13.527","10.384","9.801","0.572","13.804","11.094","10.665","2.427","4.466","139.984","141.847"
"9","GTD","Lawson Aschenbach","11","1:31.574","30:56.488","Finish","Track","3.259","12.737","0.575","13.524","10.350","9.912","0.581","13.416","10.312","10.042","2.394","4.472","137.549","139.650"
"97","GTD","Markus Palttala","11","1:31.063","31:01.028","Finish","Track","3.303","12.479","0.561","13.514","10.373","9.713","0.566","13.404","10.298","10.067","2.380","4.405","140.982","143.350"
"52","PC","Tom Kimber-Smith","10","1:29.653","31:26.190","Finish","Track","3.308","12.280","0.545","13.522","10.270","9.269","0.549","13.379","10.123","9.903","2.278","4.227","145.121","147.789"
