"Car","Class","Driver","Lap","Lap Time","Session Time","Flag","Location","S01","S02","S03","S04","S05","S06","S07","S08","S09","S10","SP3"
"23","GTD","Mario Farnbacher","1","2:11.012","2:11.012","Green","Track","0.000","11.169","15.928","4.376","0.576","17.272","25.205","34.426","6.165","3.552","142.637"
"63","GTD","Christina Nielsen","1","2:13.357","2:13.357","Green","Track","0.000","11.728","15.845","4.709","0.611","18.080","24.528","34.737","6.645","3.590","134.467"
"22","GTD","Cooper MacNeil","1","2:15.421","2:15.421","Green","Track","0.000","11.580","16.085","4.383","0.593","18.266","25.487","35.281","6.551","3.598","138.548"
"44","GTD","John Potter","1","2:22.893","2:22.893","Green","Track","0.000","12.100","16.873","5.240","0.748","18.872","26.150","36.103","6.354","3.549","109.838"
"33","GTD","Ben Keating","1","2:25.065","2:25.065","Green","Track","0.000","11.883","17.390","5.312","0.689","18.714","26.849","35.936","6.294","3.476","119.244"
"97","GTD","Michael Marsal","1","2:33.493","2:33.493","Green","Track","14.825","12.659","16.675","4.496","0.639","17.306","25.933","41.177","6.541","3.497","128.574"
"96","GTD","Bret Curtis","1","2:42.160","2:42.160","Green","Track","15.631","13.165","16.725","5.523","0.753","18.618","26.198","45.041","6.555","3.500","109.109"
"6","GTD","Robin Liddell","1","2:48.406","2:48.406","Green","Track","14.619","13.012","17.066","7.732","1.380","23.645","25.842","46.116","6.255","3.514","59.536"
"73","GTD","Matthew McMurry","1","2:55.323","2:55.323","Green","Track","14.742","12.506","17.806","6.452","0.833","21.417","29.868","42.536","6.404","3.614","98.630"
"540","GTD","Tim Pappas","1","2:56.893","2:56.893","Green","Track","14.677","11.607","19.199","4.951","0.672","19.415","28.271","42.614","6.552","3.601","122.261"
"48","GTD","Madison Snow","1","3:12.589","3:12.589","Green","Track","19.267","12.692","16.390","6.244","0.976","20.421","33.222","48.711","6.338","3.497","84.179"
"9","GTD","Lawson Aschenbach","1","3:32.353","3:32.353","Green","Track","14.584","10.796","16.219","4.964","0.697","17.765","24.079","34.818","5.998","3.469","117.875"
"16","GTD","Corey Lewis","1","3:40.537","3:40.537","Green","Track","16.332","12.592","16.362","4.952","0.634","16.836","27.308","34.762","6.060","3.489","129.588"
"23","GTD","Mario Farnbacher","2","1:54.597","4:05.609","Green","Track","3.503","9.267","12.528","3.947","0.511","14.931","22.817","37.746","5.907","3.440","160.781"
"63","GTD","Christina Nielsen","2","1:55.694","4:09.051","Green","Track","3.545","9.542","13.529","4.046","0.537","16.272","23.702","34.934","6.107","3.480","152.996"
"22","GTD","Cooper MacNeil","2","1:55.207","4:10.628","Green","Track","3.538","9.739","13.532","4.018","0.520","16.199","23.440","34.574","6.166","3.481","157.998"
"33","GTD","Ben Keating","2","1:49.907","4:14.972","Green","Track","3.315","9.149","12.418","3.824","0.491","15.026","23.130","32.892","6.202","3.460","167.330"
"44","GTD","John Potter","2","1:55.246","4:18.139","Green","Track","3.424","9.378","12.866","3.968","0.512","15.605","25.291","34.632","6.084","3.486","160.467"
"97","GTD","Michael Marsal","2","1:50.926","4:24.419","Green","Track","3.383","9.231","12.906","3.957","0.508","15.257","22.981","33.189","6.095","3.419","161.730"
"96","GTD","Bret Curtis","2","1:49.388","4:31.548","Green","Track","3.348","9.428","12.495","3.893","0.502","15.080","22.385","32.697","6.121","3.439","163.664"
"6","GTD","Robin Liddell","2","1:47.849","4:36.255","Green","Track","3.337","9.086","12.582","3.895","0.501","14.681","22.078","32.381","5.867","3.441","163.990"
"73","GTD","Matthew McMurry","2","1:50.260","4:45.583","Green","Track","3.467","9.373","12.638","3.920","0.504","15.136","22.548","33.074","6.085","3.515","163.014"
"540","GTD","Tim Pappas","2","1:52.724","4:49.617","Green","Track","3.494","9.528","12.995","3.991","0.513","15.562","23.012","33.932","6.188","3.509","160.154"
"48","GTD","Madison Snow","2","1:49.918","5:02.507","Green","Track","3.415","9.334","12.641","3.856","0.495","15.437","22.514","32.783","6.001","3.442","165.978"
"9","GTD","Lawson Aschenbach","2","1:48.209","5:20.562","Green","Track","3.331","8.868","12.464","3.877","0.500","14.478","21.928","33.396","5.926","3.441","164.318"
"16","GTD","Corey Lewis","2","1:48.064","5:28.601","Green","Track","3.334","9.096","12.580","3.888","0.499","14.346","22.295","32.687","5.887","3.452","164.647"
"23","GTD","Mario Farnbacher","3","1:46.791","5:52.400","Green","Track","3.331","8.901","12.487","3.913","0.503","13.890","22.031","32.496","5.809","3.430","163.338"
"63","GTD","Christina Nielsen","3","1:47.857","5:56.908","Green","Track","3.344","9.012","12.671","3.978","0.512","14.264","22.158","32.557","5.927","3.434","160.467"
"22","GTD","Cooper MacNeil","3","1:49.986","6:00.614","Green","Track","3.365","9.155","12.635","3.931","0.506","15.035","22.691","33.001","6.178","3.489","162.370"
"33","GTD","Ben Keating","3","1:48.012","6:02.984","Green","Track","3.277","8.945","12.450","3.851","0.494","14.422","22.126","32.824","6.170","3.453","166.314"
"44","GTD","John Potter","3","1:48.839","6:06.978","Green","Track","3.345","9.080","12.541","3.919","0.504","14.495","22.623","32.867","5.990","3.475","163.014"
"97","GTD","Michael Marsal","3","1:48.766","6:13.185","Green","Track","3.305","8.947","12.557","3.914","0.503","14.925","22.472","32.749","5.995","3.399","163.338"
"96","GTD","Bret Curtis","3","1:48.494","6:20.042","Green","Track","3.302","9.167","12.390","3.870","0.499","14.983","22.268","32.594","6.027","3.394","164.647"
"6","GTD","Robin Liddell","3","1:46.551","6:22.806","Green","Track","3.279","8.770","12.400","3.866","0.497","14.487","21.762","32.208","5.849","3.433","165.310"
"73","GTD","Matthew McMurry","3","1:47.913","6:33.496","Green","Track","3.350","8.947","12.438","3.888","0.501","14.575","22.179","32.668","5.931","3.436","163.990"
"540","GTD","Tim Pappas","3","1:50.072","6:39.689","Green","Track","3.352","9.097","12.576","3.929","0.508","15.128","22.532","33.282","6.174","3.494","161.730"
"48","GTD","Madison Snow","3","1:47.288","6:49.795","Green","Track","3.345","8.960","12.332","3.818","0.491","14.326","22.107","32.558","5.934","3.417","167.330"
"9","GTD","Lawson Aschenbach","3","1:46.365","7:06.927","Green","Track","3.283","8.765","12.493","3.865","0.499","14.149","21.759","32.316","5.822","3.414","164.647"
"16","GTD","Corey Lewis","3","1:47.319","7:15.920","Green","Track","3.287","8.908","12.493","3.871","0.498","14.169","22.146","32.606","5.900","3.441","164.978"
"23","GTD","Mario Farnbacher","4","1:46.533","7:38.933","Green","Track","3.308","8.885","12.450","3.890","0.502","13.828","22.031","32.456","5.777","3.406","163.664"
"63","GTD","Christina Nielsen","4","1:46.936","7:43.844","Green","Track","3.304","8.918","12.475","3.913","0.505","14.102","22.030","32.428","5.845","3.416","162.691"
"22","GTD","Cooper MacNeil","4","1:49.472","7:50.086","Green","Track","3.367","9.140","12.524","3.898","0.503","14.744","22.573","33.106","6.144","3.473","163.338"
"33","GTD","Ben Keating","4","1:48.105","7:51.089","Green","Track","3.261","8.932","12.445","3.830","0.491","14.342","22.240","32.705","6.385","3.474","167.330"
"44","GTD","John Potter","4","1:47.645","7:54.623","Green","Track","3.325","8.962","12.542","3.911","0.503","14.159","22.168","32.619","5.988","3.468","163.338"
"97","GTD","Michael Marsal","4","1:47.696","8:00.881","Green","Track","3.272","8.939","12.357","3.866","0.499","14.592","22.321","32.498","5.961","3.391","164.647"
"96","GTD","Bret Curtis","4","1:47.072","8:07.114","Green","Track","3.261","9.004","12.323","3.849","0.497","14.556","22.012","32.262","5.934","3.374","165.310"
"6","GTD","Robin Liddell","4","1:46.434","8:09.240","Green","Track","3.269","8.771","12.395","3.853","0.495","14.357","21.904","32.125","5.835","3.430","165.978"
"73","GTD","Matthew McMurry","4","1:47.312","8:20.808","Green","Track","3.300","8.909","12.435","3.877","0.500","14.299","22.276","32.342","5.933","3.441","164.318"
"540","GTD","Tim Pappas","4","1:49.517","8:29.206","Green","Track","3.338","9.035","12.586","3.930","0.507","14.962","22.494","33.051","6.131","3.483","162.049"
"48","GTD","Madison Snow","4","1:46.723","8:36.518","Green","Track","3.283","8.853","12.379","3.824","0.491","14.126","22.010","32.434","5.923","3.400","167.330"
"9","GTD","Lawson Aschenbach","4","1:45.949","8:52.876","Green","Track","3.265","8.722","12.437","3.850","0.496","14.056","21.663","32.138","5.892","3.430","165.643"
"16","GTD","Corey Lewis","4","1:47.161","9:03.081","Green","Track","3.265","9.049","12.585","3.885","0.498","13.982","22.107","32.495","5.851","3.444","164.978"
"23","GTD","Mario Farnbacher","5","1:46.057","9:24.990","Green","Track","3.293","8.890","12.434","3.875","0.500","13.648","21.892","32.361","5.760","3.404","164.318"
"63","GTD","Christina Nielsen","5","1:46.553","9:30.397","Green","Track","3.297","8.906","12.414","3.882","0.502","14.010","22.003","32.316","5.808","3.415","163.664"
"22","GTD","Cooper MacNeil","5","1:48.731","9:38.817","Green","Track","3.340","9.038","12.484","3.884","0.500","14.602","22.523","32.816","6.075","3.469","164.318"
"44","GTD","John Potter","5","1:47.310","9:41.933","Green","Track","3.318","9.023","12.514","3.894","0.501","14.136","22.045","32.485","5.938","3.456","163.990"
"97","GTD","Michael Marsal","5","1:47.264","9:48.145","Green","Track","3.250","8.896","12.291","3.835","0.495","14.501","22.293","32.259","6.028","3.416","165.978"
"96","GTD","Bret Curtis","5","1:46.909","9:54.023","Green","Track","3.256","9.022","12.269","3.821","0.494","14.402","21.909","32.224","6.088","3.424","166.314"
"6","GTD","Robin Liddell","5","1:54.114","10:03.354","Green","Track","3.272","8.716","12.311","3.815","0.492","14.451","21.664","39.998","5.959","3.436","166.990"
"33","GTD","Ben Keating","5","2:16.053","10:07.142","Green","Track","3.605","10.190","14.186","4.668","0.636","18.667","27.151","47.318","6.185","3.447","129.181"
"73","GTD","Matthew McMurry","5","1:46.705","10:07.513","Green","Track","3.307","8.834","12.372","3.851","0.498","14.224","21.908","32.353","5.940","3.418","164.978"
"540","GTD","Tim Pappas","5","1:48.888","10:18.094","Green","Track","3.353","9.002","12.508","3.889","0.503","14.786","22.461","32.818","6.086","3.482","163.338"
"48","GTD","Madison Snow","5","1:46.461","10:22.979","Green","Track","3.260","8.841","12.295","3.790","0.487","14.130","21.932","32.383","5.937","3.406","168.704"
"9","GTD","Lawson Aschenbach","5","1:48.537","10:41.413","Green","Track","3.278","8.669","12.386","3.826","0.493","14.708","22.981","32.911","5.864","3.421","166.651"
"16","GTD","Corey Lewis","5","1:46.807","10:49.888","Green","Track","3.278","8.856","12.461","3.837","0.492","14.062","22.042","32.497","5.846","3.436","166.990"
"23","GTD","Mario Farnbacher","6","1:49.103","11:14.093","Green","Track","3.293","8.871","12.423","3.854","0.496","13.963","23.383","33.597","5.812","3.411","165.643"
"63","GTD","Christina Nielsen","6","1:46.502","11:16.899","Green","Track","3.299","8.792","12.404","3.867","0.500","13.979","22.092","32.216","5.918","3.435","164.318"
"44","GTD","John Potter","6","1:47.325","11:29.258","Green","Track","3.317","9.001","12.488","3.869","0.497","14.071","22.039","32.621","5.954","3.468","165.310"
"97","GTD","Michael Marsal","6","1:47.412","11:35.557","Green","Track","3.274","8.935","12.281","3.814","0.491","14.314","22.393","32.488","5.999","3.423","167.330"
"22","GTD","Cooper MacNeil","6","2:00.645","11:39.462","Green","Track","3.443","9.701","14.489","5.214","0.687","16.468","23.496","37.411","6.249","3.487","119.591"
"96","GTD","Bret Curtis","6","1:46.828","11:40.851","Green","Track","3.283","8.890","12.267","3.812","0.491","14.480","21.793","32.485","5.948","3.379","167.330"
"6","GTD","Robin Liddell","6","1:45.443","11:48.797","Green","Track","3.282","8.702","12.377","3.829","0.492","13.920","21.618","32.062","5.755","3.406","166.990"
"73","GTD","Matthew McMurry","6","1:47.362","11:54.875","Green","Track","3.282","8.832","12.449","3.840","0.494","14.277","21.872","32.968","5.922","3.426","166.314"
"33","GTD","Ben Keating","6","1:48.470","11:55.612","Green","Track","3.273","8.880","12.347","3.793","0.486","14.258","22.126","33.395","6.448","3.464","169.052"
"540","GTD","Tim Pappas","6","1:48.756","12:06.850","Green","Track","3.355","9.139","12.535","3.894","0.501","14.539","22.285","32.944","6.088","3.476","163.990"
"48","GTD","Madison Snow","6","1:46.589","12:09.568","Green","Track","3.278","8.821","12.304","3.790","0.485","14.229","22.098","32.281","5.900","3.403","169.400"
"9","GTD","Lawson Aschenbach","6","1:46.074","12:27.487","Green","Track","3.275","8.702","12.389","3.838","0.494","14.167","21.597","32.388","5.811","3.413","166.314"
"16","GTD","Corey Lewis","6","1:46.507","12:36.395","Green","Track","3.272","8.858","12.454","3.841","0.492","13.985","21.966","32.282","5.901","3.456","166.990"
"23","GTD","Mario Farnbacher","7","1:45.449","12:59.542","Green","Track","3.301","8.816","12.331","3.867","0.498","13.585","21.725","32.097","5.801","3.428","164.978"
"63","GTD","Christina Nielsen","7","1:46.205","13:03.104","Green","Track","3.310","8.818","12.377","3.886","0.501","14.040","21.846","32.071","5.910","3.446","163.990"
"44","GTD","John Potter","7","1:46.768","13:16.026","Green","Track","3.331","8.863","12.484","3.906","0.502","14.017","21.923","32.356","5.922","3.464","163.664"
"97","GTD","Michael Marsal","7","1:47.173","13:22.730","Green","Track","3.289","8.871","12.284","3.849","0.497","14.298","22.286","32.313","6.045","3.441","165.310"
"22","GTD","Cooper MacNeil","7","1:48.408","13:27.870","Green","Track","3.368","9.107","12.451","3.869","0.499","14.480","22.440","32.666","6.055","3.473","164.647"
"96","GTD","Bret Curtis","7","1:49.139","13:29.990","Green","Track","3.256","8.970","12.254","3.828","0.494","14.486","22.040","34.140","6.230","3.441","166.314"
"6","GTD","Robin Liddell","7","1:45.484","13:34.281","Green","Track","3.262","8.717","12.347","3.833","0.494","13.917","21.642","32.096","5.764","3.412","166.314"
"73","GTD","Matthew McMurry","7","1:46.461","13:41.336","Green","Track","3.300","8.866","12.387","3.854","0.496","14.099","21.846","32.317","5.856","3.440","165.643"
"33","GTD","Ben Keating","7","1:49.366","13:44.978","Green","Track","3.270","9.538","12.537","3.812","0.490","14.882","22.514","32.780","6.114","3.429","167.672"
"540","GTD","Tim Pappas","7","1:48.444","13:55.294","Green","Track","3.350","8.969","12.473","3.888","0.502","14.513","22.273","32.857","6.119","3.500","163.664"
"9","GTD","Lawson Aschenbach","7","1:45.594","14:13.081","Green","Track","3.265","8.667","12.372","3.828","0.492","14.047","21.560","32.056","5.879","3.428","166.990"
"48","GTD","Madison Snow","7","2:06.007","14:15.575","Green","Track","3.256","9.751","15.725","5.495","0.715","17.656","26.658","37.456","5.894","3.401","114.908"
"16","GTD","Corey Lewis","7","1:46.513","14:22.908","Green","Track","3.280","8.852","12.459","3.840","0.492","13.895","21.993","32.418","5.844","3.440","166.990"
"23","GTD","Mario Farnbacher","8","1:45.897","14:45.439","Green","Track","3.296","8.947","12.482","3.859","0.497","13.719","21.750","32.171","5.758","3.418","165.310"
"63","GTD","Christina Nielsen","8","2:00.775","15:03.879","Finish","Pit","3.308","8.887","12.425","3.872","0.499","14.031","22.025","32.416","7.572","15.740","164.647"
"44","GTD","John Potter","8","1:49.148","15:05.174","Finish","Track","3.325","9.124","12.542","3.895","0.500","14.290","22.460","33.446","6.077","3.489","164.318"
"97","GTD","Michael Marsal","8","1:46.982","15:09.712","Finish","Track","3.286","8.873","12.316","3.845","0.496","14.287","22.160","32.315","5.981","3.423","165.643"
"22","GTD","Cooper MacNeil","8","1:48.208","15:16.078","Finish","Track","3.334","9.056","12.485","3.873","0.499","14.416","22.306","32.745","6.024","3.470","164.647"
"96","GTD","Bret Curtis","8","1:46.900","15:16.890","Finish","Track","3.285","8.929","12.285","3.837","0.494","14.468","22.002","32.186","6.007","3.407","166.314"
"6","GTD","Robin Liddell","8","1:45.407","15:19.688","Finish","Track","3.262","8.647","12.344","3.834","0.493","14.028","21.571","31.986","5.817","3.425","166.651"
"73","GTD","Matthew McMurry","8","1:46.514","15:27.850","Finish","Track","3.297","8.821","12.406","3.867","0.498","14.144","21.750","32.427","5.872","3.432","164.978"
"33","GTD","Ben Keating","8","1:47.192","15:32.170","Finish","Track","3.255","8.951","12.388","3.801","0.488","14.276","22.092","32.479","6.035","3.427","168.359"
"540","GTD","Tim Pappas","8","1:48.106","15:43.400","Finish","Track","3.364","8.987","12.515","3.913","0.504","14.484","22.096","32.607","6.132","3.504","163.014"
"9","GTD","Lawson Aschenbach","8","1:45.597","15:58.678","Finish","Track","3.270","8.670","12.398","3.843","0.495","14.082","21.565","32.000","5.845","3.429","165.978"
"48","GTD","Madison Snow","8","1:46.175","16:01.750","Finish","Track","3.281","8.800","12.320","3.807","0.488","14.040","21.886","32.308","5.852","3.393","168.359"
"23","GTD","Mario Farnbacher","9","2:02.227","16:47.666","Finish","Pit","3.292","8.763","12.360","3.874","0.499","13.721","21.770","32.988","9.016","15.944","164.647"
"4","GTLM","Tommy Milner","1","27:00.354","27:00.354","Green","Track","0.000","11.047","14.505","4.172","0.565","16.553","23.803","33.543","6.060","3.476","145.414"
"3","GTLM","Jan Magnussen","1","27:02.678","27:02.678","Green","Track","1726.879","10.705","15.322","4.219","0.576","16.649","23.431","34.296","6.231","3.462","142.637"
"912","GTLM","Frederic Makowiecki","1","27:13.381","27:13.381","Green","Track","0.000","11.374","15.771","4.720","0.668","17.901","25.057","35.008","6.172","3.465","122.993"
"62","GTLM","Toni Vilander","1","27:20.973","27:20.973","Green","Track","0.000","11.696","16.571","5.370","0.677","17.754","24.587","33.813","6.116","3.468","121.358"
"911","GTLM","Nick Tandy","1","27:37.573","27:37.573","Green","Track","0.000","11.098","14.363","4.093","0.561","16.404","23.401","34.240","6.272","3.473","146.451"
"4","GTLM","Tommy Milner","2","1:46.542","28:46.896","Green","Track","3.365","8.880","12.438","3.902","0.506","14.279","21.986","31.976","5.814","3.396","162.370"
"3","GTLM","Jan Magnussen","2","1:46.204","28:48.882","Green","Track","3.351","8.938","12.454","3.875","0.502","14.083","21.808","31.997","5.808","3.388","163.664"
"912","GTLM","Frederic Makowiecki","2","1:48.973","29:02.354","Green","Track","3.415","9.310","13.060","3.916","0.504","14.825","22.704","32.016","5.847","3.376","163.014"
"62","GTLM","Toni Vilander","2","1:47.616","29:08.589","Green","Track","3.355","8.961","12.380","3.919","0.551","14.709","22.170","32.594","5.639","3.338","149.109"
"911","GTLM","Nick Tandy","2","1:47.685","29:25.258","Green","Track","3.381","9.157","12.396","3.854","0.501","15.159","22.016","32.166","5.691","3.364","163.990"
"68","GTLM","Alessandro Pier Guidi","1","29:34.661","29:34.661","Green","Track","0.000","11.065","14.316","4.045","0.521","15.444","21.942","35.113","5.672","3.374","157.695"
"66","GTLM","Joey Hand","1","29:41.467","29:41.467","Green","Track","1070.138","10.557","14.442","4.060","0.549","15.738","22.637","34.015","5.910","3.374","149.652"
"67","GTLM","Richard Westbrook","1","30:08.158","30:08.158","Green","Track","1015.979","10.207","14.657","4.110","0.544","15.961","22.724","32.518","5.710","3.347","151.028"
"4","GTLM","Tommy Milner","3","1:44.008","30:30.904","Green","Track","3.280","8.645","12.314","3.885","0.503","13.466","21.346","31.544","5.658","3.367","163.338"
"3","GTLM","Jan Magnussen","3","1:44.123","30:33.005","Green","Track","3.254","8.679","12.236","3.849","0.498","13.678","21.276","31.493","5.777","3.383","164.978"
"912","GTLM","Frederic Makowiecki","3","1:44.529","30:46.883","Green","Track","3.249","8.654","12.174","3.838","0.499","13.702","21.230","31.992","5.791","3.400","164.647"
"62","GTLM","Toni Vilander","3","1:43.339","30:51.928","Green","Track","3.231","8.531","12.259","3.868","0.502","13.502","21.049","31.327","5.702","3.368","163.664"
"911","GTLM","Nick Tandy","3","1:44.088","31:09.346","Green","Track","3.235","8.691","12.222","3.844","0.497","13.692","21.281","31.468","5.762","3.396","165.310"
"68","GTLM","Alessandro Pier Guidi","2","1:42.946","31:17.607","Green","Track","3.266","8.384","12.367","3.909","0.507","13.223","21.004","31.216","5.682","3.388","162.049"
"66","GTLM","Joey Hand","2","1:42.980","31:24.447","Green","Track","3.261","8.610","12.189","3.833","0.496","13.570","20.968","31.013","5.696","3.344","165.643"
"25","GTLM","Dirk Werner","1","31:42.354","31:42.354","Green","Track","14.829","9.956","13.897","4.043","0.519","15.443","22.860","32.580","5.845","3.362","158.303"
"67","GTLM","Richard Westbrook","2","1:43.110","31:51.268","Green","Track","3.254","8.664","12.115","3.805","0.493","14.003","20.960","30.974","5.533","3.309","166.651"
"100","GTLM","John Edwards","1","32:02.089","32:02.089","Green","Track","14.713","17.348","15.830","4.048","0.559","15.640","22.713","32.600","6.050","3.398","146.975"
"4","GTLM","Tommy Milner","4","1:43.161","32:14.065","Green","Track","3.258","8.521","12.258","3.858","0.500","13.257","21.179","31.278","5.674","3.378","164.318"
"3","GTLM","Jan Magnussen","4","1:43.281","32:16.286","Green","Track","3.253","8.467","12.182","3.838","0.497","13.420","21.116","31.452","5.687","3.369","165.310"
"912","GTLM","Frederic Makowiecki","4","1:44.520","32:31.403","Green","Track","3.273","8.638","12.177","3.832","0.495","13.913","21.287","31.814","5.729","3.362","165.978"
"62","GTLM","Toni Vilander","4","1:43.088","32:35.016","Green","Track","3.251","8.507","12.227","3.854","0.500","13.442","21.104","31.207","5.638","3.358","164.318"
"911","GTLM","Nick Tandy","4","1:44.150","32:53.496","Green","Track","3.272","8.623","12.242","3.829","0.497","13.782","21.176","31.565","5.771","3.393","165.310"
"68","GTLM","Alessandro Pier Guidi","3","1:42.706","33:00.313","Green","Track","3.279","8.430","12.319","3.881","0.503","13.284","20.961","31.072","5.615","3.362","163.338"
"66","GTLM","Joey Hand","3","1:42.337","33:06.784","Green","Track","3.222","8.438","12.103","3.802","0.491","13.474","20.952","30.921","5.618","3.316","167.330"
"25","GTLM","Dirk Werner","2","1:43.560","33:25.914","Green","Track","3.239","8.594","12.043","3.808","0.495","13.909","21.360","31.258","5.566","3.288","165.978"
"67","GTLM","Richard Westbrook","3","1:41.301","33:32.569","Green","Track","3.201","8.449","12.042","3.770","0.487","13.235","20.651","30.678","5.494","3.294","168.704"
"100","GTLM","John Edwards","2","1:44.028","33:46.117","Green","Track","3.285","8.905","12.129","3.812","0.496","14.091","21.252","31.105","5.622","3.331","165.643"
"4","GTLM","Tommy Milner","5","1:43.093","33:57.158","Green","Track","3.258","8.511","12.273","3.850","0.498","13.329","21.046","31.284","5.668","3.376","164.978"
"3","GTLM","Jan Magnussen","5","1:43.623","33:59.909","Green","Track","3.231","8.693","12.255","3.834","0.495","13.544","21.167","31.350","5.689","3.365","165.978"
"912","GTLM","Frederic Makowiecki","5","1:43.355","34:14.758","Green","Track","3.242","8.558","12.164","3.822","0.495","13.569","21.190","31.169","5.761","3.385","165.978"
"62","GTLM","Toni Vilander","5","1:43.202","34:18.218","Green","Track","3.238","8.526","12.236","3.851","0.499","13.364","21.319","31.156","5.653","3.360","164.647"
"911","GTLM","Nick Tandy","5","1:43.576","34:37.072","Green","Track","3.253","8.539","12.114","3.816","0.494","13.754","21.177","31.319","5.723","3.387","166.314"
"68","GTLM","Alessandro Pier Guidi","4","1:42.899","34:43.212","Green","Track","3.249","8.491","12.262","3.863","0.501","13.215","20.902","31.329","5.709","3.378","163.990"
"66","GTLM","Joey Hand","4","1:41.969","34:48.753","Green","Track","3.189","8.390","12.071","3.796","0.490","13.440","20.829","30.856","5.589","3.319","167.672"
"25","GTLM","Dirk Werner","3","1:41.650","35:07.564","Green","Track","3.201","8.468","11.981","3.804","0.496","13.188","20.702","30.956","5.546","3.308","165.643"
"67","GTLM","Richard Westbrook","4","1:44.947","35:17.516","Green","Track","3.183","8.368","12.065","3.782","0.489","13.337","20.577","34.192","5.643","3.311","168.015"
"100","GTLM","John Edwards","3","1:42.109","35:28.226","Green","Track","3.214","8.471","12.089","3.819","0.496","13.332","20.870","30.846","5.636","3.336","165.643"
"4","GTLM","Tommy Milner","6","1:42.866","35:40.024","Green","Track","3.263","8.536","12.263","3.856","0.500","13.168","21.119","31.150","5.642","3.369","164.318"
"3","GTLM","Jan Magnussen","6","1:43.352","35:43.261","Green","Track","3.233","8.506","12.191","3.830","0.495","13.432","21.184","31.430","5.687","3.364","165.978"
"912","GTLM","Frederic Makowiecki","6","1:43.903","35:58.661","Green","Track","3.256","8.544","12.148","3.822","0.494","13.603","21.243","31.542","5.850","3.401","166.314"
"62","GTLM","Toni Vilander","6","1:43.757","36:01.975","Green","Track","3.246","8.532","12.209","3.847","0.499","13.422","21.275","31.529","5.834","3.364","164.647"
"911","GTLM","Nick Tandy","6","1:43.531","36:20.603","Green","Track","3.247","8.579","12.138","3.813","0.493","13.709","21.070","31.322","5.772","3.388","166.651"
"66","GTLM","Joey Hand","5","1:44.004","36:32.757","Green","Track","3.198","8.413","12.072","3.786","0.490","13.412","21.994","31.613","5.692","3.334","167.672"
"68","GTLM","Alessandro Pier Guidi","5","1:55.074","36:38.286","Green","Track","3.306","9.333","15.084","5.516","0.785","15.856","22.944","33.118","5.743","3.389","104.661"
"25","GTLM","Dirk Werner","4","1:41.816","36:49.380","Green","Track","3.200","8.483","11.991","3.796","0.493","13.378","20.857","30.787","5.529","3.302","166.651"
"67","GTLM","Richard Westbrook","5","1:41.255","36:58.771","Green","Track","3.187","8.389","12.044","3.771","0.488","13.274","20.636","30.731","5.452","3.283","168.359"
"100","GTLM","John Edwards","4","1:41.905","37:10.131","Green","Track","3.217","8.449","12.040","3.812","0.495","13.273","20.746","30.871","5.656","3.346","165.978"
"4","GTLM","Tommy Milner","7","1:42.794","37:22.818","Green","Track","3.256","8.490","12.300","3.858","0.499","13.156","21.045","31.204","5.621","3.365","164.647"
"3","GTLM","Jan Magnussen","7","1:43.135","37:26.396","Green","Track","3.233","8.559","12.199","3.822","0.493","13.414","21.118","31.252","5.680","3.365","166.651"
"912","GTLM","Frederic Makowiecki","7","1:44.059","37:42.720","Green","Track","3.270","8.558","12.151","3.813","0.493","13.457","21.243","31.878","5.800","3.396","166.651"
"62","GTLM","Toni Vilander","7","1:46.333","37:48.308","Green","Track","3.243","9.317","12.619","3.914","0.517","14.367","21.731","31.525","5.740","3.360","158.915"
"911","GTLM","Nick Tandy","7","1:43.675","38:04.278","Green","Track","3.251","8.564","12.147","3.814","0.493","13.620","21.016","31.479","5.867","3.424","166.651"
"66","GTLM","Joey Hand","6","1:43.495","38:16.252","Green","Track","3.214","8.591","12.245","3.814","0.496","13.651","21.260","31.286","5.620","3.318","165.643"
"68","GTLM","Alessandro Pier Guidi","6","1:42.856","38:21.142","Green","Track","3.274","8.413","12.258","3.873","0.502","13.190","20.911","31.348","5.676","3.411","163.664"
"25","GTLM","Dirk Werner","5","1:42.033","38:31.413","Green","Track","3.200","8.508","11.980","3.809","0.495","13.269","20.914","30.776","5.677","3.405","165.978"
"100","GTLM","John Edwards","5","1:42.136","38:52.267","Green","Track","3.229","8.423","12.018","3.824","0.496","13.381","20.805","30.883","5.708","3.369","165.643"
"67","GTLM","Richard Westbrook","6","1:59.757","38:58.528","Green","Pit","3.178","8.376","12.036","3.781","0.487","13.319","20.733","34.026","8.234","15.587","168.704"
"3","GTLM","Jan Magnussen","8","1:51.831","39:18.227","Green","Track","3.234","8.537","12.220","4.145","0.618","16.309","24.805","32.837","5.748","3.378","132.944"
"4","GTLM","Tommy Milner","8","2:01.864","39:24.682","Green","Pit","3.254","8.552","12.319","3.872","0.500","13.262","21.075","34.865","8.506","15.659","164.318"
"912","GTLM","Frederic Makowiecki","8","1:44.037","39:26.757","Green","Track","3.260","8.695","12.239","3.830","0.494","13.711","21.222","31.357","5.828","3.401","166.314"
"62","GTLM","Toni Vilander","8","1:43.239","39:31.547","Green","Track","3.253","8.504","12.252","3.853","0.499","13.524","21.131","31.182","5.674","3.367","164.647"
"911","GTLM","Nick Tandy","8","1:43.553","39:47.831","Green","Track","3.269","8.535","12.145","3.807","0.492","13.667","21.036","31.464","5.745","3.393","166.990"
"66","GTLM","Joey Hand","7","1:59.020","40:15.272","Finish","Pit","3.206","8.427","12.084","3.787","0.489","13.417","22.021","32.825","7.184","15.580","168.015"
"68","GTLM","Alessandro Pier Guidi","7","2:13.693","40:34.835","Finish","Pit","3.628","10.279","16.273","5.442","0.715","16.527","23.678","33.091","8.412","15.648","114.908"
"62","GTLM","Toni Vilander","9","1:43.182","41:14.729","Finish","Track","3.244","8.518","12.257","3.850","0.498","13.445","21.094","31.217","5.686","3.373","164.978"
"3","GTLM","Jan Magnussen","9","2:01.762","41:19.989","Finish","Pit","3.250","8.565","12.241","3.837","0.495","13.518","21.654","33.563","8.975","15.664","165.978"
"912","GTLM","Frederic Makowiecki","9","1:59.592","41:26.349","Finish","Pit","3.266","8.579","12.164","3.815","0.492","13.771","21.497","32.351","7.868","15.789","166.990"
"911","GTLM","Nick Tandy","9","1:43.435","41:31.266","Finish","Track","3.250","8.478","12.153","3.811","0.492","13.518","21.122","31.505","5.718","3.388","166.990"
"52","PC","Robert Alon","1","52:13.693","52:13.693","Green","Track","0.000","12.063","14.997","4.345","0.598","16.349","24.607","35.185","5.800","3.312","137.390"
"88","PC","Mark Kvamme","1","52:21.935","52:21.935","Green","Track","0.000","12.882","19.105","5.580","0.683","18.851","26.717","36.328","6.855","3.480","120.291"
"85","PC","Misha Goikhberg","1","52:25.259","52:25.259","Green","Track","0.000","11.728","17.323","6.274","0.835","17.888","26.544","37.206","6.200","3.477","98.394"
"20","PC","Johnny Mowlem","1","52:33.784","52:33.784","Green","Track","14.793","10.356","13.923","4.051","0.625","16.281","23.817","32.762","5.887","3.303","131.455"
"54","PC","Jonathan Bennett","1","53:02.731","53:02.731","Green","Track","0.000","10.428","14.249","3.994","0.514","15.933","22.366","32.410","5.781","3.302","159.843"
"38","PC","James French","1","53:29.184","53:29.184","Green","Track","15.640","11.957","15.102","4.197","0.673","16.890","24.765","33.707","5.684","3.289","122.079"
"52","PC","Robert Alon","2","1:44.031","53:57.724","Green","Track","3.363","9.178","12.050","3.774","0.488","13.786","21.423","31.320","5.413","3.236","168.359"
"85","PC","Misha Goikhberg","2","1:50.072","54:15.331","Green","Track","3.573","9.484","12.834","3.895","0.552","15.303","22.011","32.585","6.465","3.370","148.839"
"88","PC","Mark Kvamme","2","1:53.989","54:15.924","Green","Track","3.455","9.526","13.524","3.932","0.519","16.030","23.167","33.289","7.100","3.447","158.303"
"20","PC","Johnny Mowlem","2","1:44.292","54:18.076","Green","Track","3.288","9.030","11.902","3.756","0.485","14.150","21.622","31.098","5.700","3.261","169.400"
"54","PC","Jonathan Bennett","2","1:42.278","54:45.009","Green","Track","3.209","8.596","11.879","3.787","0.490","13.454","21.205","30.888","5.520","3.250","167.672"
"38","PC","James French","2","1:44.308","55:13.492","Green","Track","3.289","8.744","11.892","3.784","0.490","13.679","21.885","31.781","5.517","3.247","167.672"
"52","PC","Robert Alon","3","1:40.396","55:38.120","Green","Track","3.168","8.405","11.841","3.774","0.488","13.012","20.783","30.371","5.351","3.203","168.359"
"8","PC","Renger Van Der Zande","1","55:54.660","55:54.660","Green","Track","2136.373","11.080","13.747","3.981","0.565","15.755","22.800","32.558","5.657","3.265","145.414"
"85","PC","Misha Goikhberg","3","1:43.499","55:58.830","Green","Track","3.285","8.784","12.132","3.868","0.494","13.658","21.239","31.187","5.603","3.249","166.314"
"20","PC","Johnny Mowlem","3","1:43.481","56:01.557","Green","Track","3.153","8.604","11.839","3.745","0.484","14.363","21.566","30.939","5.564","3.224","169.750"
"88","PC","Mark Kvamme","3","1:49.160","56:05.084","Green","Track","3.277","9.047","12.444","3.838","0.492","15.041","23.040","32.529","6.129","3.323","166.990"
"54","PC","Jonathan Bennett","3","1:41.062","56:26.071","Green","Track","3.150","8.346","11.879","3.788","0.490","13.418","20.817","30.512","5.445","3.217","167.672"
"38","PC","James French","3","1:41.563","56:55.055","Green","Track","3.174","8.422","11.873","3.773","0.488","13.314","21.054","30.820","5.433","3.212","168.359"
"52","PC","Robert Alon","4","1:40.536","57:18.656","Green","Track","3.142","8.568","11.969","3.781","0.489","12.947","20.475","30.521","5.413","3.231","168.015"
"8","PC","Renger Van Der Zande","2","1:43.085","57:37.745","Green","Track","3.213","8.775","11.936","3.783","0.489","14.027","21.193","30.933","5.515","3.221","168.015"
"85","PC","Misha Goikhberg","4","1:41.885","57:40.715","Green","Track","3.159","8.448","11.953","3.771","0.487","13.208","20.712","31.306","5.596","3.245","168.704"
"20","PC","Johnny Mowlem","4","1:41.213","57:42.770","Green","Track","3.152","8.669","11.891","3.770","0.487","13.167","20.751","30.563","5.556","3.207","168.704"
"88","PC","Mark Kvamme","4","1:48.135","57:53.219","Green","Track","3.192","8.801","12.542","3.832","0.492","14.857","22.757","32.415","5.965","3.282","166.990"
"54","PC","Jonathan Bennett","4","1:40.708","58:06.779","Green","Track","3.152","8.374","11.900","3.794","0.491","13.416","20.591","30.382","5.388","3.220","167.330"
"38","PC","James French","4","1:41.760","58:36.815","Green","Track","3.132","8.354","11.903","3.783","0.490","13.413","20.866","31.145","5.459","3.215","167.672"
"52","PC","Robert Alon","5","1:40.132","58:58.788","Green","Track","3.137","8.454","11.888","3.785","0.489","12.833","20.561","30.351","5.423","3.211","168.015"
"8","PC","Renger Van Der Zande","3","1:40.251","59:17.996","Green","Track","3.152","8.395","11.904","3.788","0.489","13.188","20.280","30.432","5.408","3.215","168.015"
"85","PC","Misha Goikhberg","5","1:41.576","59:22.291","Green","Track","3.138","8.349","11.865","3.767","0.485","13.799","20.740","30.789","5.436","3.208","169.400"
"20","PC","Johnny Mowlem","5","1:40.454","59:23.224","Green","Track","3.119","8.403","11.895","3.804","0.491","12.988","20.590","30.467","5.476","3.221","167.330"
"88","PC","Mark Kvamme","5","1:49.029","59:42.248","Green","Track","3.185","8.917","12.589","3.844","0.495","15.073","22.798","32.693","6.116","3.319","165.978"
"54","PC","Jonathan Bennett","5","1:40.663","59:47.442","Green","Track","3.133","8.356","11.971","3.823","0.496","13.243","20.624","30.343","5.439","3.235","165.643"
"38","PC","James French","5","1:40.695","1:00:17.510","Green","Track","3.174","8.368","11.875","3.799","0.492","13.270","20.549","30.529","5.414","3.225","166.990"
"52","PC","Robert Alon","6","1:40.133","1:00:38.921","Green","Track","3.144","8.333","11.853","3.808","0.494","12.906","20.557","30.453","5.369","3.216","166.314"
"8","PC","Renger Van Der Zande","4","1:39.805","1:00:57.801","Green","Track","3.136","8.339","11.879","3.818","0.494","13.127","20.266","30.137","5.392","3.217","166.314"
"85","PC","Misha Goikhberg","6","1:41.103","1:01:03.394","Green","Track","3.137","8.396","11.857","3.792","0.491","13.230","20.761","30.760","5.452","3.227","167.330"
"20","PC","Johnny Mowlem","6","1:40.697","1:01:03.921","Green","Track","3.138","8.411","11.875","3.810","0.494","13.082","20.616","30.495","5.545","3.231","166.314"
"54","PC","Jonathan Bennett","6","1:41.214","1:01:28.656","Green","Track","3.146","8.312","11.852","3.792","0.492","13.270","20.882","30.714","5.516","3.238","166.990"
"88","PC","Mark Kvamme","6","1:48.495","1:01:30.743","Green","Track","3.241","8.929","12.709","3.845","0.495","14.844","22.180","32.790","6.123","3.339","165.978"
"38","PC","James French","6","1:40.593","1:01:58.103","Green","Track","3.192","8.389","11.832","3.774","0.490","13.144","20.678","30.454","5.421","3.219","167.672"
"52","PC","Robert Alon","7","1:39.704","1:02:18.625","Green","Track","3.141","8.373","11.805","3.774","0.489","12.881","20.433","30.161","5.428","3.219","168.015"
"8","PC","Renger Van Der Zande","5","1:39.125","1:02:36.926","Green","Track","3.130","8.267","11.823","3.763","0.487","12.913","20.291","29.882","5.354","3.215","168.704"
"85","PC","Misha Goikhberg","7","1:40.746","1:02:44.140","Green","Track","3.149","8.570","11.825","3.750","0.485","13.238","20.582","30.511","5.393","3.243","169.400"
"20","PC","Johnny Mowlem","7","1:45.176","1:02:49.097","Green","Track","3.179","8.449","11.809","3.749","0.485","13.233","21.301","34.124","5.597","3.250","169.400"
"54","PC","Jonathan Bennett","7","1:40.422","1:03:09.078","Green","Track","3.149","8.288","11.854","3.780","0.489","13.287","20.654","30.286","5.392","3.243","168.015"
"88","PC","Mark Kvamme","7","1:47.391","1:03:18.134","Green","Track","3.200","8.719","12.350","3.796","0.491","14.888","22.158","32.376","6.069","3.344","167.330"
"38","PC","James French","7","1:39.987","1:03:38.090","Green","Track","3.154","8.295","11.813","3.748","0.485","13.032","20.416","30.496","5.336","3.212","169.400"
"52","PC","Robert Alon","8","1:39.372","1:03:57.997","Green","Track","3.143","8.332","11.769","3.746","0.484","12.786","20.319","30.268","5.324","3.201","169.750"
"8","PC","Renger Van Der Zande","6","1:39.129","1:04:16.055","Green","Track","3.129","8.285","11.813","3.752","0.485","12.936","20.130","30.124","5.279","3.196","169.400"
"85","PC","Misha Goikhberg","8","1:40.645","1:04:24.785","Green","Track","3.144","8.586","11.842","3.740","0.484","13.130","20.444","30.570","5.450","3.255","169.750"
"20","PC","Johnny Mowlem","8","1:41.401","1:04:30.498","Green","Track","3.165","8.509","11.854","3.759","0.487","13.142","20.639","31.030","5.569","3.247","168.704"
"54","PC","Jonathan Bennett","8","1:40.643","1:04:49.721","Green","Track","3.152","8.318","11.854","3.782","0.489","13.201","20.537","30.626","5.428","3.256","168.015"
"88","PC","Mark Kvamme","8","1:47.597","1:05:05.731","Finish","Track","3.250","8.998","12.483","3.815","0.489","14.728","22.179","32.397","5.947","3.311","168.015"
"38","PC","James French","8","1:39.363","1:05:17.453","Finish","Track","3.141","8.242","11.796","3.757","0.485","12.850","20.343","30.224","5.312","3.213","169.400"
"52","PC","Robert Alon","9","1:39.211","1:05:37.208","Finish","Track","3.131","8.335","11.748","3.739","0.485","12.650","20.378","30.236","5.311","3.198","169.400"
"8","PC","Renger Van Der Zande","7","1:38.407","1:05:54.462","Finish","Track","3.114","8.179","11.765","3.731","0.482","12.796","20.099","29.782","5.257","3.202","170.455"
"85","PC","Misha Goikhberg","9","1:40.059","1:06:04.844","Finish","Track","3.154","8.296","11.774","3.713","0.480","13.019","20.521","30.426","5.424","3.252","171.165"
"20","PC","Johnny Mowlem","9","1:40.028","1:06:10.526","Finish","Track","3.157","8.349","11.810","3.736","0.483","13.165","20.458","30.227","5.422","3.221","170.102"
"54","PC","Jonathan Bennett","9","1:41.437","1:06:31.158","Finish","Track","3.155","8.701","11.984","3.766","0.485","13.312","20.832","30.444","5.504","3.254","169.400"
"10","P","Ricky Taylor","1","1:16:54.026","1:16:54.026","Green","Track","3153.512","11.601","14.128","3.839","0.510","15.092","22.348","31.220","5.656","3.239","161.096"
"5","P","Christian Fittipaldi","1","1:16:56.765","1:16:56.765","Green","Track","1868.449","9.841","13.041","3.790","0.570","15.438","22.190","33.587","5.681","3.210","144.139"
"31","P","Eric Curran","1","1:17:02.151","1:17:02.151","Green","Track","3147.103","10.483","14.322","4.585","0.658","16.448","23.570","32.900","5.685","3.196","124.862"
"60","P","Oswaldo Negri Jr.","1","1:17:10.249","1:17:10.249","Green","Track","0.000","10.744","14.350","4.051","0.608","16.393","23.122","33.127","5.935","3.277","135.130"
"90","P","Ryan Dalziel","1","1:17:13.134","1:17:13.134","Green","Track","1851.194","12.736","16.476","5.023","0.695","17.270","22.938","34.506","5.748","3.215","118.215"
"0","P","Katherine Legge","1","1:17:14.640","1:17:14.640","Green","Track","14.842","10.859","14.130","3.999","0.623","16.141","23.064","33.890","5.887","3.224","131.877"
"55","P","Tristan Nunez","1","1:17:30.758","1:17:30.758","Green","Track","1342.627","11.083","19.647","4.433","0.596","16.365","24.483","35.228","5.643","3.205","137.851"
"70","P","Tom Long","1","1:17:33.949","1:17:33.949","Green","Track","1301.832","10.802","13.840","4.115","0.613","16.610","24.063","35.199","5.700","3.184","134.028"
"50","P","Jim Pace","1","1:17:37.725","1:17:37.725","Green","Track","15.320","12.212","16.723","4.838","0.689","17.750","25.235","35.376","6.103","3.344","119.244"
"2","P","Johannes van Overbeek","1","1:18:28.508","1:18:28.508","Green","Track","14.746","10.183","13.568","3.859","0.572","16.561","22.521","31.898","5.544","3.205","143.635"
"10","P","Ricky Taylor","2","1:39.152","1:18:33.178","Green","Track","3.114","8.327","11.504","3.635","0.470","13.078","20.496","29.911","5.435","3.182","174.807"
"5","P","Christian Fittipaldi","2","1:41.799","1:18:38.564","Green","Track","3.138","8.578","11.528","4.297","0.674","14.722","20.574","29.765","5.368","3.155","121.898"
"31","P","Eric Curran","2","1:41.420","1:18:43.571","Green","Track","3.197","8.618","11.512","3.607","0.486","13.907","21.089","30.384","5.468","3.152","169.052"
"60","P","Oswaldo Negri Jr.","2","1:41.257","1:18:51.506","Green","Track","3.159","8.584","11.538","3.638","0.475","13.845","20.877","30.629","5.352","3.160","172.967"
"90","P","Ryan Dalziel","2","1:41.337","1:18:54.471","Green","Track","3.149","8.488","11.509","3.622","0.470","13.573","20.611","31.147","5.596","3.172","174.807"
"0","P","Katherine Legge","2","1:42.785","1:18:57.425","Green","Track","3.140","8.547","11.510","3.617","0.466","13.567","21.504","31.487","5.747","3.200","176.307"
"55","P","Tristan Nunez","2","1:39.745","1:19:10.503","Green","Track","3.210","8.596","11.487","3.664","0.477","13.502","20.472","29.939","5.273","3.125","172.241"
"70","P","Tom Long","2","1:40.282","1:19:14.231","Green","Track","3.109","8.378","11.518","3.658","0.476","13.612","20.816","30.211","5.364","3.140","172.603"
"50","P","Jim Pace","2","1:46.152","1:19:23.877","Green","Track","3.292","9.010","12.222","3.799","0.497","14.513","21.993","31.858","5.706","3.262","165.310"
"2","P","Johannes van Overbeek","2","1:38.970","1:20:07.478","Green","Track","3.120","8.404","11.519","3.667","0.470","13.374","20.201","29.891","5.203","3.121","174.807"
"10","P","Ricky Taylor","3","1:37.499","1:20:10.677","Green","Track","3.065","8.228","11.484","3.635","0.470","12.654","19.929","29.543","5.330","3.161","174.807"
"5","P","Christian Fittipaldi","3","1:37.442","1:20:16.006","Green","Track","3.046","8.182","11.430","3.594","0.460","12.813","20.125","29.376","5.277","3.139","178.607"
"31","P","Eric Curran","3","1:38.576","1:20:22.147","Green","Track","3.054","8.370","11.460","3.592","0.463","12.888","20.373","29.808","5.410","3.158","177.449"
"60","P","Oswaldo Negri Jr.","3","1:38.032","1:20:29.538","Green","Track","3.058","8.194","11.438","3.629","0.471","13.056","20.031","29.836","5.192","3.127","174.435"
"90","P","Ryan Dalziel","3","1:37.859","1:20:32.330","Green","Track","3.085","8.326","11.459","3.615","0.468","12.873","20.034","29.541","5.320","3.138","175.554"
"0","P","Katherine Legge","3","1:40.072","1:20:37.497","Green","Track","3.065","8.305","11.417","3.602","0.465","13.355","20.824","30.270","5.589","3.180","176.686"
"70","P","Tom Long","3","1:38.226","1:20:52.457","Green","Track","3.047","8.205","11.407","3.647","0.474","13.063","20.278","29.658","5.313","3.134","173.331"
"55","P","Tristan Nunez","3","1:51.637","1:21:02.140","Green","Pit","3.053","8.214","11.479","3.665","0.476","12.664","20.075","29.850","6.375","15.786","172.603"
"50","P","Jim Pace","3","1:44.009","1:21:07.886","Green","Track","3.255","8.847","11.890","3.748","0.488","14.073","21.384","31.420","5.647","3.257","168.359"
"2","P","Johannes van Overbeek","3","1:36.212","1:21:43.690","Green","Track","3.046","8.027","11.469","3.642","0.472","12.547","19.605","29.233","5.064","3.107","174.066"
"10","P","Ricky Taylor","4","1:36.723","1:21:47.400","Green","Track","3.046","8.077","11.451","3.613","0.467","12.566","19.810","29.268","5.278","3.147","175.930"
"5","P","Christian Fittipaldi","4","1:36.693","1:21:52.699","Green","Track","3.043","8.150","11.417","3.573","0.463","12.592","19.867","29.236","5.232","3.120","177.449"
"31","P","Eric Curran","4","1:37.892","1:22:00.039","Green","Track","3.054","8.225","11.384","3.570","0.462","12.761","20.216","29.648","5.424","3.148","177.834"
"60","P","Oswaldo Negri Jr.","4","1:36.589","1:22:06.127","Green","Track","3.036","8.064","11.441","3.615","0.468","12.558","19.706","29.429","5.155","3.117","175.554"
"90","P","Ryan Dalziel","4","1:37.317","1:22:09.647","Green","Track","3.037","8.131","11.437","3.604","0.466","12.664","19.925","29.582","5.333","3.138","176.307"
"0","P","Katherine Legge","4","1:39.303","1:22:16.800","Green","Track","3.052","8.208","11.372","3.584","0.464","13.433","20.656","29.804","5.564","3.166","177.067"
"70","P","Tom Long","4","1:38.167","1:22:30.624","Green","Track","3.042","8.248","11.473","3.642","0.474","13.003","20.221","29.670","5.278","3.116","173.331"
"50","P","Jim Pace","4","1:43.069","1:22:50.955","Green","Track","3.233","8.708","11.846","3.746","0.485","13.909","21.174","31.078","5.644","3.246","169.400"
"2","P","Johannes van Overbeek","4","1:35.722","1:23:19.412","Green","Track","3.030","8.026","11.427","3.636","0.470","12.374","19.576","28.961","5.111","3.111","174.807"
"10","P","Ricky Taylor","5","1:36.464","1:23:23.864","Green","Track","3.038","7.997","11.412","3.613","0.467","12.487","19.737","29.225","5.328","3.160","175.930"
"5","P","Christian Fittipaldi","5","1:36.590","1:23:29.289","Green","Track","3.014","8.075","11.378","3.573","0.460","12.516","19.850","29.335","5.246","3.143","178.607"
"55","P","Tristan Nunez","4","2:29.453","1:23:31.593","Green","Track","51.092","10.893","12.917","3.690","0.476","12.823","19.998","29.246","5.220","3.098","172.603"
"31","P","Eric Curran","5","1:39.131","1:23:39.170","Green","Track","3.042","8.275","11.430","3.577","0.462","12.971","20.101","30.548","5.572","3.153","177.834"
"60","P","Oswaldo Negri Jr.","5","1:36.460","1:23:42.587","Green","Track","3.030","8.006","11.352","3.611","0.468","12.465","19.795","29.455","5.162","3.116","175.554"
"90","P","Ryan Dalziel","5","1:36.710","1:23:46.357","Green","Track","3.035","8.113","11.408","3.603","0.466","12.601","19.866","29.226","5.265","3.127","176.307"
"0","P","Katherine Legge","5","1:39.801","1:23:56.601","Green","Track","3.045","8.343","11.390","3.588","0.462","13.114","20.839","30.294","5.572","3.154","177.834"
"70","P","Tom Long","5","1:37.479","1:24:08.103","Green","Track","3.032","8.059","11.375","3.639","0.473","13.067","20.036","29.450","5.234","3.114","173.698"
"50","P","Jim Pace","5","1:43.013","1:24:33.968","Green","Track","3.199","8.618","11.806","3.722","0.483","13.859","21.189","31.157","5.737","3.243","170.102"
"2","P","Johannes van Overbeek","5","1:35.543","1:24:54.955","Green","Track","3.025","8.022","11.466","3.643","0.471","12.317","19.550","28.861","5.087","3.101","174.435"
"10","P","Ricky Taylor","6","1:38.511","1:25:02.375","Green","Track","3.043","8.446","11.549","3.625","0.468","13.245","20.166","29.486","5.329","3.154","175.554"
"5","P","Christian Fittipaldi","6","1:38.233","1:25:07.522","Green","Track","3.023","8.087","11.412","3.578","0.464","12.577","20.805","29.959","5.214","3.114","177.067"
"55","P","Tristan Nunez","5","1:36.529","1:25:08.122","Green","Track","3.021","8.149","11.394","3.627","0.471","12.529","19.814","29.225","5.208","3.091","174.435"
"31","P","Eric Curran","6","1:37.620","1:25:16.790","Green","Track","3.046","8.207","11.383","3.572","0.461","12.785","20.158","29.550","5.329","3.129","178.219"
"60","P","Oswaldo Negri Jr.","6","1:36.308","1:25:18.895","Green","Track","3.021","7.989","11.365","3.605","0.465","12.390","19.739","29.419","5.187","3.128","176.686"
"90","P","Ryan Dalziel","6","1:39.558","1:25:25.915","Green","Track","3.029","8.027","11.396","3.596","0.466","12.455","19.728","32.344","5.386","3.131","176.307"
"0","P","Katherine Legge","6","1:39.528","1:25:36.129","Green","Track","3.019","8.184","11.317","3.564","0.460","13.083","20.434","30.751","5.569","3.147","178.607"
"70","P","Tom Long","6","1:37.232","1:25:45.335","Green","Track","3.018","8.131","11.403","3.627","0.472","12.907","19.950","29.409","5.207","3.108","174.066"
"50","P","Jim Pace","6","1:42.390","1:26:16.358","Green","Track","3.176","8.539","11.734","3.707","0.480","13.726","21.075","31.253","5.496","3.204","171.165"
"2","P","Johannes van Overbeek","6","1:35.704","1:26:30.659","Green","Track","3.025","7.958","11.377","3.622","0.467","12.329","19.596","29.095","5.134","3.101","175.930"
"10","P","Ricky Taylor","7","1:35.940","1:26:38.315","Green","Track","3.045","7.957","11.380","3.606","0.466","12.287","19.576","29.298","5.205","3.120","176.307"
"5","P","Christian Fittipaldi","7","1:36.451","1:26:43.973","Green","Track","3.015","8.040","11.358","3.560","0.459","12.446","19.792","29.456","5.212","3.113","178.996"
"55","P","Tristan Nunez","6","1:36.159","1:26:44.281","Green","Track","3.015","8.044","11.293","3.595","0.468","12.581","19.700","29.176","5.197","3.090","175.554"
"31","P","Eric Curran","7","1:37.658","1:26:54.448","Green","Track","3.034","8.257","11.346","3.559","0.459","12.738","20.013","29.810","5.319","3.123","178.996"
"60","P","Oswaldo Negri Jr.","7","1:36.271","1:26:55.166","Green","Track","3.030","8.024","11.357","3.600","0.464","12.231","19.745","29.522","5.190","3.108","177.067"
"90","P","Ryan Dalziel","7","1:36.473","1:27:02.388","Green","Track","3.033","8.080","11.401","3.600","0.466","12.551","19.605","29.400","5.227","3.110","176.307"
"0","P","Katherine Legge","7","1:39.506","1:27:15.635","Green","Track","3.041","8.294","11.300","3.573","0.461","13.644","20.390","30.197","5.488","3.118","178.219"
"70","P","Tom Long","7","1:36.699","1:27:22.034","Green","Track","3.026","8.001","11.340","3.636","0.472","12.716","19.862","29.312","5.229","3.105","174.066"
"50","P","Jim Pace","7","1:41.901","1:27:58.259","Green","Track","3.185","8.690","11.703","3.716","0.481","13.574","21.018","30.902","5.440","3.192","170.809"
"2","P","Johannes van Overbeek","7","1:35.365","1:28:06.024","Green","Track","3.034","8.058","11.387","3.628","0.470","12.182","19.419","29.026","5.076","3.085","174.807"
"10","P","Ricky Taylor","8","1:35.749","1:28:14.064","Green","Track","3.025","7.932","11.392","3.622","0.468","12.195","19.502","29.248","5.232","3.133","175.554"
"5","P","Christian Fittipaldi","8","1:36.425","1:28:20.398","Green","Track","3.013","8.023","11.334","3.573","0.462","12.381","19.872","29.461","5.202","3.104","177.834"
"55","P","Tristan Nunez","7","1:39.951","1:28:24.232","Green","Track","3.042","8.252","12.629","4.301","0.528","13.029","19.639","30.325","5.135","3.071","155.604"
"31","P","Eric Curran","8","1:37.511","1:28:31.959","Green","Track","3.037","8.192","11.343","3.570","0.460","12.818","20.139","29.559","5.282","3.111","178.607"
"60","P","Oswaldo Negri Jr.","8","1:42.680","1:28:37.846","Green","Track","3.232","9.466","12.277","3.686","0.497","13.978","21.492","29.797","5.154","3.101","165.310"
"90","P","Ryan Dalziel","8","1:41.244","1:28:43.632","Green","Track","3.016","8.059","11.384","3.602","0.465","12.440","19.733","33.988","5.431","3.126","176.686"
"0","P","Katherine Legge","8","1:38.520","1:28:54.155","Green","Track","3.013","8.239","11.269","3.559","0.459","13.144","20.426","29.788","5.468","3.155","178.996"
"70","P","Tom Long","8","1:36.329","1:28:58.363","Green","Track","3.026","8.035","11.358","3.630","0.472","12.597","19.786","29.095","5.227","3.103","174.066"
"50","P","Jim Pace","8","1:42.315","1:29:40.574","Green","Track","3.185","8.551","11.662","3.698","0.480","13.579","20.961","31.180","5.717","3.302","171.165"
"2","P","Johannes van Overbeek","8","1:35.207","1:29:41.231","Green","Track","3.014","7.929","11.329","3.617","0.466","12.065","19.624","28.952","5.135","3.076","176.307"
"5","P","Christian Fittipaldi","9","1:36.497","1:29:56.895","Green","Track","3.008","8.030","11.330","3.567","0.461","12.502","19.855","29.368","5.254","3.122","178.219"
"55","P","Tristan Nunez","8","1:35.504","1:29:59.736","Green","Track","3.013","8.046","11.322","3.627","0.472","12.372","19.559","28.887","5.138","3.068","174.066"
"31","P","Eric Curran","9","1:37.198","1:30:09.157","Finish","Track","3.020","8.183","11.341","3.565","0.459","12.798","19.972","29.482","5.272","3.106","178.996"
"10","P","Ricky Taylor","9","1:55.387","1:30:09.451","Finish","Pit","3.033","7.990","11.379","3.612","0.467","12.398","21.123","31.748","11.286","12.351","175.930"
"60","P","Oswaldo Negri Jr.","9","1:35.592","1:30:13.438","Finish","Track","3.019","7.977","11.368","3.609","0.468","12.144","19.483","29.393","5.056","3.075","175.554"
"70","P","Tom Long","9","1:36.479","1:30:34.842","Finish","Track","3.015","7.982","11.324","3.615","0.471","12.484","19.770","29.203","5.496","3.119","174.435"
"90","P","Ryan Dalziel","9","1:54.533","1:30:38.165","Finish","Pit","3.029","8.060","11.370","3.595","0.466","12.440","19.684","32.492","7.667","15.730","176.307"
"50","P","Jim Pace","9","1:42.237","1:31:22.811","Finish","Track","3.255","8.587","11.733","3.724","0.516","14.130","21.019","30.614","5.468","3.191","159.223"
"55","P","Tristan Nunez","9","1:35.374","1:31:35.110","Finish","Track","3.001","7.969","11.328","3.629","0.473","12.352","19.469","29.016","5.074","3.063","173.698"
"5","P","Christian Fittipaldi","10","1:54.899","1:31:51.794","Finish","Pit","3.018","8.154","11.397","3.584","0.465","12.389","19.793","32.284","8.074","15.741","176.686"
