"Car","Class","Driver","Lap","Lap Time","Session Time","Flag","Location","S01","S02","S03","S04","S05","S06","S07","S08","SPS"
"23","GTD","Mario Farnbacher","1","1:11.101","1:11.101","Green","Track","0.000","0.000","13.400","12.570","15.953","6.530","10.241","2.924","0.000"
"63","GTD","Christina Nielsen","1","1:11.916","1:11.916","Green","Track","0.000","0.000","14.781","13.317","16.197","6.372","10.478","3.049","0.000"
"44","GTD","John Potter","1","1:14.083","1:14.083","Green","Track","0.000","0.000","14.720","12.894","16.022","6.672","10.753","2.901","0.000"
"33","GTD","Ben Keating","1","1:16.260","1:16.260","Green","Track","0.000","0.000","15.579","13.216","16.144","6.490","11.080","2.887","0.000"
"22","GTD","Cooper MacNeil","1","1:18.152","1:18.152","Green","Track","0.000","0.000","15.705","13.072","17.590","6.218","10.764","3.197","0.000"
"6","GTD","Andrew Davis","1","1:29.662","1:29.662","Green","Track","0.000","0.000","14.086","13.374","21.327","8.692","14.239","3.978","0.000"
"96","GTD","Bret Curtis","1","1:33.926","1:33.926","Green","Track","0.000","0.000","14.145","14.373","21.819","11.024","13.179","4.289","0.000"
"16","GTD","Spencer Pumpelly","1","1:39.232","1:39.232","Green","Track","0.000","0.000","16.914","12.574","14.657","5.770","9.703","3.487","0.000"
"27","GTD","Cedric Sbirrazzuoli","1","1:41.336","1:41.336","Green","Track","0.000","0.000","15.865","12.359","15.666","6.182","10.098","2.862","0.000"
"540","GTD","Timothy Pappas","1","1:43.047","1:43.047","Green","Track","0.000","0.000","16.258","12.924","15.347","6.088","10.371","2.873","0.000"
"97","GTD","Michael Marsal","1","1:44.932","1:44.932","Green","Track","0.000","0.000","14.095","12.279","15.466","5.946","9.898","2.899","0.000"
"48","GTD","Madison Snow","1","1:48.904","1:48.904","Green","Track","0.000","0.000","22.837","17.583","15.973","6.477","10.085","2.863","0.000"
"73","GTD","Patrick Lindsey","1","1:56.254","1:56.254","Green","Track","0.000","0.000","16.268","12.844","16.517","6.086","10.085","2.918","0.000"
"23","GTD","Mario Farnbacher","2","54.890","2:05.991","Green","Track","0.495","0.880","10.288","10.973","14.136","5.815","9.466","2.837","140.152"
"63","GTD","Christina Nielsen","2","56.665","2:08.581","Green","Track","0.535","0.947","10.747","11.407","14.563","5.783","9.831","2.852","129.673"
"44","GTD","John Potter","2","56.595","2:10.678","Green","Track","0.486","0.868","10.716","11.723","14.659","5.707","9.607","2.829","142.747"
"33","GTD","Ben Keating","2","58.148","2:14.408","Green","Track","0.485","0.861","10.569","11.235","14.756","7.471","9.958","2.813","143.041"
"22","GTD","Cooper MacNeil","2","1:00.248","2:18.400","Green","Track","0.629","1.216","12.327","11.316","14.600","7.317","10.005","2.838","110.294"
"6","GTD","Andrew Davis","2","58.203","2:27.865","Green","Track","0.655","1.119","11.318","11.328","15.129","6.159","9.663","2.832","105.916"
"96","GTD","Bret Curtis","2","58.956","2:32.882","Green","Track","0.642","1.091","11.011","11.516","16.306","5.794","9.768","2.828","108.061"
"16","GTD","Spencer Pumpelly","2","57.871","2:37.103","Green","Track","0.609","1.063","11.258","12.115","15.187","5.549","9.320","2.770","113.916"
"27","GTD","Cedric Sbirrazzuoli","2","57.840","2:39.176","Green","Track","0.482","0.922","10.758","11.372","16.075","5.824","9.622","2.785","143.932"
"540","GTD","Timothy Pappas","2","57.113","2:40.160","Green","Track","0.482","0.893","11.234","11.285","14.633","5.832","9.933","2.821","143.932"
"97","GTD","Michael Marsal","2","1:00.022","2:44.954","Green","Track","0.489","0.872","10.677","12.146","17.279","5.858","9.827","2.874","141.871"
"48","GTD","Madison Snow","2","1:00.322","2:49.226","Green","Track","0.481","0.855","10.630","11.642","17.673","6.526","9.714","2.801","144.231"
"73","GTD","Patrick Lindsey","2","57.470","2:53.724","Green","Track","0.491","0.885","10.806","11.413","16.135","5.605","9.356","2.779","141.293"
"23","GTD","Mario Farnbacher","3","54.164","3:00.155","Green","Track","0.479","0.856","10.085","10.799","13.813","5.483","9.658","2.991","144.833"
"63","GTD","Christina Nielsen","3","54.286","3:02.867","Green","Track","0.481","0.857","10.333","10.938","13.780","5.512","9.572","2.813","144.231"
"44","GTD","John Potter","3","55.049","3:05.727","Green","Track","0.477","0.850","10.250","10.941","14.287","5.718","9.682","2.844","145.440"
"33","GTD","Ben Keating","3","54.898","3:09.306","Green","Track","0.474","0.846","10.142","11.038","13.875","5.487","10.105","2.931","146.361"
"22","GTD","Cooper MacNeil","3","54.501","3:12.901","Green","Track","0.477","0.855","10.283","10.791","14.047","5.651","9.578","2.819","145.440"
"6","GTD","Andrew Davis","3","53.655","3:21.520","Green","Track","0.478","0.853","10.041","10.765","13.871","5.486","9.362","2.799","145.136"
"96","GTD","Bret Curtis","3","54.721","3:27.603","Green","Track","0.474","0.846","10.345","11.018","14.105","5.612","9.526","2.795","146.361"
"16","GTD","Spencer Pumpelly","3","53.362","3:30.465","Green","Track","0.469","0.836","10.032","10.685","13.828","5.460","9.288","2.764","147.921"
"27","GTD","Cedric Sbirrazzuoli","3","55.903","3:35.079","Green","Track","0.470","0.837","10.062","10.854","15.471","5.841","9.575","2.793","147.606"
"540","GTD","Timothy Pappas","3","56.362","3:36.522","Green","Track","0.476","0.849","10.926","11.205","14.303","5.824","9.944","2.835","145.746"
"97","GTD","Michael Marsal","3","55.082","3:40.036","Green","Track","0.484","0.865","10.261","10.953","14.518","5.597","9.566","2.838","143.337"
"48","GTD","Madison Snow","3","54.328","3:43.554","Green","Track","0.471","0.840","10.250","10.892","13.964","5.610","9.505","2.796","147.293"
"73","GTD","Patrick Lindsey","3","56.341","3:50.065","Green","Track","0.469","0.838","10.728","11.111","15.145","5.825","9.457","2.768","147.921"
"23","GTD","Mario Farnbacher","4","55.059","3:55.214","Green","Track","0.497","0.883","10.170","10.931","14.571","5.667","9.512","2.828","139.588"
"63","GTD","Christina Nielsen","4","53.734","3:56.601","Green","Track","0.475","0.849","10.212","10.756","13.692","5.505","9.448","2.797","146.053"
"44","GTD","John Potter","4","54.094","3:59.821","Green","Track","0.479","0.854","10.232","10.742","14.024","5.551","9.404","2.808","144.833"
"33","GTD","Ben Keating","4","56.571","4:05.877","Green","Track","0.488","0.869","10.984","11.909","14.442","5.564","9.518","2.797","142.162"
"22","GTD","Cooper MacNeil","4","54.165","4:07.066","Green","Track","0.476","0.849","10.166","10.751","13.933","5.583","9.569","2.838","145.746"
"6","GTD","Andrew Davis","4","54.673","4:16.193","Green","Track","0.474","0.845","9.992","11.398","14.139","5.528","9.469","2.828","146.361"
"96","GTD","Bret Curtis","4","55.089","4:22.692","Green","Track","0.470","0.838","10.478","11.371","14.121","5.585","9.448","2.778","147.606"
"16","GTD","Spencer Pumpelly","4","53.258","4:23.723","Green","Track","0.467","0.834","9.972","10.674","13.850","5.471","9.237","2.753","148.555"
"27","GTD","Cedric Sbirrazzuoli","4","54.051","4:29.130","Green","Track","0.470","0.837","10.082","10.919","13.788","5.545","9.603","2.807","147.606"
"540","GTD","Timothy Pappas","4","56.323","4:32.845","Green","Track","0.478","0.851","10.940","11.206","14.382","5.723","9.917","2.826","145.136"
"97","GTD","Michael Marsal","4","54.760","4:34.796","Green","Track","0.479","0.854","10.017","10.960","14.313","5.699","9.618","2.820","144.833"
"48","GTD","Madison Snow","4","54.131","4:37.685","Green","Track","0.471","0.837","10.171","10.859","13.924","5.552","9.530","2.787","147.293"
"73","GTD","Patrick Lindsey","4","54.193","4:44.258","Green","Track","0.468","0.836","10.199","10.749","14.263","5.520","9.370","2.788","148.237"
"23","GTD","Mario Farnbacher","5","53.820","4:49.034","Green","Track","0.478","0.851","10.068","10.845","13.851","5.516","9.403","2.808","145.136"
"63","GTD","Christina Nielsen","5","53.500","4:50.101","Green","Track","0.473","0.844","10.037","10.746","13.647","5.509","9.449","2.795","146.670"
"44","GTD","John Potter","5","54.149","4:53.970","Green","Track","0.473","0.844","10.147","10.833","14.042","5.583","9.429","2.798","146.670"
"33","GTD","Ben Keating","5","54.432","5:00.309","Green","Track","0.472","0.839","10.196","10.986","13.997","5.504","9.616","2.822","146.981"
"22","GTD","Cooper MacNeil","5","54.220","5:01.286","Green","Track","0.477","0.850","10.109","10.859","13.996","5.565","9.542","2.822","145.440"
"6","GTD","Andrew Davis","5","53.913","5:10.106","Green","Track","0.476","0.850","9.985","10.813","13.828","5.622","9.516","2.823","145.746"
"96","GTD","Bret Curtis","5","55.754","5:18.446","Green","Track","0.468","0.835","10.216","11.038","15.075","5.705","9.629","2.788","148.237"
"16","GTD","Spencer Pumpelly","5","58.012","5:21.735","Green","Track","0.465","0.829","10.326","12.222","15.844","6.056","9.514","2.756","149.194"
"27","GTD","Cedric Sbirrazzuoli","5","53.835","5:22.965","Green","Track","0.471","0.841","9.968","10.817","13.977","5.593","9.405","2.763","147.293"
"540","GTD","Timothy Pappas","5","55.558","5:28.403","Green","Track","0.476","0.848","10.568","11.079","14.275","5.712","9.770","2.830","145.746"
"97","GTD","Michael Marsal","5","54.489","5:29.285","Green","Track","0.475","0.848","10.343","10.820","14.148","5.516","9.511","2.828","146.053"
"48","GTD","Madison Snow","5","53.785","5:31.470","Green","Track","0.468","0.836","10.150","10.765","13.827","5.564","9.402","2.773","148.237"
"73","GTD","Patrick Lindsey","5","53.743","5:38.001","Green","Track","0.471","0.838","10.141","10.796","13.982","5.490","9.246","2.779","147.293"
"23","GTD","Mario Farnbacher","6","53.664","5:42.698","Green","Track","0.474","0.849","10.221","10.741","13.678","5.535","9.362","2.804","146.361"
"63","GTD","Christina Nielsen","6","53.553","5:43.654","Green","Track","0.472","0.843","10.056","10.646","13.745","5.494","9.487","2.810","146.981"
"44","GTD","John Potter","6","54.157","5:48.127","Green","Track","0.473","0.842","10.126","10.942","14.010","5.523","9.438","2.803","146.670"
"22","GTD","Cooper MacNeil","6","55.120","5:56.406","Green","Track","0.475","0.847","10.110","10.808","14.454","0.000","0.000","2.840","146.053"
"33","GTD","Ben Keating","6","57.860","5:58.169","Green","Track","0.475","0.844","10.201","10.875","15.564","0.000","0.000","2.808","146.053"
"9","GTD","Matt Bell","1","6:01.096","6:01.096","Green","Track","0.000","0.000","15.545","11.445","0.000","0.000","0.000","2.828","0.000"
"6","GTD","Andrew Davis","6","53.585","6:03.691","Green","Track","0.475","0.848","9.939","10.678","0.000","0.000","0.000","2.796","146.053"
"96","GTD","Bret Curtis","6","54.009","6:12.455","Green","Track","0.470","0.835","10.146","10.984","0.000","0.000","0.000","2.784","147.606"
"16","GTD","Spencer Pumpelly","6","53.148","6:14.883","Green","Track","0.466","0.829","9.940","10.709","0.000","0.000","0.000","2.746","148.873"
"27","GTD","Cedric Sbirrazzuoli","6","53.896","6:16.861","Green","Track","0.468","0.832","0.000","0.000","0.000","0.000","0.000","0.000","148.237"
"540","GTD","Timothy Pappas","6","55.356","6:23.759","Green","Track","0.476","0.848","10.627","11.032","0.000","0.000","0.000","2.811","145.746"
"97","GTD","Michael Marsal","6","54.915","6:24.200","Green","Track","0.476","0.848","10.135","11.134","0.000","0.000","0.000","2.810","145.746"
"48","GTD","Madison Snow","6","57.415","6:28.885","Green","Track","0.466","0.830","10.026","10.763","0.000","0.000","0.000","2.780","148.873"
"73","GTD","Patrick Lindsey","6","53.609","6:31.610","Green","Track","0.469","0.834","10.064","10.742","0.000","0.000","9.244","2.765","147.921"
"23","GTD","Mario Farnbacher","7","53.549","6:36.247","Green","Track","0.474","0.844","9.983","10.780","13.821","5.490","9.355","2.802","146.361"
"63","GTD","Christina Nielsen","7","55.109","6:38.763","Green","Track","0.474","0.844","10.012","10.714","13.880","5.560","10.806","2.819","146.361"
"44","GTD","John Potter","7","53.698","6:41.825","Green","Track","0.473","0.842","10.067","10.687","13.917","5.503","9.395","2.814","146.670"
"33","GTD","Ben Keating","7","54.356","6:52.525","Green","Track","0.473","0.840","10.096","10.803","13.875","5.891","9.607","2.771","146.670"
"22","GTD","Cooper MacNeil","7","57.671","6:54.077","Green","Track","0.477","0.851","10.098","10.707","15.537","6.763","10.422","2.816","145.440"
"9","GTD","Matt Bell","2","53.749","6:54.845","Green","Track","0.477","0.850","10.166","10.769","13.766","5.503","9.408","2.810","145.440"
"6","GTD","Andrew Davis","7","55.654","6:59.345","Green","Track","0.473","0.840","9.895","10.626","14.840","6.282","9.892","2.806","146.670"
"96","GTD","Bret Curtis","7","54.045","7:06.500","Green","Track","0.468","0.834","10.147","10.932","13.981","5.545","9.370","2.768","148.237"
"16","GTD","Spencer Pumpelly","7","53.701","7:08.584","Green","Track","0.463","0.827","10.005","10.705","14.133","5.584","9.253","2.731","149.838"
"27","GTD","Cedric Sbirrazzuoli","7","53.680","7:10.541","Green","Track","0.468","0.832","9.985","10.781","13.742","5.599","9.501","2.772","148.237"
"540","GTD","Timothy Pappas","7","54.979","7:18.738","Green","Track","0.473","0.844","10.278","11.007","14.117","5.675","9.778","2.807","146.670"
"97","GTD","Michael Marsal","7","54.825","7:19.025","Green","Track","0.472","0.840","10.196","10.987","14.139","5.656","9.720","2.815","146.981"
"48","GTD","Madison Snow","7","53.330","7:22.215","Green","Track","0.467","0.832","9.969","10.650","13.676","5.537","9.436","2.763","148.555"
"73","GTD","Patrick Lindsey","7","56.297","7:27.907","Green","Track","0.467","0.850","10.629","11.249","15.056","5.923","9.370","2.753","148.555"
"23","GTD","Mario Farnbacher","8","54.600","7:30.847","Green","Track","0.474","0.844","9.988","10.671","14.617","5.804","9.417","2.785","146.361"
"63","GTD","Christina Nielsen","8","53.750","7:32.513","Green","Track","0.475","0.846","10.054","10.672","13.767","5.558","9.570","2.808","146.053"
"44","GTD","John Potter","8","53.752","7:35.577","Green","Track","0.473","0.841","10.098","10.709","13.964","5.500","9.384","2.783","146.670"
"33","GTD","Ben Keating","8","53.983","7:46.508","Green","Track","0.467","0.833","10.089","10.895","13.872","5.536","9.518","2.773","148.555"
"22","GTD","Cooper MacNeil","8","54.074","7:48.151","Green","Track","0.474","0.844","10.123","10.723","13.986","5.629","9.500","2.795","146.361"
"9","GTD","Matt Bell","3","53.668","7:48.513","Green","Track","0.474","0.844","10.132","10.821","13.741","5.451","9.407","2.798","146.361"
"6","GTD","Andrew Davis","8","53.639","7:52.984","Green","Track","0.473","0.844","9.977","10.727","13.828","5.511","9.469","2.810","146.670"
"96","GTD","Bret Curtis","8","53.647","8:00.147","Green","Track","0.466","0.831","10.055","10.940","13.863","5.429","9.304","2.759","148.873"
"16","GTD","Spencer Pumpelly","8","53.321","8:01.905","Green","Track","0.463","0.823","9.897","10.655","13.984","5.461","9.265","2.773","149.838"
"97","GTD","Michael Marsal","8","54.506","8:13.531","Green","Track","0.474","0.844","10.328","10.950","14.092","5.590","9.451","2.777","146.361"
"540","GTD","Timothy Pappas","8","56.293","8:15.031","Green","Track","0.473","0.843","10.922","11.184","14.265","5.922","9.863","2.821","146.670"
"48","GTD","Madison Snow","8","53.809","8:16.024","Green","Track","0.465","0.828","9.990","10.705","13.835","5.554","9.635","2.797","149.194"
"23","GTD","Mario Farnbacher","9","53.538","8:24.385","Green","Track","0.471","0.840","10.033","10.779","13.715","5.462","9.415","2.823","147.293"
"63","GTD","Christina Nielsen","9","53.286","8:25.799","Green","Track","0.473","0.844","9.939","10.678","13.671","5.488","9.411","2.782","146.670"
"44","GTD","John Potter","9","53.962","8:29.539","Green","Track","0.470","0.837","10.061","10.740","14.002","5.550","9.491","2.811","147.606"
"22","GTD","Cooper MacNeil","9","54.253","8:42.404","Green","Track","0.470","0.840","10.090","10.898","14.035","5.648","9.468","2.804","147.606"
"9","GTD","Matt Bell","4","54.211","8:42.724","Green","Track","0.472","0.840","10.088","10.917","14.009","5.535","9.529","2.821","146.981"
"6","GTD","Andrew Davis","9","53.500","8:46.484","Green","Track","0.473","0.844","9.985","10.703","14.029","5.451","9.248","2.767","146.670"
"96","GTD","Bret Curtis","9","53.902","8:54.049","Green","Track","0.465","0.829","9.943","10.870","13.918","5.564","9.514","2.799","149.194"
"16","GTD","Spencer Pumpelly","9","53.776","8:55.681","Green","Track","0.466","0.830","9.989","10.609","14.136","5.531","9.419","2.796","148.873"
"33","GTD","Ben Keating","9","1:09.505","8:56.013","Green","Track","0.468","0.832","10.770","14.776","19.167","6.623","12.597","4.272","148.237"
"97","GTD","Michael Marsal","9","54.536","9:08.067","Green","Track","0.468","0.835","10.069","11.130","14.244","5.589","9.406","2.795","148.237"
"48","GTD","Madison Snow","9","56.143","9:12.167","Green","Track","0.469","0.835","10.838","11.330","14.493","5.940","9.462","2.776","147.921"
"540","GTD","Timothy Pappas","9","58.371","9:13.402","Green","Track","0.474","0.845","12.150","11.733","14.639","5.871","9.835","2.824","146.361"
"23","GTD","Mario Farnbacher","10","53.600","9:17.985","Green","Track","0.476","0.849","10.011","10.805","13.802","5.507","9.356","2.794","145.746"
"27","GTD","Cedric Sbirrazzuoli","8","2:10.618","9:21.159","Green","Pit","0.466","0.831","9.989","10.777","14.672","5.982","12.688","75.213","148.873"
"63","GTD","Christina Nielsen","10","55.493","9:21.292","Green","Track","0.470","0.840","10.049","10.620","13.790","6.804","10.116","2.804","147.606"
"44","GTD","John Potter","10","54.100","9:23.639","Green","Track","0.474","0.844","10.128","10.690","14.047","5.540","9.551","2.826","146.361"
"22","GTD","Cooper MacNeil","10","53.784","9:36.188","Green","Track","0.473","0.845","10.138","10.743","13.798","5.598","9.392","2.797","146.670"
"9","GTD","Matt Bell","5","55.744","9:38.468","Green","Track","0.476","0.863","11.299","11.355","13.919","5.565","9.444","2.823","145.746"
"6","GTD","Andrew Davis","10","53.178","9:39.662","Green","Track","0.468","0.836","9.904","10.623","13.826","5.406","9.325","2.790","148.237"
"96","GTD","Bret Curtis","10","53.588","9:47.637","Green","Track","0.470","0.839","10.140","10.812","13.878","5.429","9.254","2.766","147.606"
"33","GTD","Ben Keating","10","1:03.260","9:59.273","Green","Track","0.713","1.282","12.152","13.716","17.222","5.766","9.594","2.815","97.300"
"97","GTD","Michael Marsal","10","54.230","10:02.297","Green","Track","0.471","0.842","9.989","10.839","14.261","5.647","9.410","2.771","147.293"
"48","GTD","Madison Snow","10","53.538","10:05.705","Green","Track","0.468","0.832","10.001","10.652","13.941","5.465","9.401","2.778","148.237"
"540","GTD","Timothy Pappas","10","56.330","10:09.732","Green","Track","0.476","0.851","10.721","11.561","14.305","5.723","9.866","2.827","145.746"
"23","GTD","Mario Farnbacher","11","55.787","10:13.772","Green","Track","0.474","0.842","10.224","11.402","15.045","5.652","9.360","2.788","146.361"
"63","GTD","Christina Nielsen","11","53.250","10:14.542","Green","Track","0.473","0.844","10.025","10.598","13.783","5.408","9.344","2.775","146.670"
"44","GTD","John Potter","11","53.967","10:17.606","Green","Track","0.476","0.846","10.110","10.638","14.042","5.554","9.487","2.814","145.746"
"73","GTD","Patrick Lindsey","8","2:53.604","10:21.511","Green","Pit","0.465","0.830","10.107","10.891","15.028","6.093","12.141","118.049","149.194"
"27","GTD","Cedric Sbirrazzuoli","9","1:02.607","10:23.766","Green","Track","0.000","0.000","12.050","10.904","14.642","5.896","9.700","2.803","0.000"
"22","GTD","Cooper MacNeil","11","53.926","10:30.114","Green","Track","0.473","0.843","10.143","10.718","13.940","5.557","9.448","2.804","146.670"
"9","GTD","Matt Bell","6","53.352","10:31.820","Green","Track","0.477","0.850","10.027","10.682","13.743","5.414","9.357","2.802","145.440"
"6","GTD","Andrew Davis","11","53.194","10:32.856","Green","Track","0.472","0.841","9.948","10.647","13.814","5.418","9.277","2.777","146.981"
"96","GTD","Bret Curtis","11","53.889","10:41.526","Green","Track","0.467","0.834","10.202","10.841","13.997","5.446","9.329","2.773","148.555"
"33","GTD","Ben Keating","11","54.036","10:53.309","Green","Track","0.475","0.847","10.218","10.769","13.860","5.471","9.585","2.811","146.053"
"97","GTD","Michael Marsal","11","53.695","10:55.992","Green","Track","0.468","0.837","10.083","10.691","13.937","5.570","9.340","2.769","148.237"
"48","GTD","Madison Snow","11","53.634","10:59.339","Green","Track","0.468","0.833","10.047","10.646","14.012","5.467","9.401","2.760","148.237"
"540","GTD","Timothy Pappas","11","55.955","11:05.687","Green","Track","0.477","0.850","10.644","11.244","14.366","5.769","9.792","2.813","145.440"
"44","GTD","John Potter","12","55.352","11:12.958","Green","Track","0.475","0.846","10.239","10.735","14.619","5.860","9.747","2.831","146.053"
"27","GTD","Cedric Sbirrazzuoli","10","54.283","11:18.049","Green","Track","0.472","0.840","10.143","10.748","13.974","5.664","9.643","2.799","146.981"
"23","GTD","Mario Farnbacher","12","1:06.405","11:20.177","Green","Pit","0.472","0.844","10.012","10.851","13.847","5.773","12.670","11.936","146.981"
"63","GTD","Christina Nielsen","12","1:06.377","11:20.919","Green","Track","0.470","0.840","10.080","11.586","22.611","7.585","10.366","2.839","147.606"
"9","GTD","Matt Bell","7","53.407","11:25.227","Green","Track","0.474","0.845","10.036","10.642","13.734","5.454","9.404","2.818","146.361"
"6","GTD","Andrew Davis","12","55.035","11:27.891","Green","Track","0.469","0.838","9.969","10.839","15.098","5.617","9.401","2.804","147.921"
"73","GTD","Patrick Lindsey","9","1:07.648","11:29.159","Green","Track","0.000","0.000","13.349","14.078","14.992","6.331","9.542","2.776","0.000"
"22","GTD","Cooper MacNeil","12","1:04.140","11:34.254","Green","Track","0.473","0.847","10.989","13.868","17.696","7.302","10.106","2.859","146.670"
"96","GTD","Bret Curtis","12","54.898","11:36.424","Green","Track","0.468","0.834","10.118","10.901","14.207","5.741","9.794","2.835","148.237"
"33","GTD","Ben Keating","12","55.265","11:48.574","Green","Track","0.474","0.844","10.113","10.783","14.994","5.774","9.497","2.786","146.361"
"97","GTD","Michael Marsal","12","54.156","11:50.148","Green","Track","0.468","0.835","9.945","10.741","14.256","5.555","9.572","2.784","148.237"
"48","GTD","Madison Snow","12","53.476","11:52.815","Green","Track","0.465","0.830","10.016","10.735","13.765","5.466","9.425","2.774","149.194"
"540","GTD","Timothy Pappas","12","55.872","12:01.559","Green","Track","0.474","0.846","10.345","11.061","14.622","5.839","9.864","2.821","146.361"
"27","GTD","Cedric Sbirrazzuoli","11","54.558","12:12.607","Green","Track","0.471","0.838","10.138","10.717","13.905","5.775","9.915","2.799","147.293"
"63","GTD","Christina Nielsen","13","53.824","12:14.743","Green","Track","0.478","0.852","10.198","10.629","13.861","5.413","9.582","2.811","145.136"
"9","GTD","Matt Bell","8","53.222","12:18.449","Green","Track","0.474","0.847","9.948","10.605","13.817","5.401","9.328","2.802","146.361"
"6","GTD","Andrew Davis","13","53.539","12:21.430","Green","Track","0.473","0.843","9.895","10.683","14.003","5.474","9.359","2.809","146.670"
"73","GTD","Patrick Lindsey","10","53.734","12:22.893","Green","Track","0.469","0.836","10.142","10.888","13.914","5.429","9.273","2.783","147.921"
"22","GTD","Cooper MacNeil","13","54.363","12:28.617","Green","Track","0.480","0.858","10.263","10.792","14.020","5.593","9.535","2.822","144.531"
"44","GTD","John Potter","13","1:16.613","12:29.571","Green","Pit","0.477","0.849","10.455","11.956","16.628","6.225","15.912","14.111","145.440"
"96","GTD","Bret Curtis","13","57.562","12:33.986","Green","Track","0.489","0.886","10.761","11.566","15.674","5.781","9.615","2.790","141.871"
"33","GTD","Ben Keating","13","54.271","12:42.845","Green","Track","0.469","0.000","0.000","0.000","0.000","0.000","0.000","0.000","147.921"
"97","GTD","Michael Marsal","13","53.970","12:44.118","Green","Track","0.469","0.837","10.055","10.815","14.090","5.503","9.409","2.792","147.921"
"48","GTD","Madison Snow","13","57.305","12:50.120","Green","Track","0.466","0.832","10.109","10.789","14.088","6.836","11.213","2.972","148.873"
"540","GTD","Timothy Pappas","13","55.595","12:57.154","Green","Track","0.476","0.848","10.592","11.094","14.124","5.828","9.813","2.820","145.746"
"27","GTD","Cedric Sbirrazzuoli","12","54.174","13:06.781","Green","Track","0.471","0.839","10.182","10.736","13.878","5.680","9.593","2.795","147.293"
"9","GTD","Matt Bell","9","53.715","13:12.164","Green","Track","0.473","0.846","10.006","10.716","13.943","5.459","9.455","2.817","146.670"
"6","GTD","Andrew Davis","14","53.501","13:14.931","Green","Track","0.474","0.846","10.028","10.711","13.917","5.440","9.303","2.782","146.361"
"73","GTD","Patrick Lindsey","11","56.671","13:19.564","Green","Track","0.469","0.869","10.609","11.564","15.431","5.703","9.269","2.757","147.921"
"22","GTD","Cooper MacNeil","14","54.059","13:22.676","Green","Track","0.476","0.851","10.277","10.717","13.983","5.584","9.374","2.797","145.746"
"63","GTD","Christina Nielsen","14","1:08.520","13:23.263","Green","Pit","0.475","0.874","10.725","11.398","14.864","5.844","12.596","11.744","146.053"
"96","GTD","Bret Curtis","14","55.538","13:29.524","Green","Track","0.470","0.838","10.269","10.869","14.480","6.033","9.788","2.791","147.606"
"97","GTD","Michael Marsal","14","54.181","13:38.299","Green","Track","0.471","0.839","10.082","10.864","14.016","5.673","9.452","2.784","147.293"
"33","GTD","Ben Keating","14","57.929","13:40.774","Green","Track","0.469","0.838","10.145","11.241","17.114","5.729","9.597","2.796","147.921"
"48","GTD","Madison Snow","14","55.529","13:45.649","Green","Track","0.506","0.926","11.138","10.975","14.150","5.582","9.485","2.767","137.105"
"540","GTD","Timothy Pappas","14","55.624","13:52.778","Green","Track","0.476","0.847","10.482","11.051","14.107","5.842","9.975","2.844","145.746"
"27","GTD","Cedric Sbirrazzuoli","13","54.098","14:00.879","Green","Track","0.471","0.839","10.098","10.746","14.003","5.588","9.553","2.800","147.293"
"9","GTD","Matt Bell","10","54.371","14:06.535","Green","Track","0.476","0.850","9.992","10.653","14.173","5.477","9.820","2.930","145.746"
"6","GTD","Andrew Davis","15","53.720","14:08.651","Green","Track","0.471","0.842","10.030","10.627","14.100","5.491","9.371","2.788","147.293"
"22","GTD","Cooper MacNeil","15","53.855","14:16.531","Green","Track","0.472","0.845","10.097","10.741","13.904","5.566","9.430","2.800","146.981"
"96","GTD","Bret Curtis","15","53.988","14:23.512","Green","Track","0.470","0.839","10.205","10.775","14.176","5.411","9.344","2.768","147.606"
"97","GTD","Michael Marsal","15","54.112","14:32.411","Green","Track","0.470","0.839","10.159","10.767","14.176","5.568","9.346","2.787","147.606"
"33","GTD","Ben Keating","15","54.526","14:35.300","Green","Track","0.472","0.841","10.341","10.987","13.931","5.574","9.569","2.811","146.981"
"27","GTD","Cedric Sbirrazzuoli","14","53.995","14:54.874","Green","Track","0.470","0.837","10.118","10.769","13.781","5.593","9.629","2.798","147.606"
"6","GTD","Andrew Davis","16","53.714","15:02.365","Finish","Track","0.470","0.839","9.964","10.614","14.177","5.488","9.378","2.784","147.606"
"9","GTD","Matt Bell","11","58.109","15:04.644","Finish","Track","0.510","0.955","11.338","12.678","14.902","5.539","9.390","2.797","136.029"
"22","GTD","Cooper MacNeil","16","1:11.058","15:27.589","Finish","Pit","0.473","0.843","10.116","12.095","15.906","6.375","13.284","11.966","146.670"
"33","GTD","Ben Keating","16","1:12.838","15:48.138","Finish","Pit","0.473","0.840","10.257","10.979","14.119","5.725","14.915","15.530","146.670"
"3","GTLM","Jan Magnussen","1","26:06.237","26:06.237","Green","Track","0.000","0.000","13.058","11.502","15.203","5.877","9.937","2.844","0.000"
"66","GTLM","Joey Hand","1","26:08.265","26:08.265","Green","Track","0.000","0.000","12.686","11.161","14.962","5.823","9.721","2.846","0.000"
"67","GTLM","Richard Westbrook","1","26:16.693","26:16.693","Green","Track","0.000","0.000","13.794","11.311","14.769","5.753","9.736","2.805","0.000"
"912","GTLM","Frederic Makowiecki","1","26:45.758","26:45.758","Green","Track","0.000","0.000","13.402","11.317","14.740","5.578","9.511","2.805","0.000"
"3","GTLM","Jan Magnussen","2","53.856","27:00.093","Green","Track","0.479","0.868","10.301","10.654","13.932","5.510","9.344","2.768","144.833"
"66","GTLM","Joey Hand","2","54.920","27:03.185","Green","Track","0.480","0.910","10.498","10.871","14.611","5.594","9.207","2.749","144.531"
"67","GTLM","Richard Westbrook","2","53.325","27:10.018","Green","Track","0.474","0.870","10.311","10.603","13.791","5.406","9.139","2.731","146.361"
"62","GTLM","Toni Vilander","1","27:38.644","27:38.644","Green","Track","0.000","0.000","13.371","11.510","14.258","5.696","10.014","2.871","0.000"
"912","GTLM","Frederic Makowiecki","2","55.552","27:41.310","Green","Track","0.475","0.848","9.733","10.275","16.738","5.525","9.207","2.751","146.053"
"3","GTLM","Jan Magnussen","3","52.434","27:52.527","Green","Track","0.468","0.835","9.878","10.340","13.744","5.339","9.091","2.739","148.237"
"66","GTLM","Joey Hand","3","51.821","27:55.006","Green","Track","0.464","0.829","9.674","10.359","13.526","5.310","8.945","2.714","149.515"
"67","GTLM","Richard Westbrook","3","51.735","28:01.753","Green","Track","0.462","0.824","9.740","10.275","13.533","5.220","8.962","2.719","150.162"
"911","GTLM","Patrick Pilet","1","28:25.581","28:25.581","Green","Track","0.000","0.000","12.695","11.061","14.082","5.800","9.257","2.771","0.000"
"62","GTLM","Toni Vilander","2","53.316","28:31.960","Green","Track","0.486","0.888","10.338","10.747","13.611","5.321","9.169","2.756","142.747"
"912","GTLM","Frederic Makowiecki","3","51.649","28:32.959","Green","Track","0.467","0.832","9.607","10.311","13.424","5.278","9.010","2.720","148.555"
"3","GTLM","Jan Magnussen","4","51.895","28:44.422","Green","Track","0.464","0.831","9.714","10.299","13.608","5.301","8.966","2.712","149.515"
"66","GTLM","Joey Hand","4","51.323","28:46.329","Green","Track","0.462","0.823","9.574","10.206","13.425","5.266","8.867","2.700","150.162"
"67","GTLM","Richard Westbrook","4","51.177","28:52.930","Green","Track","0.461","0.824","9.548","10.209","13.342","5.174","8.911","2.708","150.488"
"911","GTLM","Patrick Pilet","2","52.685","29:18.266","Green","Track","0.471","0.839","9.819","10.431","14.033","5.367","8.990","2.735","147.293"
"62","GTLM","Toni Vilander","3","51.791","29:23.751","Green","Track","0.467","0.835","9.687","10.333","13.421","5.321","9.005","2.722","148.555"
"912","GTLM","Frederic Makowiecki","4","55.505","29:28.464","Green","Track","0.461","0.828","11.170","11.844","14.043","5.356","9.068","2.735","150.488"
"3","GTLM","Jan Magnussen","5","51.571","29:35.993","Green","Track","0.462","0.824","9.658","10.230","13.514","5.227","8.945","2.711","150.162"
"66","GTLM","Joey Hand","5","53.379","29:39.708","Green","Track","0.458","0.820","9.521","10.217","13.608","6.572","9.481","2.702","151.474"
"67","GTLM","Richard Westbrook","5","50.957","29:43.887","Green","Track","0.460","0.820","9.537","10.153","13.283","5.150","8.865","2.689","150.815"
"4","GTLM","Tommy Milner","1","30:00.254","30:00.254","Green","Track","0.000","0.000","12.493","11.221","14.548","5.694","9.582","2.816","0.000"
"911","GTLM","Patrick Pilet","3","51.613","30:09.879","Green","Track","0.465","0.831","9.591","10.319","13.504","5.271","8.907","2.725","149.194"
"62","GTLM","Toni Vilander","4","51.242","30:14.993","Green","Track","0.463","0.829","9.666","10.227","13.278","5.205","8.879","2.695","149.838"
"912","GTLM","Frederic Makowiecki","5","51.467","30:19.931","Green","Track","0.465","0.830","9.475","10.302","13.394","5.241","9.029","2.731","149.194"
"3","GTLM","Jan Magnussen","6","51.430","30:27.423","Green","Track","0.461","0.824","9.596","10.223","13.513","5.236","8.884","2.693","150.488"
"66","GTLM","Joey Hand","6","51.015","30:30.723","Green","Track","0.460","0.821","9.518","10.120","13.424","5.217","8.779","2.676","150.815"
"67","GTLM","Richard Westbrook","6","50.900","30:34.787","Green","Track","0.457","0.815","9.538","10.110","13.244","5.186","8.854","2.696","151.805"
"100","GTLM","John Edwards","1","30:50.269","30:50.269","Green","Track","0.000","0.000","13.983","11.403","14.335","5.567","9.432","2.771","0.000"
"4","GTLM","Tommy Milner","2","54.083","30:54.337","Green","Track","0.477","0.903","10.266","10.637","14.184","5.499","9.348","2.769","145.440"
"911","GTLM","Patrick Pilet","4","51.346","31:01.225","Green","Track","0.462","0.825","9.553","10.212","13.478","5.194","8.892","2.730","150.162"
"62","GTLM","Toni Vilander","5","50.902","31:05.895","Green","Track","0.458","0.819","9.510","10.188","13.219","5.168","8.854","2.686","151.474"
"912","GTLM","Frederic Makowiecki","6","51.445","31:11.376","Green","Track","0.463","0.827","9.565","10.181","13.530","5.195","8.961","2.723","149.838"
"3","GTLM","Jan Magnussen","7","51.264","31:18.687","Green","Track","0.458","0.818","9.544","10.233","13.490","5.182","8.843","2.696","151.474"
"66","GTLM","Joey Hand","7","50.878","31:21.601","Green","Track","0.454","0.812","9.480","10.096","13.348","5.184","8.819","2.685","152.808"
"67","GTLM","Richard Westbrook","7","50.848","31:25.635","Green","Track","0.457","0.815","9.527","10.081","13.333","5.162","8.799","2.674","151.805"
"25","GTLM","Dirk Werner","1","31:33.512","31:33.512","Green","Track","0.000","0.000","12.685","10.874","14.269","5.443","9.161","2.747","0.000"
"100","GTLM","John Edwards","2","53.277","31:43.546","Green","Track","0.467","0.836","10.155","10.762","13.825","5.438","9.083","2.711","148.555"
"4","GTLM","Tommy Milner","3","56.065","31:50.402","Green","Track","0.469","0.837","9.779","10.413","13.724","8.367","9.739","2.737","147.921"
"62","GTLM","Toni Vilander","6","54.945","32:00.840","Green","Track","0.456","0.817","9.517","10.258","15.026","5.958","10.018","2.895","152.138"
"912","GTLM","Frederic Makowiecki","7","51.505","32:02.881","Green","Track","0.461","0.824","9.541","10.148","13.459","5.264","9.060","2.748","150.488"
"3","GTLM","Jan Magnussen","8","51.434","32:10.121","Green","Track","0.457","0.819","9.626","10.153","13.529","5.205","8.936","2.709","151.805"
"66","GTLM","Joey Hand","8","52.745","32:14.346","Green","Track","0.457","0.813","9.531","10.117","13.401","5.587","10.130","2.709","151.805"
"67","GTLM","Richard Westbrook","8","50.923","32:16.558","Green","Track","0.452","0.809","9.534","10.136","13.304","5.175","8.843","2.670","153.485"
"25","GTLM","Dirk Werner","2","51.503","32:25.015","Green","Track","0.464","0.827","9.621","10.238","13.425","5.289","8.948","2.691","149.515"
"100","GTLM","John Edwards","3","52.150","32:35.696","Green","Track","0.457","0.817","9.821","10.437","13.666","5.321","8.947","2.684","151.805"
"4","GTLM","Tommy Milner","4","51.727","32:42.129","Green","Track","0.464","0.827","9.802","10.266","13.462","5.277","8.919","2.710","149.515"
"62","GTLM","Toni Vilander","7","51.940","32:52.780","Green","Track","0.482","0.859","9.872","10.472","13.430","5.216","8.918","2.691","143.932"
"912","GTLM","Frederic Makowiecki","8","55.266","32:58.147","Green","Track","0.464","0.828","9.553","10.195","17.064","5.441","9.012","2.709","149.515"
"3","GTLM","Jan Magnussen","9","51.439","33:01.560","Green","Track","0.460","0.820","9.633","10.200","13.526","5.222","8.884","2.694","150.815"
"66","GTLM","Joey Hand","9","53.711","33:08.057","Green","Track","0.459","0.818","9.512","10.184","13.787","7.015","9.236","2.700","151.144"
"67","GTLM","Richard Westbrook","9","56.627","33:13.185","Green","Track","0.453","0.807","9.448","11.230","16.937","5.937","9.129","2.686","153.146"
"25","GTLM","Dirk Werner","3","51.181","33:16.196","Green","Track","0.455","0.815","9.490","10.067","13.695","5.178","8.818","2.663","152.473"
"4","GTLM","Tommy Milner","5","50.866","33:32.995","Green","Track","0.460","0.823","9.543","10.071","13.330","5.105","8.842","2.692","150.815"
"100","GTLM","John Edwards","4","1:03.179","33:38.875","Green","Pit","0.456","0.813","9.744","10.315","13.548","5.329","11.417","11.557","152.138"
"62","GTLM","Toni Vilander","8","51.236","33:44.016","Green","Track","0.457","0.819","9.467","10.180","13.438","5.234","8.938","2.703","151.805"
"3","GTLM","Jan Magnussen","10","54.504","33:56.064","Green","Track","0.457","0.816","9.638","10.154","13.644","5.802","10.844","3.149","151.805"
"66","GTLM","Joey Hand","10","51.093","33:59.150","Green","Track","0.459","0.816","9.590","10.168","13.345","5.192","8.842","2.681","151.144"
"67","GTLM","Richard Westbrook","10","51.104","34:04.289","Green","Track","0.455","0.813","9.518","10.119","13.364","5.245","8.907","2.683","152.473"
"25","GTLM","Dirk Werner","4","1:03.168","34:19.364","Green","Pit","0.451","0.807","9.515","10.002","13.438","5.215","12.109","11.631","153.825"
"4","GTLM","Tommy Milner","6","50.890","34:23.885","Green","Track","0.457","0.817","9.508","10.064","13.457","5.141","8.770","2.676","151.805"
"62","GTLM","Toni Vilander","9","51.047","34:35.063","Green","Track","0.459","0.820","9.503","10.155","13.310","5.179","8.930","2.691","151.144"
"100","GTLM","John Edwards","5","1:00.974","34:39.849","Green","Track","0.457","0.000","0.000","0.000","0.000","0.000","0.000","0.000","151.805"
"66","GTLM","Joey Hand","11","53.523","34:52.673","Green","Track","0.456","0.812","9.527","10.242","14.512","5.992","9.253","2.729","152.138"
"67","GTLM","Richard Westbrook","11","52.541","34:56.830","Green","Track","0.455","0.813","9.429","10.231","13.495","5.341","10.021","2.756","152.473"
"3","GTLM","Jan Magnussen","11","1:02.699","34:58.763","Green","Track","0.529","0.980","10.806","11.391","17.560","6.422","11.779","3.232","131.144"
"4","GTLM","Tommy Milner","7","50.858","35:14.743","Green","Track","0.455","0.816","9.428","10.129","13.299","5.150","8.899","2.682","152.473"
"25","GTLM","Dirk Werner","5","58.565","35:17.929","Green","Track","0.000","0.000","11.774","10.326","13.403","5.168","8.798","2.674","0.000"
"62","GTLM","Toni Vilander","10","50.927","35:25.990","Green","Track","0.458","0.818","9.438","10.222","13.280","5.144","8.875","2.692","151.474"
"100","GTLM","John Edwards","6","51.431","35:31.280","Green","Track","0.457","0.817","9.656","10.266","13.470","5.204","8.878","2.683","151.805"
"66","GTLM","Joey Hand","12","52.516","35:45.189","Green","Track","0.462","0.825","9.588","10.125","13.394","5.188","9.189","3.745","150.162"
"67","GTLM","Richard Westbrook","12","50.893","35:47.723","Green","Track","0.466","0.830","9.498","10.098","13.304","5.172","8.843","2.682","148.873"
"3","GTLM","Jan Magnussen","12","56.154","35:54.917","Green","Track","0.582","1.080","11.473","11.847","14.041","5.354","9.050","2.727","119.201"
"4","GTLM","Tommy Milner","8","50.914","36:05.657","Green","Track","0.455","0.818","9.512","10.072","13.314","5.188","8.864","2.691","152.473"
"25","GTLM","Dirk Werner","6","52.504","36:10.433","Green","Track","0.458","0.000","0.000","0.000","0.000","0.000","0.000","0.000","151.474"
"100","GTLM","John Edwards","7","51.641","36:22.921","Green","Track","0.456","0.816","9.658","10.229","13.523","5.250","8.981","2.728","152.138"
"67","GTLM","Richard Westbrook","13","50.748","36:38.471","Green","Track","0.456","0.813","9.466","10.056","13.261","5.175","8.837","2.684","152.138"
"4","GTLM","Tommy Milner","9","50.956","36:56.613","Green","Track","0.457","0.818","9.502","10.051","13.402","5.173","8.871","2.682","151.805"
"3","GTLM","Jan Magnussen","13","1:04.667","36:59.584","Green","Pit","0.463","0.827","9.643","10.389","13.633","5.190","12.826","11.696","149.838"
"25","GTLM","Dirk Werner","7","50.834","37:01.267","Green","Track","0.458","0.817","9.459","9.991","13.427","5.164","8.828","2.690","151.474"
"67","GTLM","Richard Westbrook","14","1:11.522","37:49.993","Red","Pit","0.458","0.815","10.155","11.697","16.684","6.179","13.885","11.649","151.474"
"4","GTLM","Tommy Milner","10","1:15.807","38:12.420","Red","Pit","0.456","0.818","9.568","11.959","18.933","7.041","15.427","11.605","152.138"
"912","GTLM","Frederic Makowiecki","9","7:32.559","40:30.706","Finish","Pit","0.459","0.820","9.595","10.214","13.681","5.877","13.257","398.656","151.144"
"911","GTLM","Patrick Pilet","5","9:31.796","40:33.021","Finish","Pit","0.462","0.833","11.102","12.087","17.468","6.867","15.766","507.211","150.162"
"54","PC","Colin Braun","1","51:04.442","51:04.442","Green","Track","0.000","0.000","12.356","11.153","13.871","4.969","8.612","2.651","0.000"
"52","PC","Robert Alon","1","51:07.818","51:07.818","Green","Track","0.000","0.000","14.075","12.005","15.389","5.652","9.279","2.705","0.000"
"38","PC","James French","1","51:16.932","51:16.932","Green","Track","0.000","0.000","13.427","11.680","15.175","5.505","9.271","2.686","0.000"
"20","PC","Matthew McMurry","1","51:23.921","51:23.921","Green","Track","0.000","0.000","17.162","12.000","15.566","5.818","9.317","2.698","0.000"
"85","PC","Misha Goikhberg","1","51:28.135","51:28.135","Green","Pit","0.000","0.000","13.993","11.947","15.529","6.132","14.918","12.783","0.000"
"7","PC","Jose Gutierrez","1","51:29.090","51:29.090","Green","Pit","0.000","0.000","13.957","12.277","15.907","6.074","15.673","11.821","0.000"
"88","PC","Mark Kvamme","1","51:34.551","51:34.551","Green","Track","0.000","0.000","16.475","13.536","16.632","6.395","10.399","2.823","0.000"
"54","PC","Colin Braun","2","49.719","51:54.161","Green","Track","0.452","0.805","9.329","10.012","13.161","4.960","8.420","2.580","153.485"
"52","PC","Robert Alon","2","56.113","52:03.931","Green","Track","0.457","0.832","10.154","10.899","15.604","6.001","9.452","2.714","151.805"
"38","PC","James French","2","50.911","52:07.843","Green","Track","0.455","0.811","9.703","10.313","13.222","5.065","8.709","2.633","152.473"
"20","PC","Matthew McMurry","2","54.980","52:18.901","Green","Track","0.455","0.840","10.879","12.000","13.846","5.470","8.851","2.639","152.473"
"85","PC","Misha Goikhberg","2","1:01.350","52:29.485","Green","Track","0.000","0.000","12.633","10.791","14.056","5.580","9.070","2.662","0.000"
"88","PC","Mark Kvamme","2","55.988","52:30.539","Green","Track","0.471","0.841","10.432","11.262","14.684","6.029","9.531","2.738","147.293"
"7","PC","Jose Gutierrez","2","1:15.723","52:44.813","Green","Track","0.000","0.000","13.163","14.864","22.949","5.614","9.793","2.776","0.000"
"54","PC","Colin Braun","3","53.886","52:48.047","Green","Track","0.440","0.788","13.277","10.236","13.190","4.990","8.391","2.574","157.670"
"52","PC","Robert Alon","3","51.046","52:54.977","Green","Track","0.459","0.817","9.646","10.326","13.407","5.150","8.611","2.630","151.144"
"38","PC","James French","3","50.414","52:58.257","Green","Track","0.446","0.799","9.548","10.202","13.275","5.014","8.538","2.592","155.549"
"20","PC","Matthew McMurry","3","51.057","53:09.958","Green","Track","0.447","0.800","9.651","10.313","13.367","5.201","8.655","2.623","155.201"
"88","PC","Mark Kvamme","3","53.189","53:23.728","Green","Track","0.460","0.820","10.380","10.458","13.708","5.434","9.228","2.701","150.815"
"54","PC","Colin Braun","4","49.139","53:37.186","Green","Track","0.439","0.785","9.319","9.904","12.963","4.869","8.304","2.556","158.030"
"7","PC","Jose Gutierrez","3","54.229","53:39.042","Green","Track","0.466","0.850","10.476","11.596","14.536","5.114","8.585","2.606","148.873"
"52","PC","Robert Alon","4","50.203","53:45.180","Green","Track","0.448","0.799","9.559","10.052","13.186","5.155","8.432","2.572","154.855"
"38","PC","James French","4","50.437","53:48.694","Green","Track","0.442","0.842","9.726","10.189","13.180","4.996","8.489","2.573","156.957"
"85","PC","Misha Goikhberg","3","1:25.049","53:54.534","Green","Track","0.453","0.809","41.524","11.017","14.093","5.488","9.020","2.645","153.146"
"20","PC","Matthew McMurry","4","50.428","54:00.386","Green","Track","0.446","0.796","9.438","10.276","13.147","5.140","8.596","2.589","155.549"
"8","PC","Alex Popow","1","54:16.303","54:16.303","Green","Track","0.000","0.000","13.117","12.452","18.777","5.828","9.074","2.650","0.000"
"88","PC","Mark Kvamme","4","53.552","54:17.280","Green","Track","0.455","0.813","10.308","10.564","13.604","5.682","9.437","2.689","152.473"
"54","PC","Colin Braun","5","48.888","54:26.074","Green","Track","0.438","0.783","9.197","9.844","12.973","4.846","8.258","2.549","158.390"
"7","PC","Jose Gutierrez","4","50.268","54:29.310","Green","Track","0.444","0.794","9.492","10.066","13.309","5.053","8.515","2.595","156.250"
"52","PC","Robert Alon","5","49.627","54:34.807","Green","Track","0.439","0.787","9.247","9.926","13.135","5.116","8.410","2.567","158.030"
"38","PC","James French","5","49.518","54:38.212","Green","Track","0.439","0.785","9.324","10.007","13.025","4.949","8.422","2.567","158.030"
"85","PC","Misha Goikhberg","4","51.242","54:45.776","Green","Track","0.449","0.813","10.139","10.197","13.408","5.156","8.504","2.576","154.510"
"20","PC","Matthew McMurry","5","50.101","54:50.487","Green","Track","0.442","0.788","9.387","10.133","13.053","5.105","8.604","2.589","156.957"
"8","PC","Alex Popow","2","53.220","55:09.523","Green","Track","0.450","0.818","10.237","10.577","14.328","5.352","8.833","2.625","154.167"
"88","PC","Mark Kvamme","5","53.336","55:10.616","Green","Track","0.452","0.807","10.154","10.676","13.875","5.493","9.199","2.680","153.485"
"54","PC","Colin Braun","6","49.238","55:15.312","Green","Track","0.436","0.780","9.209","9.856","12.921","4.876","8.603","2.557","159.117"
"7","PC","Jose Gutierrez","5","49.599","55:18.909","Green","Track","0.442","0.790","9.202","9.903","13.036","5.108","8.523","2.595","156.957"
"52","PC","Robert Alon","6","49.760","55:24.567","Green","Track","0.438","0.785","9.316","9.929","13.137","5.098","8.477","2.580","158.390"
"38","PC","James French","6","49.015","55:27.227","Green","Track","0.439","0.784","9.181","9.877","12.881","4.928","8.361","2.564","158.030"
"85","PC","Misha Goikhberg","5","50.223","55:35.999","Green","Track","0.440","0.787","9.554","10.121","13.188","5.123","8.431","2.579","157.670"
"20","PC","Matthew McMurry","6","49.758","55:40.245","Green","Track","0.441","0.789","9.308","9.961","13.035","5.090","8.542","2.592","157.313"
"8","PC","Alex Popow","3","51.120","56:00.643","Green","Track","0.449","0.806","9.810","10.296","13.496","5.138","8.530","2.595","154.510"
"88","PC","Mark Kvamme","6","52.417","56:03.033","Green","Track","0.451","0.806","9.943","10.515","13.489","5.306","9.203","2.704","153.825"
"54","PC","Colin Braun","7","48.824","56:04.136","Green","Track","0.436","0.780","9.144","9.730","12.902","4.909","8.349","2.574","159.117"
"7","PC","Jose Gutierrez","6","49.033","56:07.942","Green","Track","0.441","0.789","9.141","9.721","13.002","4.993","8.367","2.579","157.313"
"52","PC","Robert Alon","7","49.300","56:13.867","Green","Track","0.440","0.785","9.268","9.815","13.076","5.030","8.322","2.564","157.670"
"38","PC","James French","7","48.984","56:16.211","Green","Track","0.436","0.782","9.205","9.871","12.881","4.911","8.337","2.561","159.117"
"85","PC","Misha Goikhberg","6","50.353","56:26.352","Green","Track","0.441","0.788","9.521","10.198","13.290","5.147","8.392","2.576","157.313"
"20","PC","Matthew McMurry","7","49.958","56:30.203","Green","Track","0.441","0.791","9.297","10.076","13.134","5.110","8.515","2.594","157.313"
"8","PC","Alex Popow","4","50.230","56:50.873","Green","Track","0.442","0.792","9.398","10.251","13.244","5.042","8.469","2.592","156.957"
"88","PC","Mark Kvamme","7","53.392","56:56.425","Green","Track","0.456","0.811","9.805","10.534","14.400","5.393","9.279","2.714","152.138"
"7","PC","Jose Gutierrez","7","49.524","56:57.466","Green","Track","0.441","0.786","9.193","9.957","13.164","5.035","8.371","2.577","157.313"
"54","PC","Colin Braun","8","57.783","57:01.919","Green","Track","0.439","0.785","11.531","10.777","18.385","4.948","8.347","2.571","158.030"
"52","PC","Robert Alon","8","51.438","57:05.305","Green","Track","0.438","0.785","9.224","9.958","14.632","5.374","8.445","2.582","158.390"
"38","PC","James French","8","52.005","57:08.216","Green","Track","0.438","0.783","9.171","9.879","12.978","6.104","10.002","2.650","158.390"
"85","PC","Misha Goikhberg","7","50.009","57:16.361","Green","Track","0.440","0.787","9.464","10.005","13.148","5.098","8.460","2.607","157.670"
"20","PC","Matthew McMurry","8","49.730","57:19.933","Green","Track","0.442","0.790","9.274","10.011","13.082","5.053","8.484","2.594","156.957"
"8","PC","Alex Popow","5","49.751","57:40.624","Green","Track","0.442","0.789","9.299","10.219","13.073","5.048","8.319","2.562","156.957"
"88","PC","Mark Kvamme","8","53.723","57:50.148","Green","Track","0.456","0.814","10.115","10.599","14.175","5.537","9.313","2.714","152.138"
"54","PC","Colin Braun","9","49.649","57:51.568","Green","Track","0.438","0.784","9.245","9.762","13.496","4.972","8.385","2.567","158.390"
"52","PC","Robert Alon","9","49.069","57:54.374","Green","Track","0.439","0.787","9.172","9.903","12.981","4.987","8.240","2.560","158.030"
"7","PC","Jose Gutierrez","8","57.235","57:54.701","Green","Track","0.439","0.785","9.392","10.553","15.761","5.815","11.240","3.250","158.030"
"38","PC","James French","9","55.256","58:03.472","Green","Track","0.483","0.922","10.488","11.964","15.389","5.014","8.414","2.582","143.634"
"85","PC","Misha Goikhberg","8","50.304","58:06.665","Green","Track","0.443","0.794","9.451","10.099","13.286","5.148","8.479","2.604","156.603"
"20","PC","Matthew McMurry","9","49.738","58:09.671","Green","Track","0.442","0.789","9.215","9.944","13.189","5.089","8.466","2.604","156.957"
"8","PC","Alex Popow","6","49.948","58:30.572","Green","Track","0.438","0.783","9.291","10.174","13.269","4.953","8.456","2.584","158.390"
"88","PC","Mark Kvamme","9","51.843","58:41.991","Green","Track","0.457","0.813","9.723","10.464","13.385","5.237","9.106","2.658","151.805"
"54","PC","Colin Braun","10","50.489","58:42.057","Green","Track","0.439","0.783","9.306","9.881","13.411","5.078","8.966","2.625","158.030"
"52","PC","Robert Alon","10","49.109","58:43.483","Green","Track","0.437","0.781","9.302","9.897","12.938","4.947","8.268","2.539","158.753"
"7","PC","Jose Gutierrez","9","57.361","58:52.062","Green","Track","0.550","0.995","11.274","12.679","15.749","5.091","8.440","2.583","126.136"
"38","PC","James French","10","52.232","58:55.704","Green","Track","0.440","0.787","9.475","9.915","14.608","5.845","8.577","2.585","157.670"
"85","PC","Misha Goikhberg","9","49.972","58:56.637","Green","Track","0.443","0.793","9.401","9.959","13.100","5.180","8.506","2.590","156.603"
"20","PC","Matthew McMurry","10","49.747","58:59.418","Green","Track","0.443","0.792","9.264","10.098","12.966","5.085","8.504","2.595","156.603"
"8","PC","Alex Popow","7","49.744","59:20.316","Green","Track","0.441","0.789","9.319","10.077","13.138","5.041","8.377","2.562","157.313"
"54","PC","Colin Braun","11","49.297","59:31.354","Green","Track","0.445","0.796","9.526","9.796","13.071","4.861","8.258","2.544","155.899"
"88","PC","Mark Kvamme","10","52.467","59:34.458","Green","Track","0.449","0.813","10.088","10.506","13.542","5.347","9.057","2.665","154.510"
"52","PC","Robert Alon","11","53.292","59:36.775","Green","Track","0.432","0.776","9.310","10.224","13.558","7.608","8.803","2.581","160.590"
"7","PC","Jose Gutierrez","10","49.119","59:41.181","Green","Track","0.441","0.788","9.221","9.808","12.888","4.960","8.417","2.596","157.313"
"38","PC","James French","11","49.085","59:44.789","Green","Track","0.437","0.000","0.000","0.000","0.000","0.000","0.000","0.000","158.753"
"85","PC","Misha Goikhberg","10","50.083","59:46.720","Green","Track","0.441","0.790","9.346","10.133","13.109","5.105","8.553","2.606","157.313"
"20","PC","Matthew McMurry","11","53.117","59:52.535","Green","Track","0.442","0.790","9.289","10.075","15.559","5.622","8.725","2.615","156.957"
"8","PC","Alex Popow","8","49.381","1:00:09.697","Green","Track","0.438","0.782","9.276","10.148","12.951","4.965","8.276","2.545","158.390"
"54","PC","Colin Braun","12","49.462","1:00:20.816","Green","Track","0.434","0.779","9.268","9.838","13.392","4.911","8.287","2.553","159.850"
"52","PC","Robert Alon","12","49.305","1:00:26.080","Green","Track","0.439","0.787","9.295","9.829","12.939","4.995","8.457","2.564","158.030"
"88","PC","Mark Kvamme","11","51.629","1:00:26.087","Green","Track","0.450","0.803","9.703","10.361","13.356","5.242","9.038","2.676","154.167"
"7","PC","Jose Gutierrez","11","48.978","1:00:30.159","Green","Track","0.442","0.790","9.104","9.719","12.925","5.055","8.378","2.565","156.957"
"85","PC","Misha Goikhberg","11","49.744","1:00:36.464","Green","Track","0.443","0.793","9.351","10.025","13.182","5.029","8.340","2.581","156.603"
"38","PC","James French","12","56.497","1:00:41.286","Green","Track","0.437","0.782","9.221","9.836","18.857","6.261","8.526","2.577","158.753"
"20","PC","Matthew McMurry","12","50.252","1:00:42.787","Green","Track","0.444","0.794","9.433","10.185","13.190","5.026","8.574","2.606","156.250"
"8","PC","Alex Popow","9","49.434","1:00:59.131","Green","Track","0.435","0.779","9.290","10.105","12.991","4.977","8.298","2.559","159.483"
"54","PC","Colin Braun","13","48.996","1:01:09.812","Green","Track","0.436","0.781","9.213","9.816","13.000","4.897","8.295","2.558","159.117"
"52","PC","Robert Alon","13","49.121","1:01:15.201","Green","Track","0.438","0.783","9.243","9.769","13.002","5.026","8.303","2.557","158.390"
"88","PC","Mark Kvamme","12","52.409","1:01:18.496","Green","Track","0.452","0.810","9.842","10.422","13.731","5.422","9.062","2.668","153.485"
"7","PC","Jose Gutierrez","12","50.386","1:01:20.545","Green","Track","0.437","0.782","9.117","9.849","13.877","5.337","8.423","2.564","158.753"
"85","PC","Misha Goikhberg","12","49.952","1:01:26.416","Green","Track","0.442","0.790","9.429","10.029","13.121","5.071","8.469","2.601","156.957"
"38","PC","James French","13","49.114","1:01:30.400","Green","Track","0.441","0.788","9.245","9.880","12.950","4.901","8.334","2.575","157.313"
"20","PC","Matthew McMurry","13","49.872","1:01:32.659","Green","Track","0.444","0.794","9.389","10.012","13.092","5.043","8.512","2.586","156.250"
"8","PC","Alex Popow","10","49.602","1:01:48.733","Green","Track","0.438","0.784","9.356","10.069","13.037","5.025","8.330","2.563","158.390"
"54","PC","Colin Braun","14","48.856","1:01:58.668","Green","Track","0.438","0.783","9.210","9.798","12.815","4.853","8.392","2.567","158.390"
"52","PC","Robert Alon","14","49.132","1:02:04.333","Green","Track","0.437","0.784","9.172","9.916","12.942","5.020","8.304","2.557","158.753"
"88","PC","Mark Kvamme","13","52.477","1:02:10.973","Green","Track","0.452","0.809","10.228","10.601","13.506","5.255","8.978","2.648","153.485"
"85","PC","Misha Goikhberg","13","49.659","1:02:16.075","Green","Track","0.444","0.793","9.395","10.033","13.020","5.042","8.356","2.576","156.250"
"38","PC","James French","14","48.930","1:02:19.330","Green","Track","0.440","0.786","9.251","9.868","12.887","4.842","8.299","2.557","157.670"
"20","PC","Matthew McMurry","14","49.466","1:02:22.125","Green","Track","0.441","0.789","9.231","9.983","12.953","5.019","8.471","2.579","157.313"
"8","PC","Alex Popow","11","49.222","1:02:37.955","Green","Track","0.438","0.783","9.267","9.975","12.895","4.947","8.354","2.563","158.390"
"54","PC","Colin Braun","15","49.933","1:02:48.601","Green","Track","0.438","0.784","9.294","9.704","13.859","4.953","8.334","2.567","158.390"
"52","PC","Robert Alon","15","50.446","1:02:54.779","Green","Track","0.438","0.000","0.000","0.000","0.000","0.000","0.000","0.000","158.390"
"88","PC","Mark Kvamme","14","53.418","1:03:04.391","Green","Track","0.449","0.800","9.807","10.913","14.082","5.402","9.248","2.717","154.510"
"85","PC","Misha Goikhberg","14","49.713","1:03:05.788","Green","Track","0.440","0.786","9.427","10.013","13.072","5.023","8.368","2.584","157.670"
"38","PC","James French","15","49.149","1:03:08.479","Green","Track","0.437","0.781","9.286","9.838","12.850","4.949","8.438","2.570","158.753"
"20","PC","Matthew McMurry","15","49.807","1:03:11.932","Green","Track","0.440","0.785","9.206","10.103","13.066","5.039","8.579","2.589","157.670"
"8","PC","Alex Popow","12","49.698","1:03:27.653","Green","Track","0.437","0.782","9.169","10.007","13.226","4.990","8.515","2.572","158.753"
"54","PC","Colin Braun","16","48.978","1:03:37.579","Green","Track","0.438","0.783","9.242","9.866","12.915","4.871","8.308","2.555","158.390"
"52","PC","Robert Alon","16","48.840","1:03:43.619","Green","Track","0.438","0.784","9.128","9.827","12.939","4.936","8.239","2.549","158.390"
"85","PC","Misha Goikhberg","15","51.277","1:03:57.065","Green","Track","0.440","0.786","9.462","10.691","13.621","5.202","8.467","2.608","157.670"
"20","PC","Matthew McMurry","16","49.909","1:04:01.841","Green","Track","0.441","0.786","9.151","9.916","13.183","5.129","8.669","2.634","157.313"
"88","PC","Mark Kvamme","15","57.778","1:04:02.169","Green","Track","0.456","0.815","10.357","10.848","16.463","5.853","9.948","3.038","152.138"
"38","PC","James French","16","1:02.982","1:04:11.461","Green","Track","0.437","0.783","9.311","10.571","16.757","12.849","9.628","2.646","158.753"
"8","PC","Alex Popow","13","49.614","1:04:17.267","Green","Track","0.439","0.783","9.262","10.059","13.024","4.963","8.505","2.579","158.030"
"54","PC","Colin Braun","17","49.091","1:04:26.670","Green","Track","0.436","0.780","9.174","9.876","13.017","4.884","8.354","2.570","159.117"
"52","PC","Robert Alon","17","50.732","1:04:34.351","Green","Track","0.435","0.778","9.191","9.916","14.236","5.275","8.331","2.570","159.483"
"85","PC","Misha Goikhberg","16","50.582","1:04:47.647","Green","Track","0.444","0.792","9.541","10.102","13.593","5.229","8.311","2.570","156.250"
"20","PC","Matthew McMurry","17","49.266","1:04:51.107","Green","Track","0.447","0.798","9.224","9.854","12.837","5.018","8.495","2.593","155.201"
"38","PC","James French","17","49.558","1:05:01.019","Finish","Track","0.448","0.802","9.494","9.923","13.057","4.938","8.330","2.566","154.855"
"54","PC","Colin Braun","18","49.050","1:05:15.720","Finish","Track","0.439","0.786","9.272","9.860","12.885","4.890","8.359","2.559","158.030"
"52","PC","Robert Alon","18","50.845","1:05:25.196","Finish","Track","0.439","0.786","9.270","10.177","14.076","5.221","8.312","2.564","158.030"
"85","PC","Misha Goikhberg","17","49.960","1:05:37.607","Finish","Track","0.439","0.785","9.547","10.153","13.023","5.082","8.353","2.578","158.030"
"20","PC","Matthew McMurry","18","49.510","1:05:40.617","Finish","Track","0.441","0.789","9.171","9.998","12.959","5.042","8.510","2.600","157.313"
"38","PC","James French","18","49.060","1:05:50.079","Finish","Track","0.439","0.784","9.344","9.888","12.876","4.888","8.277","2.564","158.030"
